entry_time,exit_time,zone_kind,zone_timeframe,zone_score,zone_score_at_entry,entry_price,exit_price,direction,stop_price,target_price,pnl_ticks,pnl_dollars,exit_reason,bars_held,mae_ticks,mfe_ticks
2025-01-02 15:15:00+00:00,2025-01-02 15:15:00+00:00,RBR,5,6,6,21370.0,21372.5,long,21368.5,21372.5,8.0,36.0,target,1,53.0,253.0
2025-01-02 16:50:00+00:00,2025-01-02 16:50:00+00:00,RBR,5,7,7,21292.0,21294.5,long,21290.5,21294.5,8.0,36.0,target,1,12.0,262.0
2025-01-02 17:00:00+00:00,2025-01-02 17:00:00+00:00,RBR,5,7,7,21292.0,21294.5,long,21290.5,21294.5,8.0,36.0,target,1,5.0,180.0
2025-01-02 17:05:00+00:00,2025-01-02 17:05:00+00:00,RBR,5,7,6,21292.0,21294.5,long,21290.5,21294.5,8.0,36.0,target,1,48.0,176.0
2025-01-02 17:25:00+00:00,2025-01-02 17:25:00+00:00,RBR,15,5,4,21186.25,21188.75,long,21184.75,21188.75,8.0,36.0,target,1,171.0,237.0
2025-01-02 17:55:00+00:00,2025-01-02 17:55:00+00:00,DBD,5,6,7,21076.75,21074.25,short,21078.25,21074.25,8.0,36.0,target,1,64.0,143.0
2025-01-02 18:00:00+00:00,2025-01-02 18:00:00+00:00,DBD,5,6,6,21076.75,21074.25,short,21078.25,21074.25,8.0,36.0,target,1,5.0,326.0
2025-01-03 15:20:00+00:00,2025-01-03 15:20:00+00:00,RBR,5,5,5,21277.75,21280.25,long,21276.25,21280.25,8.0,36.0,target,1,65.0,213.0
2025-01-03 16:55:00+00:00,2025-01-03 16:55:00+00:00,RBR,5,5,5,21466.0,21468.5,long,21464.5,21468.5,8.0,36.0,target,1,26.0,95.0
2025-01-03 19:00:00+00:00,2025-01-03 19:00:00+00:00,DBD,5,7,7,21525.75,21523.25,short,21527.25,21523.25,8.0,36.0,target,1,1.0,116.0
2025-01-03 19:05:00+00:00,2025-01-03 19:05:00+00:00,DBD,5,7,7,21525.75,21523.25,short,21527.25,21523.25,8.0,36.0,target,1,34.0,34.0
2025-01-03 19:50:00+00:00,2025-01-03 19:50:00+00:00,RBR,5,5,6,21533.25,21535.75,long,21531.75,21535.75,8.0,36.0,target,1,18.0,52.0
2025-01-03 19:55:00+00:00,2025-01-03 19:55:00+00:00,RBR,5,5,5,21533.25,21535.75,long,21531.75,21535.75,8.0,36.0,target,1,12.0,27.0
2025-01-06 17:40:00+00:00,2025-01-06 17:40:00+00:00,RBR,15,3,4,21786.0,21788.5,long,21784.5,21788.5,8.0,36.0,target,1,41.0,103.0
2025-01-06 20:45:00+00:00,2025-01-06 20:45:00+00:00,RBR,5,4,4,21684.0,21686.5,long,21682.5,21686.5,8.0,36.0,target,1,22.0,157.0
2025-01-06 20:50:00+00:00,2025-01-06 20:50:00+00:00,DBD,5,7,7,21733.5,21731.0,short,21735.0,21731.0,8.0,36.0,target,1,42.0,245.0
2025-01-07 14:35:00+00:00,2025-01-07 14:35:00+00:00,RBR,5,5,5,21717.5,21720.0,long,21716.0,21720.0,8.0,36.0,target,1,89.0,141.0
2025-01-07 17:55:00+00:00,2025-01-07 17:55:00+00:00,DBD,5,4,4,21439.5,21437.0,short,21441.0,21437.0,8.0,36.0,target,1,38.0,115.0
2025-01-07 20:40:00+00:00,2025-01-07 20:40:00+00:00,DBD,5,4,4,21352.5,21350.0,short,21354.0,21350.0,8.0,36.0,target,1,18.0,135.0
2025-01-07 20:50:00+00:00,2025-01-07 20:50:00+00:00,DBD,5,4,5,21352.5,21350.0,short,21354.0,21350.0,8.0,36.0,target,1,52.0,96.0
2025-01-08 17:05:00+00:00,2025-01-08 17:05:00+00:00,RBR,5,4,5,21319.0,21321.5,long,21317.5,21321.5,8.0,36.0,target,1,38.0,124.0
2025-01-08 17:10:00+00:00,2025-01-08 17:10:00+00:00,RBR,5,4,4,21319.0,21321.5,long,21317.5,21321.5,8.0,36.0,target,1,142.0,44.0
2025-01-08 18:00:00+00:00,2025-01-08 18:00:00+00:00,DBD,5,6,7,21303.5,21301.0,short,21305.0,21301.0,8.0,36.0,target,1,110.0,155.0
2025-01-08 18:15:00+00:00,2025-01-08 18:15:00+00:00,DBD,5,3,4,21350.0,21347.5,short,21351.5,21347.5,8.0,36.0,target,1,47.0,66.0
2025-01-08 18:25:00+00:00,2025-01-08 18:25:00+00:00,DBD,5,4,4,21392.25,21389.75,short,21393.75,21389.75,8.0,36.0,target,1,63.0,119.0
2025-01-08 18:50:00+00:00,2025-01-08 18:50:00+00:00,RBR,5,5,5,21337.75,21340.25,long,21336.25,21340.25,8.0,36.0,target,1,223.0,57.0
2025-01-08 19:30:00+00:00,2025-01-08 19:30:00+00:00,RBR,5,5,5,21364.0,21366.5,long,21362.5,21366.5,8.0,36.0,target,1,47.0,215.0
2025-01-08 20:20:00+00:00,2025-01-08 20:20:00+00:00,DBD,15,7,7,21356.0,21353.5,short,21357.5,21353.5,8.0,36.0,target,1,2.0,85.0
2025-01-08 20:25:00+00:00,2025-01-08 20:25:00+00:00,DBD,15,7,6,21356.0,21353.5,short,21357.5,21353.5,8.0,36.0,target,1,10.0,73.0
2025-01-10 15:35:00+00:00,2025-01-10 15:35:00+00:00,DBD,5,5,6,21069.5,21067.0,short,21071.0,21067.0,8.0,36.0,target,1,63.0,189.0
2025-01-10 15:45:00+00:00,2025-01-10 15:45:00+00:00,DBD,5,5,5,21123.5,21121.0,short,21125.0,21121.0,8.0,36.0,target,1,0.0,314.0
2025-01-10 15:50:00+00:00,2025-01-10 15:50:00+00:00,RBR,5,4,4,21042.0,21044.5,long,21040.5,21044.5,8.0,36.0,target,1,127.0,255.0
2025-01-10 15:55:00+00:00,2025-01-10 15:55:00+00:00,RBR,5,4,5,21005.5,21008.0,long,21004.0,21008.0,8.0,36.0,target,1,89.0,173.0
2025-01-10 16:20:00+00:00,2025-01-10 16:20:00+00:00,DBD,5,5,6,20969.25,20966.75,short,20970.75,20966.75,8.0,36.0,target,1,22.0,172.0
2025-01-10 16:25:00+00:00,2025-01-10 16:25:00+00:00,DBD,5,5,5,20969.25,20966.75,short,20970.75,20966.75,8.0,36.0,target,1,20.0,176.0
2025-01-10 16:40:00+00:00,2025-01-10 16:40:00+00:00,DBD,5,6,6,20956.25,20953.75,short,20957.75,20953.75,8.0,36.0,target,1,59.0,220.0
2025-01-10 18:45:00+00:00,2025-01-10 18:45:00+00:00,DBD,15,4,4,21137.75,21135.25,short,21139.25,21135.25,8.0,36.0,target,1,29.0,135.0
2025-01-10 19:05:00+00:00,2025-01-10 19:05:00+00:00,RBR,15,5,5,21087.25,21089.75,long,21085.75,21089.75,8.0,36.0,target,1,107.0,149.0
2025-01-10 19:50:00+00:00,2025-01-10 19:50:00+00:00,RBR,5,6,6,21043.75,21046.25,long,21042.25,21046.25,8.0,36.0,target,1,5.0,167.0
2025-01-13 14:50:00+00:00,2025-01-13 14:50:00+00:00,DBD,5,7,7,20785.5,20783.0,short,20787.0,20783.0,8.0,36.0,target,1,163.0,159.0
2025-01-13 15:35:00+00:00,2025-01-13 15:35:00+00:00,DBD,5,5,6,20797.25,20794.75,short,20798.75,20794.75,8.0,36.0,target,1,150.0,166.0
2025-01-13 16:55:00+00:00,2025-01-13 16:55:00+00:00,RBR,5,4,5,20759.25,20761.75,long,20757.75,20761.75,8.0,36.0,target,1,129.0,58.0
2025-01-13 19:40:00+00:00,2025-01-13 19:40:00+00:00,DBD,15,4,4,20913.75,20911.25,short,20915.25,20911.25,8.0,36.0,target,1,51.0,56.0
2025-01-13 19:45:00+00:00,2025-01-13 19:45:00+00:00,RBR,5,5,5,20879.25,20881.75,long,20877.75,20881.75,8.0,36.0,target,1,33.0,160.0
2025-01-13 20:20:00+00:00,2025-01-13 20:20:00+00:00,RBR,5,7,7,20886.75,20889.25,long,20885.25,20889.25,8.0,36.0,target,1,37.0,149.0
2025-01-14 14:50:00+00:00,2025-01-14 14:50:00+00:00,RBR,5,4,5,21018.25,21020.75,long,21016.75,21020.75,8.0,36.0,target,1,111.0,243.0
2025-01-14 16:00:00+00:00,2025-01-14 16:00:00+00:00,RBR,5,5,5,20932.25,20934.75,long,20930.75,20934.75,8.0,36.0,target,1,226.0,44.0
2025-01-14 17:40:00+00:00,2025-01-14 17:40:00+00:00,DBD,5,6,6,20865.5,20863.0,short,20867.0,20863.0,8.0,36.0,target,1,41.0,156.0
2025-01-14 18:40:00+00:00,2025-01-14 18:40:00+00:00,DBD,15,5,6,20956.25,20953.75,short,20957.75,20953.75,8.0,36.0,target,1,113.0,24.0
2025-01-14 19:50:00+00:00,2025-01-14 19:50:00+00:00,RBR,5,7,7,20926.75,20929.25,long,20925.25,20929.25,8.0,36.0,target,1,49.0,182.0
2025-01-15 15:35:00+00:00,2025-01-15 15:35:00+00:00,RBR,5,6,7,21359.75,21362.25,long,21358.25,21362.25,8.0,36.0,target,1,47.0,150.0
2025-01-15 15:45:00+00:00,2025-01-15 15:45:00+00:00,RBR,5,6,6,21359.75,21362.25,long,21358.25,21362.25,8.0,36.0,target,1,79.0,69.0
2025-01-15 18:15:00+00:00,2025-01-15 18:15:00+00:00,DBD,5,4,5,21365.0,21362.5,short,21366.5,21362.5,8.0,36.0,target,1,38.0,45.0
2025-01-15 19:40:00+00:00,2025-01-15 19:40:00+00:00,RBR,5,7,7,21414.25,21416.75,long,21412.75,21416.75,8.0,36.0,target,1,21.0,85.0
2025-01-15 20:35:00+00:00,2025-01-15 20:35:00+00:00,RBR,5,5,5,21431.0,21433.5,long,21429.5,21433.5,8.0,36.0,target,1,52.0,53.0
2025-01-16 16:40:00+00:00,2025-01-16 16:40:00+00:00,RBR,15,7,7,21349.5,21352.0,long,21348.0,21352.0,8.0,36.0,target,1,128.0,86.0
2025-01-16 17:25:00+00:00,2025-01-16 17:25:00+00:00,DBD,5,5,5,21408.75,21406.25,short,21410.25,21406.25,8.0,36.0,target,1,69.0,29.0
2025-01-16 17:35:00+00:00,2025-01-16 17:35:00+00:00,RBR,15,7,7,21389.75,21392.25,long,21388.25,21392.25,8.0,36.0,target,1,18.0,100.0
2025-01-16 17:40:00+00:00,2025-01-16 17:40:00+00:00,RBR,15,7,7,21389.75,21392.25,long,21388.25,21392.25,8.0,36.0,target,1,24.0,39.0
2025-01-16 17:45:00+00:00,2025-01-16 17:45:00+00:00,RBR,15,7,6,21389.75,21392.25,long,21388.25,21392.25,8.0,36.0,target,1,31.0,45.0
2025-01-16 20:15:00+00:00,2025-01-16 20:15:00+00:00,RBR,5,5,5,21368.75,21371.25,long,21367.25,21371.25,8.0,36.0,target,1,120.0,34.0
2025-01-16 20:20:00+00:00,2025-01-16 20:20:00+00:00,RBR,15,6,7,21330.25,21332.75,long,21328.75,21332.75,8.0,36.0,target,1,53.0,57.0
2025-01-17 16:55:00+00:00,2025-01-17 16:55:00+00:00,RBR,5,6,6,21579.0,21581.5,long,21577.5,21581.5,8.0,36.0,target,1,17.0,60.0
2025-01-17 17:00:00+00:00,2025-01-17 17:00:00+00:00,RBR,15,6,6,21570.5,21573.0,long,21569.0,21573.0,8.0,36.0,target,1,43.0,63.0
2025-01-17 18:40:00+00:00,2025-01-17 18:40:00+00:00,RBR,5,3,4,21628.5,21631.0,long,21627.0,21631.0,8.0,36.0,target,1,2.0,106.0
2025-01-17 20:45:00+00:00,2025-01-17 20:45:00+00:00,DBD,5,4,4,21628.75,21626.25,short,21630.25,21626.25,8.0,36.0,target,1,10.0,46.0
2025-01-20 15:00:00+00:00,2025-01-20 15:00:00+00:00,RBR,5,5,6,21725.5,21728.0,long,21724.0,21728.0,8.0,36.0,target,1,44.0,66.0
2025-01-20 16:00:00+00:00,2025-01-20 16:00:00+00:00,DBD,5,4,5,21699.75,21697.25,short,21701.25,21697.25,8.0,36.0,target,1,31.0,71.0
2025-01-20 16:55:00+00:00,2025-01-20 16:55:00+00:00,RBR,5,4,5,21696.75,21699.25,long,21695.25,21699.25,8.0,36.0,target,1,39.0,90.0
2025-01-20 17:00:00+00:00,2025-01-20 17:00:00+00:00,RBR,5,4,4,21696.75,21699.25,long,21695.25,21699.25,8.0,36.0,target,1,24.0,81.0
2025-01-20 17:20:00+00:00,2025-01-20 17:20:00+00:00,RBR,5,7,7,21674.75,21677.25,long,21673.25,21677.25,8.0,36.0,target,1,36.0,144.0
2025-01-20 17:35:00+00:00,2025-01-20 17:35:00+00:00,DBD,5,4,5,21703.25,21700.75,short,21704.75,21700.75,8.0,36.0,target,1,10.0,133.0
2025-01-20 17:40:00+00:00,2025-01-20 17:40:00+00:00,DBD,5,4,4,21703.25,21700.75,short,21704.75,21700.75,8.0,36.0,target,1,11.0,147.0
2025-01-21 14:45:00+00:00,2025-01-21 14:45:00+00:00,RBR,15,8,8,21674.25,21672.75,long,21672.75,21676.75,-8.0,-44.0,stop,1,239.0,9.0
2025-01-21 15:50:00+00:00,2025-01-21 15:50:00+00:00,RBR,5,4,4,21592.25,21594.75,long,21590.75,21594.75,8.0,36.0,target,1,26.0,142.0
2025-01-21 16:50:00+00:00,2025-01-21 16:50:00+00:00,DBD,5,4,5,21646.25,21643.75,short,21647.75,21643.75,8.0,36.0,target,1,106.0,50.0
2025-01-21 16:55:00+00:00,2025-01-21 16:55:00+00:00,DBD,15,5,5,21676.5,21674.0,short,21678.0,21674.0,8.0,36.0,target,1,22.0,75.0
2025-01-21 17:00:00+00:00,2025-01-21 17:00:00+00:00,DBD,15,5,4,21676.5,21674.0,short,21678.0,21674.0,8.0,36.0,target,1,0.0,81.0
2025-01-21 20:35:00+00:00,2025-01-21 20:35:00+00:00,RBR,5,6,6,21716.5,21719.0,long,21715.0,21719.0,8.0,36.0,target,1,0.0,84.0
2025-01-21 20:40:00+00:00,2025-01-21 20:40:00+00:00,RBR,5,6,7,21716.5,21719.0,long,21715.0,21719.0,8.0,36.0,target,1,2.0,92.0
2025-01-21 20:45:00+00:00,2025-01-21 20:45:00+00:00,RBR,15,7,7,21714.75,21717.25,long,21713.25,21717.25,8.0,36.0,target,1,32.0,25.0
2025-01-22 15:55:00+00:00,2025-01-22 15:55:00+00:00,RBR,15,4,4,21998.5,22001.0,long,21997.0,22001.0,8.0,36.0,target,1,22.0,81.0
2025-01-22 17:10:00+00:00,2025-01-22 17:10:00+00:00,RBR,5,5,5,22064.5,22067.0,long,22063.0,22067.0,8.0,36.0,target,1,10.0,116.0
2025-01-22 18:10:00+00:00,2025-01-22 18:10:00+00:00,RBR,5,6,6,22045.75,22048.25,long,22044.25,22048.25,8.0,36.0,target,1,43.0,59.0
2025-01-22 18:55:00+00:00,2025-01-22 18:55:00+00:00,RBR,5,5,5,22023.75,22026.25,long,22022.25,22026.25,8.0,36.0,target,1,7.0,87.0
2025-01-22 19:00:00+00:00,2025-01-22 19:00:00+00:00,RBR,5,5,6,22023.75,22026.25,long,22022.25,22026.25,8.0,36.0,target,1,17.0,36.0
2025-01-22 19:05:00+00:00,2025-01-22 19:05:00+00:00,RBR,5,5,5,22023.75,22026.25,long,22022.25,22026.25,8.0,36.0,target,1,21.0,44.0
2025-01-22 20:35:00+00:00,2025-01-22 20:35:00+00:00,RBR,5,5,6,22006.5,22009.0,long,22005.0,22009.0,8.0,36.0,target,1,13.0,86.0
2025-01-23 17:30:00+00:00,2025-01-23 17:30:00+00:00,RBR,15,4,5,21911.75,21914.25,long,21910.25,21914.25,8.0,36.0,target,1,26.0,66.0
2025-01-23 17:50:00+00:00,2025-01-23 17:50:00+00:00,DBD,5,3,4,21937.5,21935.0,short,21939.0,21935.0,8.0,36.0,target,1,9.0,56.0
2025-01-23 18:15:00+00:00,2025-01-23 18:15:00+00:00,DBD,5,5,6,21959.25,21956.75,short,21960.75,21956.75,8.0,36.0,target,1,24.0,25.0
2025-01-24 15:00:00+00:00,2025-01-24 15:00:00+00:00,RBR,5,7,7,22018.25,22020.75,long,22016.75,22020.75,8.0,36.0,target,1,4.0,208.0
2025-01-24 15:05:00+00:00,2025-01-24 15:05:00+00:00,RBR,5,7,7,22018.25,22020.75,long,22016.75,22020.75,8.0,36.0,target,1,9.0,74.0
2025-01-24 15:10:00+00:00,2025-01-24 15:10:00+00:00,RBR,5,7,6,22018.25,22020.75,long,22016.75,22020.75,8.0,36.0,target,1,29.0,79.0
2025-01-24 15:15:00+00:00,2025-01-24 15:15:00+00:00,RBR,15,5,5,21999.75,22002.25,long,21998.25,22002.25,8.0,36.0,target,1,6.0,79.0
2025-01-24 15:20:00+00:00,2025-01-24 15:20:00+00:00,RBR,15,5,4,21999.75,22002.25,long,21998.25,22002.25,8.0,36.0,target,1,43.0,65.0
2025-01-24 16:10:00+00:00,2025-01-24 16:10:00+00:00,DBD,5,4,4,22003.0,22000.5,short,22004.5,22000.5,8.0,36.0,target,1,20.0,42.0
2025-01-24 16:55:00+00:00,2025-01-24 16:55:00+00:00,RBR,5,5,5,22008.5,22011.0,long,22007.0,22011.0,8.0,36.0,target,1,131.0,57.0
2025-01-24 19:50:00+00:00,2025-01-24 19:50:00+00:00,DBD,5,5,5,21890.25,21887.75,short,21891.75,21887.75,8.0,36.0,target,1,26.0,45.0
2025-01-24 20:00:00+00:00,2025-01-24 20:00:00+00:00,RBR,5,3,4,21863.75,21866.25,long,21862.25,21866.25,8.0,36.0,target,1,13.0,102.0
2025-01-27 16:45:00+00:00,2025-01-27 16:45:00+00:00,DBD,5,5,5,21224.5,21222.0,short,21226.0,21222.0,8.0,36.0,target,1,229.0,56.0
2025-01-27 19:15:00+00:00,2025-01-27 19:15:00+00:00,DBD,5,6,6,21198.25,21195.75,short,21199.75,21195.75,8.0,36.0,target,1,45.0,125.0
2025-01-27 19:25:00+00:00,2025-01-27 19:25:00+00:00,DBD,5,7,7,21235.25,21232.75,short,21236.75,21232.75,8.0,36.0,target,1,101.0,119.0
2025-01-27 19:35:00+00:00,2025-01-27 19:35:00+00:00,RBR,5,5,5,21190.75,21193.25,long,21189.25,21193.25,8.0,36.0,target,1,32.0,160.0
2025-01-27 19:40:00+00:00,2025-01-27 19:40:00+00:00,RBR,5,5,4,21190.75,21193.25,long,21189.25,21193.25,8.0,36.0,target,1,107.0,110.0
2025-01-27 20:40:00+00:00,2025-01-27 20:40:00+00:00,DBD,5,6,7,21230.75,21228.25,short,21232.25,21228.25,8.0,36.0,target,1,15.0,155.0
2025-01-28 14:45:00+00:00,2025-01-28 14:45:00+00:00,RBR,15,5,5,21188.25,21190.75,long,21186.75,21190.75,8.0,36.0,target,1,115.0,112.0
2025-01-28 18:20:00+00:00,2025-01-28 18:20:00+00:00,RBR,5,4,4,21559.0,21561.5,long,21557.5,21561.5,8.0,36.0,target,1,22.0,88.0
2025-01-28 18:25:00+00:00,2025-01-28 18:25:00+00:00,RBR,5,4,4,21559.0,21561.5,long,21557.5,21561.5,8.0,36.0,target,1,49.0,35.0
2025-01-28 18:35:00+00:00,2025-01-28 18:35:00+00:00,RBR,5,6,7,21537.5,21540.0,long,21536.0,21540.0,8.0,36.0,target,1,17.0,90.0
2025-01-28 18:40:00+00:00,2025-01-28 18:40:00+00:00,RBR,5,6,6,21537.5,21540.0,long,21536.0,21540.0,8.0,36.0,target,1,64.0,17.0
2025-01-28 19:15:00+00:00,2025-01-28 19:15:00+00:00,DBD,5,4,4,21546.5,21544.0,short,21548.0,21544.0,8.0,36.0,target,1,34.0,91.0
2025-01-28 19:25:00+00:00,2025-01-28 19:25:00+00:00,DBD,5,4,5,21562.5,21560.0,short,21564.0,21560.0,8.0,36.0,target,1,2.0,70.0
2025-01-28 19:30:00+00:00,2025-01-28 19:30:00+00:00,DBD,5,4,4,21562.5,21560.0,short,21564.0,21560.0,8.0,36.0,target,1,50.0,16.0
2025-01-28 20:05:00+00:00,2025-01-28 20:05:00+00:00,RBR,5,4,5,21586.75,21589.25,long,21585.25,21589.25,8.0,36.0,target,1,6.0,65.0
2025-01-29 16:40:00+00:00,2025-01-29 16:40:00+00:00,DBD,5,4,4,21503.25,21500.75,short,21504.75,21500.75,8.0,36.0,target,1,3.0,146.0
2025-01-29 16:45:00+00:00,2025-01-29 16:45:00+00:00,DBD,5,4,4,21503.25,21500.75,short,21504.75,21500.75,8.0,36.0,target,1,28.0,74.0
2025-01-29 18:30:00+00:00,2025-01-29 18:30:00+00:00,DBD,5,4,5,21501.5,21499.0,short,21503.0,21499.0,8.0,36.0,target,1,58.0,94.0
2025-01-29 19:30:00+00:00,2025-01-29 19:30:00+00:00,DBD,5,4,4,21435.75,21433.25,short,21437.25,21433.25,8.0,36.0,target,1,165.0,182.0
2025-01-29 19:35:00+00:00,2025-01-29 19:35:00+00:00,DBD,15,6,6,21494.5,21492.0,short,21496.0,21492.0,8.0,36.0,target,1,16.0,428.0
2025-01-29 19:40:00+00:00,2025-01-29 19:40:00+00:00,DBD,15,6,5,21494.5,21492.0,short,21496.0,21492.0,8.0,36.0,target,1,291.0,58.0
2025-01-30 15:00:00+00:00,2025-01-30 15:00:00+00:00,RBR,5,7,7,21619.25,21621.75,long,21617.75,21621.75,8.0,36.0,target,1,222.0,228.0
2025-01-30 15:05:00+00:00,2025-01-30 15:05:00+00:00,RBR,15,5,5,21596.75,21599.25,long,21595.25,21599.25,8.0,36.0,target,1,107.0,46.0
2025-01-30 16:50:00+00:00,2025-01-30 16:50:00+00:00,DBD,5,4,5,21584.75,21582.25,short,21586.25,21582.25,8.0,36.0,target,1,104.0,86.0
2025-01-30 17:15:00+00:00,2025-01-30 17:15:00+00:00,RBR,5,4,5,21537.0,21539.5,long,21535.5,21539.5,8.0,36.0,target,1,47.0,95.0
2025-01-30 17:20:00+00:00,2025-01-30 17:20:00+00:00,RBR,5,4,4,21537.0,21539.5,long,21535.5,21539.5,8.0,36.0,target,1,13.0,86.0
2025-01-30 17:25:00+00:00,2025-01-30 17:25:00+00:00,RBR,15,6,7,21514.25,21516.75,long,21512.75,21516.75,8.0,36.0,target,1,34.0,122.0
2025-01-30 17:30:00+00:00,2025-01-30 17:30:00+00:00,RBR,15,6,6,21514.25,21516.75,long,21512.75,21516.75,8.0,36.0,target,1,44.0,60.0
2025-01-30 18:00:00+00:00,2025-01-30 18:00:00+00:00,DBD,5,4,5,21558.5,21556.0,short,21560.0,21556.0,8.0,36.0,target,1,7.0,125.0
2025-01-30 18:05:00+00:00,2025-01-30 18:05:00+00:00,DBD,5,4,4,21558.5,21556.0,short,21560.0,21556.0,8.0,36.0,target,1,48.0,106.0
2025-01-30 18:35:00+00:00,2025-01-30 18:35:00+00:00,DBD,5,4,4,21593.0,21590.5,short,21594.5,21590.5,8.0,36.0,target,1,21.0,87.0
2025-01-30 18:40:00+00:00,2025-01-30 18:40:00+00:00,DBD,5,4,5,21593.0,21590.5,short,21594.5,21590.5,8.0,36.0,target,1,43.0,22.0
2025-01-30 18:45:00+00:00,2025-01-30 18:45:00+00:00,DBD,5,4,4,21593.0,21590.5,short,21594.5,21590.5,8.0,36.0,target,1,45.0,14.0
2025-01-30 19:00:00+00:00,2025-01-30 19:00:00+00:00,RBR,5,4,4,21587.5,21590.0,long,21586.0,21590.0,8.0,36.0,target,1,1.0,87.0
2025-01-30 20:35:00+00:00,2025-01-30 20:35:00+00:00,RBR,5,7,7,21606.75,21609.25,long,21605.25,21609.25,8.0,36.0,target,1,48.0,321.0
2025-01-31 16:40:00+00:00,2025-01-31 16:40:00+00:00,RBR,5,6,6,21884.75,21887.25,long,21883.25,21887.25,8.0,36.0,target,1,31.0,98.0
2025-01-31 17:25:00+00:00,2025-01-31 17:25:00+00:00,DBD,5,3,4,21931.75,21929.25,short,21933.25,21929.25,8.0,36.0,target,1,23.0,53.0
2025-01-31 18:15:00+00:00,2025-01-31 18:15:00+00:00,RBR,15,5,4,21865.0,21867.5,long,21863.5,21867.5,8.0,36.0,target,1,86.0,193.0
2025-01-31 20:45:00+00:00,2025-01-31 20:45:00+00:00,DBD,5,5,5,21585.75,21583.25,short,21587.25,21583.25,8.0,36.0,target,1,121.0,143.0
2025-02-03 15:20:00+00:00,2025-02-03 15:20:00+00:00,DBD,5,5,5,21252.0,21249.5,short,21253.5,21249.5,8.0,36.0,target,1,311.0,554.0
2025-02-03 19:55:00+00:00,2025-02-03 19:55:00+00:00,RBR,5,4,4,21477.5,21480.0,long,21476.0,21480.0,8.0,36.0,target,1,1.0,114.0
2025-02-03 20:55:00+00:00,2025-02-03 20:55:00+00:00,RBR,15,5,5,21398.75,21401.25,long,21397.25,21401.25,8.0,36.0,target,1,1.0,129.0
2025-02-04 15:20:00+00:00,2025-02-04 15:20:00+00:00,RBR,5,4,4,21620.75,21623.25,long,21619.25,21623.25,8.0,36.0,target,1,3.0,171.0
2025-02-04 15:30:00+00:00,2025-02-04 15:30:00+00:00,RBR,5,4,5,21620.75,21623.25,long,21619.25,21623.25,8.0,36.0,target,1,2.0,139.0
2025-02-04 16:40:00+00:00,2025-02-04 16:40:00+00:00,RBR,5,4,4,21662.75,21665.25,long,21661.25,21665.25,8.0,36.0,target,1,11.0,125.0
2025-02-04 16:45:00+00:00,2025-02-04 16:45:00+00:00,RBR,5,4,4,21662.75,21665.25,long,21661.25,21665.25,8.0,36.0,target,1,69.0,40.0
2025-02-04 17:55:00+00:00,2025-02-04 17:55:00+00:00,DBD,5,4,4,21610.25,21607.75,short,21611.75,21607.75,8.0,36.0,target,1,60.0,71.0
2025-02-04 19:15:00+00:00,2025-02-04 19:15:00+00:00,DBD,15,4,5,21660.75,21658.25,short,21662.25,21658.25,8.0,36.0,target,1,36.0,29.0
2025-02-04 19:50:00+00:00,2025-02-04 19:50:00+00:00,RBR,5,6,6,21647.5,21650.0,long,21646.0,21650.0,8.0,36.0,target,1,18.0,39.0
2025-02-04 20:10:00+00:00,2025-02-04 20:10:00+00:00,DBD,5,4,4,21657.25,21654.75,short,21658.75,21654.75,8.0,36.0,target,1,1.0,61.0
2025-02-04 20:15:00+00:00,2025-02-04 20:15:00+00:00,DBD,5,4,5,21657.25,21654.75,short,21658.75,21654.75,8.0,36.0,target,1,3.0,65.0
2025-02-05 15:25:00+00:00,2025-02-05 15:25:00+00:00,DBD,5,6,7,21575.25,21572.75,short,21576.75,21572.75,8.0,36.0,target,1,35.0,112.0
2025-02-05 17:50:00+00:00,2025-02-05 17:50:00+00:00,RBR,5,5,6,21693.75,21696.25,long,21692.25,21696.25,8.0,36.0,target,1,38.0,98.0
2025-02-05 18:10:00+00:00,2025-02-05 18:10:00+00:00,RBR,5,5,5,21693.75,21696.25,long,21692.25,21696.25,8.0,36.0,target,1,25.0,35.0
2025-02-05 19:50:00+00:00,2025-02-05 19:50:00+00:00,RBR,5,6,7,21706.0,21708.5,long,21704.5,21708.5,8.0,36.0,target,1,12.0,49.0
2025-02-05 19:55:00+00:00,2025-02-05 19:55:00+00:00,RBR,5,6,6,21706.0,21708.5,long,21704.5,21708.5,8.0,36.0,target,1,5.0,32.0
2025-02-05 20:15:00+00:00,2025-02-05 20:15:00+00:00,DBD,5,3,4,21731.5,21729.0,short,21733.0,21729.0,8.0,36.0,target,1,19.0,63.0
2025-02-06 15:40:00+00:00,2025-02-06 15:40:00+00:00,DBD,5,4,4,21811.0,21808.5,short,21812.5,21808.5,8.0,36.0,target,1,9.0,208.0
2025-02-06 16:15:00+00:00,2025-02-06 16:15:00+00:00,DBD,5,4,4,21811.0,21808.5,short,21812.5,21808.5,8.0,36.0,target,1,16.0,41.0
2025-02-06 20:45:00+00:00,2025-02-06 20:45:00+00:00,DBD,15,5,5,21829.5,21827.0,short,21831.0,21827.0,8.0,36.0,target,1,16.0,82.0
2025-02-06 20:50:00+00:00,2025-02-06 20:50:00+00:00,DBD,15,5,5,21829.5,21831.0,short,21831.0,21827.0,-8.0,-44.0,stop,1,150.0,9.0
2025-02-07 15:00:00+00:00,2025-02-07 15:00:00+00:00,RBR,5,7,7,21856.25,21858.75,long,21854.75,21858.75,8.0,36.0,target,1,496.0,195.0
2025-02-07 15:35:00+00:00,2025-02-07 15:35:00+00:00,DBD,5,4,5,21795.5,21793.0,short,21797.0,21793.0,8.0,36.0,target,1,20.0,202.0
2025-02-07 15:50:00+00:00,2025-02-07 15:50:00+00:00,DBD,5,4,4,21795.5,21793.0,short,21797.0,21793.0,8.0,36.0,target,1,34.0,730.0
2025-02-07 18:00:00+00:00,2025-02-07 18:00:00+00:00,DBD,15,5,4,21686.25,21683.75,short,21687.75,21683.75,8.0,36.0,target,1,25.0,163.0
2025-02-07 18:40:00+00:00,2025-02-07 18:40:00+00:00,RBR,5,4,4,21704.5,21707.0,long,21703.0,21707.0,8.0,36.0,target,1,190.0,80.0
2025-02-07 18:45:00+00:00,2025-02-07 18:45:00+00:00,RBR,15,4,5,21642.25,21644.75,long,21640.75,21644.75,8.0,36.0,target,1,18.0,116.0
2025-02-07 18:50:00+00:00,2025-02-07 18:50:00+00:00,RBR,15,4,4,21642.25,21644.75,long,21640.75,21644.75,8.0,36.0,target,1,38.0,72.0
2025-02-07 19:10:00+00:00,2025-02-07 19:10:00+00:00,RBR,5,4,5,21606.75,21609.25,long,21605.25,21609.25,8.0,36.0,target,1,47.0,72.0
2025-02-07 20:30:00+00:00,2025-02-07 20:30:00+00:00,DBD,5,6,6,21597.25,21594.75,short,21598.75,21594.75,8.0,36.0,target,1,0.0,101.0
2025-02-07 20:35:00+00:00,2025-02-07 20:35:00+00:00,DBD,5,6,5,21597.25,21594.75,short,21598.75,21594.75,8.0,36.0,target,1,10.0,101.0
2025-02-07 20:50:00+00:00,2025-02-07 20:50:00+00:00,DBD,5,7,7,21620.0,21617.5,short,21621.5,21617.5,8.0,36.0,target,1,5.0,117.0
2025-02-10 16:45:00+00:00,2025-02-10 16:45:00+00:00,RBR,5,5,5,21837.25,21839.75,long,21835.75,21839.75,8.0,36.0,target,1,4.0,70.0
2025-02-10 20:35:00+00:00,2025-02-10 20:35:00+00:00,RBR,5,4,4,21852.0,21854.5,long,21850.5,21854.5,8.0,36.0,target,1,17.0,32.0
2025-02-11 18:30:00+00:00,2025-02-11 18:30:00+00:00,DBD,5,4,5,21799.25,21796.75,short,21800.75,21796.75,8.0,36.0,target,1,21.0,101.0
2025-02-11 20:35:00+00:00,2025-02-11 20:35:00+00:00,RBR,5,3,4,21796.75,21799.25,long,21795.25,21799.25,8.0,36.0,target,1,82.0,22.0
2025-02-12 17:00:00+00:00,2025-02-12 17:00:00+00:00,DBD,15,7,7,21797.0,21794.5,short,21798.5,21794.5,8.0,36.0,target,1,3.0,93.0
2025-02-12 17:10:00+00:00,2025-02-12 17:10:00+00:00,DBD,15,7,6,21797.0,21794.5,short,21798.5,21794.5,8.0,36.0,target,1,8.0,120.0
2025-02-12 20:40:00+00:00,2025-02-12 20:40:00+00:00,RBR,5,4,5,21798.25,21800.75,long,21796.75,21800.75,8.0,36.0,target,1,52.0,44.0
2025-02-13 17:55:00+00:00,2025-02-13 17:55:00+00:00,RBR,5,6,6,21964.0,21966.5,long,21962.5,21966.5,8.0,36.0,target,1,63.0,93.0
2025-02-13 18:00:00+00:00,2025-02-13 18:00:00+00:00,RBR,5,6,6,21964.0,21966.5,long,21962.5,21966.5,8.0,36.0,target,1,80.0,21.0
2025-02-13 19:00:00+00:00,2025-02-13 19:00:00+00:00,DBD,15,5,5,22013.75,22011.25,short,22015.25,22011.25,8.0,36.0,target,1,7.0,103.0
2025-02-13 19:05:00+00:00,2025-02-13 19:05:00+00:00,DBD,15,5,5,22013.75,22011.25,short,22015.25,22011.25,8.0,36.0,target,1,79.0,38.0
2025-02-13 19:30:00+00:00,2025-02-13 19:30:00+00:00,DBD,15,4,4,22046.5,22044.0,short,22048.0,22044.0,8.0,36.0,target,1,2.0,101.0
2025-02-13 19:35:00+00:00,2025-02-13 19:35:00+00:00,DBD,15,4,5,22046.5,22044.0,short,22048.0,22044.0,8.0,36.0,target,1,28.0,25.0
2025-02-13 20:25:00+00:00,2025-02-13 20:25:00+00:00,RBR,5,6,6,22075.25,22077.75,long,22073.75,22077.75,8.0,36.0,target,1,14.0,40.0
2025-02-13 20:30:00+00:00,2025-02-13 20:30:00+00:00,RBR,5,6,5,22075.25,22077.75,long,22073.75,22077.75,8.0,36.0,target,1,44.0,37.0
2025-02-13 20:45:00+00:00,2025-02-13 20:45:00+00:00,DBD,5,5,5,22085.25,22082.75,short,22086.75,22082.75,8.0,36.0,target,1,17.0,52.0
2025-02-14 19:20:00+00:00,2025-02-14 19:20:00+00:00,RBR,15,7,7,22184.0,22186.5,long,22182.5,22186.5,8.0,36.0,target,1,2.0,34.0
2025-02-14 19:25:00+00:00,2025-02-14 19:25:00+00:00,RBR,15,7,6,22184.0,22186.5,long,22182.5,22186.5,8.0,36.0,target,1,40.0,21.0
2025-02-14 20:25:00+00:00,2025-02-14 20:25:00+00:00,DBD,5,3,4,22192.5,22190.0,short,22194.0,22190.0,8.0,36.0,target,1,5.0,45.0
2025-02-17 17:00:00+00:00,2025-02-17 17:00:00+00:00,RBR,15,4,4,22232.0,22234.5,long,22230.5,22234.5,8.0,36.0,target,1,14.0,19.0
2025-02-17 17:05:00+00:00,2025-02-17 17:05:00+00:00,RBR,15,7,8,22226.25,22228.75,long,22224.75,22228.75,8.0,36.0,target,1,4.0,17.0
2025-02-17 17:10:00+00:00,2025-02-17 17:10:00+00:00,RBR,15,7,7,22226.25,22228.75,long,22224.75,22228.75,8.0,36.0,target,1,15.0,19.0
2025-02-17 17:40:00+00:00,2025-02-17 17:40:00+00:00,DBD,5,3,4,22239.75,22237.25,short,22241.25,22237.25,8.0,36.0,target,1,3.0,25.0
2025-02-17 17:45:00+00:00,2025-02-17 17:45:00+00:00,RBR,5,8,8,22229.0,22231.5,long,22227.5,22231.5,8.0,36.0,target,1,13.0,42.0
2025-02-18 14:45:00+00:00,2025-02-18 14:45:00+00:00,RBR,15,7,7,22225.75,22224.25,long,22224.25,22228.25,-8.0,-44.0,stop,1,216.0,2.0
2025-02-18 15:55:00+00:00,2025-02-18 15:55:00+00:00,DBD,5,3,4,22186.75,22184.25,short,22188.25,22184.25,8.0,36.0,target,1,12.0,66.0
2025-02-18 16:10:00+00:00,2025-02-18 16:10:00+00:00,DBD,15,4,4,22205.0,22202.5,short,22206.5,22202.5,8.0,36.0,target,1,18.0,63.0
2025-02-18 16:15:00+00:00,2025-02-18 16:15:00+00:00,DBD,15,4,5,22205.0,22202.5,short,22206.5,22202.5,8.0,36.0,target,1,2.0,51.0
2025-02-18 16:25:00+00:00,2025-02-18 16:25:00+00:00,DBD,15,4,4,22205.0,22202.5,short,22206.5,22202.5,8.0,36.0,target,1,3.0,126.0
2025-02-18 17:10:00+00:00,2025-02-18 17:10:00+00:00,DBD,5,6,6,22190.75,22188.25,short,22192.25,22188.25,8.0,36.0,target,1,6.0,115.0
2025-02-18 17:40:00+00:00,2025-02-18 17:40:00+00:00,DBD,5,6,6,22190.75,22188.25,short,22192.25,22188.25,8.0,36.0,target,1,20.0,29.0
2025-02-18 19:30:00+00:00,2025-02-18 19:30:00+00:00,DBD,5,6,7,22165.0,22162.5,short,22166.5,22162.5,8.0,36.0,target,1,1.0,84.0
2025-02-18 19:35:00+00:00,2025-02-18 19:35:00+00:00,DBD,5,6,6,22165.0,22162.5,short,22166.5,22162.5,8.0,36.0,target,1,12.0,77.0
2025-02-18 19:50:00+00:00,2025-02-18 19:50:00+00:00,DBD,5,4,5,22184.75,22182.25,short,22186.25,22182.25,8.0,36.0,target,1,8.0,62.0
2025-02-18 19:55:00+00:00,2025-02-18 19:55:00+00:00,DBD,5,4,4,22184.75,22182.25,short,22186.25,22182.25,8.0,36.0,target,1,8.0,38.0
2025-02-18 20:40:00+00:00,2025-02-18 20:40:00+00:00,DBD,5,5,5,22178.75,22176.25,short,22180.25,22176.25,8.0,36.0,target,1,3.0,67.0
2025-02-18 20:50:00+00:00,2025-02-18 20:50:00+00:00,DBD,5,5,5,22178.75,22176.25,short,22180.25,22176.25,8.0,36.0,target,1,81.0,61.0
2025-02-19 15:55:00+00:00,2025-02-19 15:55:00+00:00,RBR,5,4,4,22153.25,22155.75,long,22151.75,22155.75,8.0,36.0,target,1,25.0,117.0
2025-02-19 17:10:00+00:00,2025-02-19 17:10:00+00:00,RBR,5,4,4,22233.25,22235.75,long,22231.75,22235.75,8.0,36.0,target,1,2.0,70.0
2025-02-19 17:15:00+00:00,2025-02-19 17:15:00+00:00,RBR,5,4,5,22233.25,22235.75,long,22231.75,22235.75,8.0,36.0,target,1,23.0,29.0
2025-02-19 17:20:00+00:00,2025-02-19 17:20:00+00:00,RBR,5,4,4,22233.25,22235.75,long,22231.75,22235.75,8.0,36.0,target,1,70.0,10.0
2025-02-19 17:35:00+00:00,2025-02-19 17:35:00+00:00,DBD,5,4,4,22223.75,22221.25,short,22225.25,22221.25,8.0,36.0,target,1,9.0,62.0
2025-02-19 17:40:00+00:00,2025-02-19 17:40:00+00:00,DBD,5,4,4,22223.75,22221.25,short,22225.25,22221.25,8.0,36.0,target,1,47.0,29.0
2025-02-19 17:50:00+00:00,2025-02-19 17:50:00+00:00,DBD,5,3,4,22240.5,22238.0,short,22242.0,22238.0,8.0,36.0,target,1,58.0,34.0
2025-02-19 18:05:00+00:00,2025-02-19 18:05:00+00:00,RBR,5,7,7,22227.25,22229.75,long,22225.75,22229.75,8.0,36.0,target,1,69.0,23.0
2025-02-19 18:10:00+00:00,2025-02-19 18:10:00+00:00,RBR,15,5,5,22204.25,22206.75,long,22202.75,22206.75,8.0,36.0,target,1,37.0,42.0
2025-02-19 18:50:00+00:00,2025-02-19 18:50:00+00:00,RBR,5,5,6,22240.25,22242.75,long,22238.75,22242.75,8.0,36.0,target,1,20.0,25.0
2025-02-19 18:55:00+00:00,2025-02-19 18:55:00+00:00,RBR,5,5,5,22240.25,22242.75,long,22238.75,22242.75,8.0,36.0,target,1,39.0,14.0
2025-02-19 19:00:00+00:00,2025-02-19 19:00:00+00:00,DBD,5,5,5,22246.5,22244.0,short,22248.0,22244.0,8.0,36.0,target,1,13.0,81.0
2025-02-19 19:10:00+00:00,2025-02-19 19:10:00+00:00,DBD,5,5,5,22246.5,22244.0,short,22248.0,22244.0,8.0,36.0,target,1,95.0,41.0
2025-02-19 20:25:00+00:00,2025-02-19 20:25:00+00:00,RBR,5,7,7,22234.0,22236.5,long,22232.5,22236.5,8.0,36.0,target,1,114.0,128.0
2025-02-20 16:00:00+00:00,2025-02-20 16:00:00+00:00,DBD,5,5,5,22028.25,22025.75,short,22029.75,22025.75,8.0,36.0,target,1,5.0,179.0
2025-02-20 16:05:00+00:00,2025-02-20 16:05:00+00:00,DBD,5,5,5,22028.25,22025.75,short,22029.75,22025.75,8.0,36.0,target,1,119.0,54.0
2025-02-20 17:45:00+00:00,2025-02-20 17:45:00+00:00,RBR,15,4,4,22066.5,22069.0,long,22065.0,22069.0,8.0,36.0,target,1,3.0,108.0
2025-02-20 17:50:00+00:00,2025-02-20 17:50:00+00:00,RBR,15,4,4,22066.5,22069.0,long,22065.0,22069.0,8.0,36.0,target,1,16.0,35.0
2025-02-20 18:55:00+00:00,2025-02-20 18:55:00+00:00,DBD,5,6,7,22075.25,22072.75,short,22076.75,22072.75,8.0,36.0,target,1,8.0,113.0
2025-02-20 19:00:00+00:00,2025-02-20 19:00:00+00:00,DBD,5,6,6,22075.25,22072.75,short,22076.75,22072.75,8.0,36.0,target,1,18.0,52.0
2025-02-20 19:35:00+00:00,2025-02-20 19:35:00+00:00,RBR,5,5,5,22070.0,22072.5,long,22068.5,22072.5,8.0,36.0,target,1,50.0,42.0
2025-02-20 20:45:00+00:00,2025-02-20 20:45:00+00:00,DBD,5,4,4,22121.75,22119.25,short,22123.25,22119.25,8.0,36.0,target,1,51.0,54.0
2025-02-24 17:00:00+00:00,2025-02-24 17:00:00+00:00,DBD,5,6,6,21605.0,21602.5,short,21606.5,21602.5,8.0,36.0,target,1,24.0,143.0
2025-02-25 17:25:00+00:00,2025-02-25 17:25:00+00:00,DBD,5,5,5,21172.5,21170.0,short,21174.0,21170.0,8.0,36.0,target,1,83.0,115.0
2025-02-25 18:35:00+00:00,2025-02-25 18:35:00+00:00,DBD,5,5,5,21238.25,21235.75,short,21239.75,21235.75,8.0,36.0,target,1,32.0,233.0
2025-02-25 19:35:00+00:00,2025-02-25 19:35:00+00:00,DBD,5,6,6,21199.5,21197.0,short,21201.0,21197.0,8.0,36.0,target,1,20.0,251.0
2025-02-25 20:20:00+00:00,2025-02-25 20:20:00+00:00,DBD,5,5,5,21246.75,21244.25,short,21248.25,21244.25,8.0,36.0,target,1,65.0,139.0
2025-02-25 20:35:00+00:00,2025-02-25 20:35:00+00:00,RBR,5,4,4,21194.75,21197.25,long,21193.25,21197.25,8.0,36.0,target,1,117.0,121.0
2025-02-26 16:30:00+00:00,2025-02-26 16:30:00+00:00,RBR,5,4,5,21351.0,21353.5,long,21349.5,21353.5,8.0,36.0,target,1,12.0,84.0
2025-02-26 19:20:00+00:00,2025-02-26 19:20:00+00:00,DBD,5,6,7,21151.25,21148.75,short,21152.75,21148.75,8.0,36.0,target,1,2.0,168.0
2025-02-26 19:30:00+00:00,2025-02-26 19:30:00+00:00,DBD,5,6,6,21151.25,21148.75,short,21152.75,21148.75,8.0,36.0,target,1,9.0,143.0
2025-02-26 19:55:00+00:00,2025-02-26 19:55:00+00:00,RBR,5,4,4,21122.25,21124.75,long,21120.75,21124.75,8.0,36.0,target,1,145.0,108.0
2025-02-26 20:20:00+00:00,2025-02-26 20:20:00+00:00,DBD,5,6,6,21153.75,21151.25,short,21155.25,21151.25,8.0,36.0,target,1,2.0,172.0
2025-02-26 20:25:00+00:00,2025-02-26 20:25:00+00:00,DBD,5,6,7,21153.75,21151.25,short,21155.25,21151.25,8.0,36.0,target,1,41.0,39.0
2025-02-26 20:30:00+00:00,2025-02-26 20:30:00+00:00,DBD,5,6,6,21153.75,21151.25,short,21155.25,21151.25,8.0,36.0,target,1,3.0,101.0
2025-02-27 16:15:00+00:00,2025-02-27 16:15:00+00:00,DBD,5,6,7,21131.0,21128.5,short,21132.5,21128.5,8.0,36.0,target,1,108.0,71.0
2025-02-27 16:50:00+00:00,2025-02-27 16:50:00+00:00,RBR,5,5,5,21032.0,21034.5,long,21030.5,21034.5,8.0,36.0,target,1,95.0,144.0
2025-02-27 17:25:00+00:00,2025-02-27 17:25:00+00:00,DBD,5,7,7,21027.5,21025.0,short,21029.0,21025.0,8.0,36.0,target,1,117.0,100.0
2025-02-27 18:10:00+00:00,2025-02-27 18:10:00+00:00,DBD,15,6,6,21101.75,21099.25,short,21103.25,21099.25,8.0,36.0,target,1,11.0,226.0
2025-02-27 18:40:00+00:00,2025-02-27 18:40:00+00:00,RBR,5,5,5,21071.75,21074.25,long,21070.25,21074.25,8.0,36.0,target,1,1.0,147.0
2025-02-27 18:45:00+00:00,2025-02-27 18:45:00+00:00,RBR,5,5,4,21071.75,21074.25,long,21070.25,21074.25,8.0,36.0,target,1,48.0,57.0
2025-02-28 16:35:00+00:00,2025-02-28 16:35:00+00:00,DBD,5,5,5,20718.0,20715.5,short,20719.5,20715.5,8.0,36.0,target,1,0.0,168.0
2025-02-28 16:40:00+00:00,2025-02-28 16:40:00+00:00,DBD,5,5,4,20718.0,20715.5,short,20719.5,20715.5,8.0,36.0,target,1,110.0,55.0
2025-02-28 17:55:00+00:00,2025-02-28 17:55:00+00:00,RBR,15,3,4,20541.5,20544.0,long,20540.0,20544.0,8.0,36.0,target,1,18.0,257.0
2025-02-28 18:25:00+00:00,2025-02-28 18:25:00+00:00,DBD,5,7,7,20554.0,20551.5,short,20555.5,20551.5,8.0,36.0,target,1,174.0,228.0
2025-02-28 19:35:00+00:00,2025-02-28 19:35:00+00:00,DBD,5,6,7,20656.25,20653.75,short,20657.75,20653.75,8.0,36.0,target,1,124.0,132.0
2025-03-03 14:55:00+00:00,2025-03-03 14:55:00+00:00,RBR,5,5,5,20876.75,20879.25,long,20875.25,20879.25,8.0,36.0,target,1,210.0,161.0
2025-03-03 16:20:00+00:00,2025-03-03 16:20:00+00:00,DBD,5,4,4,20944.25,20941.75,short,20945.75,20941.75,8.0,36.0,target,1,163.0,68.0
2025-03-03 16:35:00+00:00,2025-03-03 16:35:00+00:00,RBR,5,4,5,20867.25,20869.75,long,20865.75,20869.75,8.0,36.0,target,1,111.0,133.0
2025-03-03 17:45:00+00:00,2025-03-03 17:45:00+00:00,RBR,15,5,5,20900.25,20902.75,long,20898.75,20902.75,8.0,36.0,target,1,75.0,156.0
2025-03-03 17:50:00+00:00,2025-03-03 17:50:00+00:00,RBR,15,5,4,20900.25,20902.75,long,20898.75,20902.75,8.0,36.0,target,1,135.0,60.0
2025-03-03 20:55:00+00:00,2025-03-03 20:55:00+00:00,DBD,5,4,5,20436.5,20434.0,short,20438.0,20434.0,8.0,36.0,target,1,166.0,115.0
2025-03-04 15:45:00+00:00,2025-03-04 15:45:00+00:00,DBD,5,6,7,20245.0,20242.5,short,20246.5,20242.5,8.0,36.0,target,1,74.0,276.0
2025-03-04 16:30:00+00:00,2025-03-04 16:30:00+00:00,DBD,5,5,5,20199.5,20197.0,short,20201.0,20197.0,8.0,36.0,target,1,32.0,241.0
2025-03-04 16:35:00+00:00,2025-03-04 16:35:00+00:00,DBD,5,5,5,20199.5,20197.0,short,20201.0,20197.0,8.0,36.0,target,1,85.0,123.0
2025-03-04 16:40:00+00:00,2025-03-04 16:40:00+00:00,DBD,5,5,4,20199.5,20197.0,short,20201.0,20197.0,8.0,36.0,target,1,260.0,78.0
2025-03-04 20:30:00+00:00,2025-03-04 20:30:00+00:00,RBR,5,4,4,20638.0,20640.5,long,20636.5,20640.5,8.0,36.0,target,1,367.0,169.0
2025-03-04 20:45:00+00:00,2025-03-04 20:45:00+00:00,RBR,5,5,6,20475.25,20477.75,long,20473.75,20477.75,8.0,36.0,target,1,74.0,310.0
2025-03-05 16:55:00+00:00,2025-03-05 16:55:00+00:00,DBD,15,7,7,20309.0,20306.5,short,20310.5,20306.5,8.0,36.0,target,1,283.0,215.0
2025-03-05 17:45:00+00:00,2025-03-05 17:45:00+00:00,RBR,5,6,6,20463.5,20466.0,long,20462.0,20466.0,8.0,36.0,target,1,94.0,138.0
2025-03-05 18:05:00+00:00,2025-03-05 18:05:00+00:00,RBR,5,6,7,20463.5,20466.0,long,20462.0,20466.0,8.0,36.0,target,1,71.0,488.0
2025-03-05 18:10:00+00:00,2025-03-05 18:10:00+00:00,RBR,15,6,6,20461.75,20464.25,long,20460.25,20464.25,8.0,36.0,target,1,4.0,347.0
2025-03-05 18:30:00+00:00,2025-03-05 18:30:00+00:00,RBR,5,6,6,20463.5,20466.0,long,20462.0,20466.0,8.0,36.0,target,1,60.0,260.0
2025-03-05 20:15:00+00:00,2025-03-05 20:15:00+00:00,RBR,5,4,4,20646.25,20648.75,long,20644.75,20648.75,8.0,36.0,target,1,122.0,305.0
2025-03-05 20:20:00+00:00,2025-03-05 20:20:00+00:00,RBR,5,4,5,20646.25,20648.75,long,20644.75,20648.75,8.0,36.0,target,1,162.0,107.0
2025-03-06 16:20:00+00:00,2025-03-06 16:20:00+00:00,RBR,5,4,4,20383.5,20386.0,long,20382.0,20386.0,8.0,36.0,target,1,29.0,267.0
2025-03-06 16:30:00+00:00,2025-03-06 16:30:00+00:00,DBD,5,4,4,20467.5,20465.0,short,20469.0,20465.0,8.0,36.0,target,1,40.0,285.0
2025-03-07 14:45:00+00:00,2025-03-07 14:45:00+00:00,DBD,15,5,5,20121.25,20122.75,short,20122.75,20118.75,-8.0,-44.0,stop,1,369.0,0.0
2025-03-07 17:00:00+00:00,2025-03-07 17:00:00+00:00,DBD,5,4,4,19884.5,19882.0,short,19886.0,19882.0,8.0,36.0,target,1,45.0,233.0
2025-03-07 17:30:00+00:00,2025-03-07 17:30:00+00:00,DBD,5,4,4,19937.0,19934.5,short,19938.5,19934.5,8.0,36.0,target,1,7.0,366.0
2025-03-07 17:35:00+00:00,2025-03-07 17:35:00+00:00,DBD,5,4,5,19937.0,19934.5,short,19938.5,19934.5,8.0,36.0,target,1,114.0,120.0
2025-03-07 17:40:00+00:00,2025-03-07 17:40:00+00:00,DBD,5,4,4,19937.0,19934.5,short,19938.5,19934.5,8.0,36.0,target,1,292.0,86.0
2025-03-07 17:55:00+00:00,2025-03-07 17:55:00+00:00,RBR,5,7,7,19984.75,19987.25,long,19983.25,19987.25,8.0,36.0,target,1,251.0,398.0
2025-03-07 19:05:00+00:00,2025-03-07 19:05:00+00:00,RBR,5,5,5,20138.25,20140.75,long,20136.75,20140.75,8.0,36.0,target,1,70.0,201.0
2025-03-07 19:15:00+00:00,2025-03-07 19:15:00+00:00,DBD,5,4,4,20208.0,20205.5,short,20209.5,20205.5,8.0,36.0,target,1,6.0,193.0
2025-03-07 20:15:00+00:00,2025-03-07 20:15:00+00:00,RBR,5,6,6,20172.25,20174.75,long,20170.75,20174.75,8.0,36.0,target,1,9.0,314.0
2025-03-07 20:35:00+00:00,2025-03-07 20:35:00+00:00,RBR,5,6,7,20172.25,20174.75,long,20170.75,20174.75,8.0,36.0,target,1,193.0,245.0
2025-03-07 20:40:00+00:00,2025-03-07 20:40:00+00:00,RBR,15,6,6,20120.75,20123.25,long,20119.25,20123.25,8.0,36.0,target,1,89.0,208.0
2025-03-07 20:55:00+00:00,2025-03-07 20:55:00+00:00,DBD,5,3,4,20270.25,20267.75,short,20271.75,20267.75,8.0,36.0,target,1,64.0,201.0
2025-03-10 15:35:00+00:00,2025-03-10 15:35:00+00:00,DBD,5,4,4,19687.75,19685.25,short,19689.25,19685.25,8.0,36.0,target,1,61.0,128.0
2025-03-10 19:15:00+00:00,2025-03-10 19:15:00+00:00,DBD,5,5,5,19366.25,19363.75,short,19367.75,19363.75,8.0,36.0,target,1,162.0,115.0
2025-03-10 19:25:00+00:00,2025-03-10 19:25:00+00:00,DBD,15,6,7,19468.0,19465.5,short,19469.5,19465.5,8.0,36.0,target,1,128.0,155.0
2025-03-10 19:30:00+00:00,2025-03-10 19:30:00+00:00,DBD,15,6,6,19468.0,19465.5,short,19469.5,19465.5,8.0,36.0,target,1,296.0,155.0
2025-03-10 19:40:00+00:00,2025-03-10 19:40:00+00:00,RBR,5,5,5,19429.25,19431.75,long,19427.75,19431.75,8.0,36.0,target,1,144.0,345.0
2025-03-11 13:35:00+00:00,2025-03-11 13:35:00+00:00,DBD,5,4,4,19489.25,19486.75,short,19490.75,19486.75,8.0,36.0,target,1,216.0,359.0
2025-03-11 14:00:00+00:00,2025-03-11 14:00:00+00:00,RBR,5,5,5,19385.75,19388.25,long,19384.25,19388.25,8.0,36.0,target,1,130.0,913.0
2025-03-11 14:50:00+00:00,2025-03-11 14:50:00+00:00,DBD,5,5,5,19384.5,19382.0,short,19386.0,19382.0,8.0,36.0,target,1,134.0,387.0
2025-03-11 15:10:00+00:00,2025-03-11 15:10:00+00:00,DBD,5,5,6,19485.0,19482.5,short,19486.5,19482.5,8.0,36.0,target,1,94.0,198.0
2025-03-11 15:15:00+00:00,2025-03-11 15:15:00+00:00,DBD,5,5,5,19485.0,19482.5,short,19486.5,19482.5,8.0,36.0,target,1,57.0,140.0
2025-03-11 15:55:00+00:00,2025-03-11 15:55:00+00:00,RBR,5,5,5,19427.25,19429.75,long,19425.75,19429.75,8.0,36.0,target,1,58.0,322.0
2025-03-11 17:05:00+00:00,2025-03-11 17:05:00+00:00,RBR,15,4,5,19281.0,19283.5,long,19279.5,19283.5,8.0,36.0,target,1,11.0,122.0
2025-03-11 17:10:00+00:00,2025-03-11 17:10:00+00:00,RBR,15,4,4,19281.0,19283.5,long,19279.5,19283.5,8.0,36.0,target,1,24.0,126.0
2025-03-11 17:45:00+00:00,2025-03-11 17:45:00+00:00,DBD,5,5,6,19321.0,19318.5,short,19322.5,19318.5,8.0,36.0,target,1,177.0,145.0
2025-03-11 17:50:00+00:00,2025-03-11 17:50:00+00:00,DBD,5,4,5,19353.0,19350.5,short,19354.5,19350.5,8.0,36.0,target,1,66.0,153.0
2025-03-11 18:00:00+00:00,2025-03-11 18:00:00+00:00,DBD,5,4,5,19387.5,19385.0,short,19389.0,19385.0,8.0,36.0,target,1,221.0,274.0
2025-03-11 18:45:00+00:00,2025-03-11 18:45:00+00:00,DBD,15,4,4,19614.0,19611.5,short,19615.5,19611.5,8.0,36.0,target,1,49.0,139.0
2025-03-11 19:00:00+00:00,2025-03-11 19:00:00+00:00,RBR,5,4,4,19579.25,19581.75,long,19577.75,19581.75,8.0,36.0,target,1,87.0,264.0
2025-03-11 19:50:00+00:00,2025-03-11 19:50:00+00:00,RBR,5,4,5,19450.0,19452.5,long,19448.5,19452.5,8.0,36.0,target,1,24.0,415.0
2025-03-11 19:55:00+00:00,2025-03-11 19:55:00+00:00,RBR,5,6,6,19393.75,19396.25,long,19392.25,19396.25,8.0,36.0,target,1,8.0,366.0
2025-03-12 14:30:00+00:00,2025-03-12 14:30:00+00:00,RBR,5,5,5,19580.0,19582.5,long,19578.5,19582.5,8.0,36.0,target,1,162.0,258.0
2025-03-12 15:35:00+00:00,2025-03-12 15:35:00+00:00,DBD,15,4,4,19569.5,19567.0,short,19571.0,19567.0,8.0,36.0,target,1,65.0,163.0
2025-03-12 15:40:00+00:00,2025-03-12 15:40:00+00:00,DBD,5,4,4,19576.0,19573.5,short,19577.5,19573.5,8.0,36.0,target,1,61.0,82.0
2025-03-12 16:05:00+00:00,2025-03-12 16:05:00+00:00,DBD,15,4,5,19662.0,19659.5,short,19663.5,19659.5,8.0,36.0,target,1,0.0,242.0
2025-03-12 16:10:00+00:00,2025-03-12 16:10:00+00:00,DBD,5,4,5,19661.75,19659.25,short,19663.25,19659.25,8.0,36.0,target,1,120.0,142.0
2025-03-12 16:40:00+00:00,2025-03-12 16:40:00+00:00,RBR,5,5,5,19653.25,19655.75,long,19651.75,19655.75,8.0,36.0,target,1,177.0,163.0
2025-03-12 19:15:00+00:00,2025-03-12 19:15:00+00:00,RBR,5,5,6,19626.25,19628.75,long,19624.75,19628.75,8.0,36.0,target,1,70.0,120.0
2025-03-12 19:20:00+00:00,2025-03-12 19:20:00+00:00,RBR,5,5,6,19591.0,19593.5,long,19589.5,19593.5,8.0,36.0,target,1,8.0,267.0
2025-03-12 19:35:00+00:00,2025-03-12 19:35:00+00:00,RBR,5,5,5,19591.0,19593.5,long,19589.5,19593.5,8.0,36.0,target,1,57.0,123.0
2025-03-13 14:15:00+00:00,2025-03-13 14:15:00+00:00,DBD,5,6,7,19507.0,19504.5,short,19508.5,19504.5,8.0,36.0,target,1,100.0,158.0
2025-03-13 14:25:00+00:00,2025-03-13 14:25:00+00:00,DBD,5,6,7,19569.25,19566.75,short,19570.75,19566.75,8.0,36.0,target,1,3.0,396.0
2025-03-13 15:40:00+00:00,2025-03-13 15:40:00+00:00,DBD,5,6,6,19381.5,19379.0,short,19383.0,19379.0,8.0,36.0,target,1,46.0,420.0
2025-03-13 17:50:00+00:00,2025-03-13 17:50:00+00:00,DBD,5,5,5,19208.25,19205.75,short,19209.75,19205.75,8.0,36.0,target,1,77.0,115.0
2025-03-13 18:05:00+00:00,2025-03-13 18:05:00+00:00,DBD,5,3,4,19266.75,19264.25,short,19268.25,19264.25,8.0,36.0,target,1,58.0,110.0
2025-03-13 19:05:00+00:00,2025-03-13 19:05:00+00:00,RBR,5,3,4,19303.25,19305.75,long,19301.75,19305.75,8.0,36.0,target,1,44.0,185.0
2025-03-13 19:25:00+00:00,2025-03-13 19:25:00+00:00,RBR,5,4,4,19239.25,19241.75,long,19237.75,19241.75,8.0,36.0,target,1,10.0,281.0
2025-03-13 19:30:00+00:00,2025-03-13 19:30:00+00:00,RBR,5,4,5,19239.25,19241.75,long,19237.75,19241.75,8.0,36.0,target,1,1.0,173.0
2025-03-13 19:35:00+00:00,2025-03-13 19:35:00+00:00,RBR,5,4,4,19239.25,19241.75,long,19237.75,19241.75,8.0,36.0,target,1,133.0,149.0
2025-03-14 13:55:00+00:00,2025-03-14 13:55:00+00:00,RBR,5,5,5,19548.75,19551.25,long,19547.25,19551.25,8.0,36.0,target,1,53.0,243.0
2025-03-14 16:10:00+00:00,2025-03-14 16:10:00+00:00,RBR,5,4,4,19629.5,19632.0,long,19628.0,19632.0,8.0,36.0,target,1,12.0,95.0
2025-03-14 17:00:00+00:00,2025-03-14 17:00:00+00:00,RBR,5,5,5,19665.0,19667.5,long,19663.5,19667.5,8.0,36.0,target,1,25.0,169.0
2025-03-14 17:15:00+00:00,2025-03-14 17:15:00+00:00,RBR,5,5,4,19665.0,19667.5,long,19663.5,19667.5,8.0,36.0,target,1,3.0,118.0
2025-03-14 17:30:00+00:00,2025-03-14 17:30:00+00:00,RBR,5,4,5,19633.0,19635.5,long,19631.5,19635.5,8.0,36.0,target,1,14.0,159.0
2025-03-14 17:35:00+00:00,2025-03-14 17:35:00+00:00,RBR,5,4,4,19633.0,19635.5,long,19631.5,19635.5,8.0,36.0,target,1,50.0,104.0
2025-03-14 18:25:00+00:00,2025-03-14 18:25:00+00:00,DBD,5,5,5,19643.25,19640.75,short,19644.75,19640.75,8.0,36.0,target,1,3.0,115.0
2025-03-14 18:30:00+00:00,2025-03-14 18:30:00+00:00,DBD,5,5,5,19643.25,19640.75,short,19644.75,19640.75,8.0,36.0,target,1,94.0,47.0
2025-03-14 19:20:00+00:00,2025-03-14 19:20:00+00:00,RBR,5,5,5,19681.75,19684.25,long,19680.25,19684.25,8.0,36.0,target,1,46.0,69.0
2025-03-14 19:25:00+00:00,2025-03-14 19:25:00+00:00,RBR,5,5,4,19681.75,19684.25,long,19680.25,19684.25,8.0,36.0,target,1,73.0,49.0
2025-03-14 19:40:00+00:00,2025-03-14 19:40:00+00:00,RBR,15,5,6,19652.0,19654.5,long,19650.5,19654.5,8.0,36.0,target,1,8.0,84.0
2025-03-17 15:15:00+00:00,2025-03-17 15:15:00+00:00,DBD,5,3,4,19705.75,19703.25,short,19707.25,19703.25,8.0,36.0,target,1,104.0,109.0
2025-03-17 17:40:00+00:00,2025-03-17 17:40:00+00:00,DBD,15,3,4,19817.25,19814.75,short,19818.75,19814.75,8.0,36.0,target,1,31.0,74.0
2025-03-17 19:50:00+00:00,2025-03-17 19:50:00+00:00,RBR,5,6,6,19879.75,19882.25,long,19878.25,19882.25,8.0,36.0,target,1,80.0,144.0
2025-03-18 15:45:00+00:00,2025-03-18 15:45:00+00:00,RBR,5,4,4,19454.5,19457.0,long,19453.0,19457.0,8.0,36.0,target,1,2.0,133.0
2025-03-18 16:00:00+00:00,2025-03-18 16:00:00+00:00,DBD,5,5,5,19487.75,19485.25,short,19489.25,19485.25,8.0,36.0,target,1,7.0,164.0
2025-03-18 16:05:00+00:00,2025-03-18 16:05:00+00:00,DBD,5,5,4,19487.75,19485.25,short,19489.25,19485.25,8.0,36.0,target,1,18.0,62.0
2025-03-18 16:45:00+00:00,2025-03-18 16:45:00+00:00,RBR,5,4,5,19472.25,19474.75,long,19470.75,19474.75,8.0,36.0,target,1,9.0,97.0
2025-03-18 16:50:00+00:00,2025-03-18 16:50:00+00:00,RBR,5,4,4,19472.25,19474.75,long,19470.75,19474.75,8.0,36.0,target,1,85.0,45.0
2025-03-18 16:55:00+00:00,2025-03-18 16:55:00+00:00,DBD,5,6,6,19544.75,19542.25,short,19546.25,19542.25,8.0,36.0,target,1,4.0,259.0
2025-03-18 17:10:00+00:00,2025-03-18 17:10:00+00:00,DBD,5,6,7,19544.75,19542.25,short,19546.25,19542.25,8.0,36.0,target,1,1.0,220.0
2025-03-18 18:20:00+00:00,2025-03-18 18:20:00+00:00,DBD,5,4,4,19490.5,19488.0,short,19492.0,19488.0,8.0,36.0,target,1,127.0,77.0
2025-03-18 19:25:00+00:00,2025-03-18 19:25:00+00:00,RBR,15,5,5,19485.25,19487.75,long,19483.75,19487.75,8.0,36.0,target,1,7.0,155.0
2025-03-18 19:35:00+00:00,2025-03-18 19:35:00+00:00,RBR,15,5,4,19485.25,19487.75,long,19483.75,19487.75,8.0,36.0,target,1,7.0,122.0
2025-03-19 13:45:00+00:00,2025-03-19 13:45:00+00:00,DBD,5,5,5,19584.25,19581.75,short,19585.75,19581.75,8.0,36.0,target,1,37.0,262.0
2025-03-19 13:50:00+00:00,2025-03-19 13:50:00+00:00,DBD,5,5,5,19584.25,19581.75,short,19585.75,19581.75,8.0,36.0,target,1,196.0,69.0
2025-03-19 14:40:00+00:00,2025-03-19 14:40:00+00:00,RBR,5,5,5,19614.0,19616.5,long,19612.5,19616.5,8.0,36.0,target,1,7.0,167.0
2025-03-19 14:45:00+00:00,2025-03-19 14:45:00+00:00,RBR,5,5,6,19614.0,19616.5,long,19612.5,19616.5,8.0,36.0,target,1,40.0,66.0
2025-03-19 14:50:00+00:00,2025-03-19 14:50:00+00:00,RBR,5,5,5,19614.0,19616.5,long,19612.5,19616.5,8.0,36.0,target,1,89.0,45.0
2025-03-19 15:05:00+00:00,2025-03-19 15:05:00+00:00,DBD,5,5,5,19630.5,19628.0,short,19632.0,19628.0,8.0,36.0,target,1,105.0,71.0
2025-03-19 15:30:00+00:00,2025-03-19 15:30:00+00:00,DBD,5,3,4,19683.75,19681.25,short,19685.25,19681.25,8.0,36.0,target,1,3.0,108.0
2025-03-19 16:15:00+00:00,2025-03-19 16:15:00+00:00,RBR,5,6,7,19684.75,19687.25,long,19683.25,19687.25,8.0,36.0,target,1,21.0,40.0
2025-03-19 16:20:00+00:00,2025-03-19 16:20:00+00:00,RBR,5,6,6,19684.75,19687.25,long,19683.25,19687.25,8.0,36.0,target,1,22.0,74.0
2025-03-19 17:10:00+00:00,2025-03-19 17:10:00+00:00,RBR,15,4,5,19618.0,19620.5,long,19616.5,19620.5,8.0,36.0,target,1,31.0,102.0
2025-03-19 18:00:00+00:00,2025-03-19 18:00:00+00:00,DBD,15,5,5,19687.25,19684.75,short,19688.75,19684.75,8.0,36.0,target,1,44.0,549.0
2025-03-19 18:10:00+00:00,2025-03-19 18:10:00+00:00,DBD,15,4,5,19706.0,19703.5,short,19707.5,19703.5,8.0,36.0,target,1,4.0,207.0
2025-03-19 18:15:00+00:00,2025-03-19 18:15:00+00:00,DBD,15,4,4,19706.0,19703.5,short,19707.5,19703.5,8.0,36.0,target,1,74.0,71.0
2025-03-19 19:25:00+00:00,2025-03-19 19:25:00+00:00,RBR,5,4,4,19738.5,19741.0,long,19737.0,19741.0,8.0,36.0,target,1,22.0,347.0
2025-03-19 19:30:00+00:00,2025-03-19 19:30:00+00:00,RBR,5,4,5,19738.5,19741.0,long,19737.0,19741.0,8.0,36.0,target,1,6.0,260.0
2025-03-20 14:00:00+00:00,2025-03-20 14:00:00+00:00,DBD,5,4,4,19772.75,19770.25,short,19774.25,19770.25,8.0,36.0,target,1,165.0,198.0
2025-03-20 15:35:00+00:00,2025-03-20 15:35:00+00:00,RBR,15,4,4,19770.0,19772.5,long,19768.5,19772.5,8.0,36.0,target,1,52.0,122.0
2025-03-20 18:50:00+00:00,2025-03-20 18:50:00+00:00,DBD,5,5,5,19670.75,19668.25,short,19672.25,19668.25,8.0,36.0,target,1,46.0,121.0
2025-03-20 19:45:00+00:00,2025-03-20 19:45:00+00:00,DBD,15,3,4,19699.0,19696.5,short,19700.5,19696.5,8.0,36.0,target,1,84.0,43.0
2025-03-24 14:15:00+00:00,2025-03-24 14:15:00+00:00,DBD,5,5,5,20329.0,20326.5,short,20330.5,20326.5,8.0,36.0,target,1,32.0,76.0
2025-03-24 15:50:00+00:00,2025-03-24 15:50:00+00:00,DBD,5,6,6,20356.25,20353.75,short,20357.75,20353.75,8.0,36.0,target,1,9.0,103.0
2025-03-24 15:55:00+00:00,2025-03-24 15:55:00+00:00,DBD,5,6,7,20356.25,20353.75,short,20357.75,20353.75,8.0,36.0,target,1,8.0,23.0
2025-03-24 16:00:00+00:00,2025-03-24 16:00:00+00:00,DBD,5,6,6,20356.25,20353.75,short,20357.75,20353.75,8.0,36.0,target,1,31.0,35.0
2025-03-24 16:25:00+00:00,2025-03-24 16:25:00+00:00,RBR,5,7,7,20350.5,20353.0,long,20349.0,20353.0,8.0,36.0,target,1,66.0,95.0
2025-03-24 16:30:00+00:00,2025-03-24 16:30:00+00:00,RBR,5,6,7,20330.0,20332.5,long,20328.5,20332.5,8.0,36.0,target,1,24.0,72.0
2025-03-24 16:40:00+00:00,2025-03-24 16:40:00+00:00,RBR,5,6,6,20330.0,20332.5,long,20328.5,20332.5,8.0,36.0,target,1,44.0,59.0
2025-03-24 19:55:00+00:00,2025-03-24 19:55:00+00:00,RBR,5,5,5,20369.5,20372.0,long,20368.0,20372.0,8.0,36.0,target,1,15.0,160.0
2025-03-25 17:05:00+00:00,2025-03-25 17:05:00+00:00,DBD,15,3,4,20478.25,20475.75,short,20479.75,20475.75,8.0,36.0,target,1,7.0,46.0
2025-03-25 17:15:00+00:00,2025-03-25 17:15:00+00:00,RBR,5,4,5,20444.25,20446.75,long,20442.75,20446.75,8.0,36.0,target,1,16.0,63.0
2025-03-25 17:20:00+00:00,2025-03-25 17:20:00+00:00,RBR,5,6,7,20432.75,20435.25,long,20431.25,20435.25,8.0,36.0,target,1,13.0,59.0
2025-03-25 17:25:00+00:00,2025-03-25 17:25:00+00:00,RBR,5,6,6,20432.75,20431.25,long,20431.25,20435.25,-8.0,-44.0,stop,1,123.0,1.0
2025-03-25 18:15:00+00:00,2025-03-25 18:15:00+00:00,DBD,5,3,4,20447.5,20445.0,short,20449.0,20445.0,8.0,36.0,target,1,6.0,67.0
2025-03-26 14:50:00+00:00,2025-03-26 14:50:00+00:00,DBD,5,6,6,20293.25,20290.75,short,20294.75,20290.75,8.0,36.0,target,1,76.0,137.0
2025-03-26 18:10:00+00:00,2025-03-26 18:10:00+00:00,DBD,5,6,6,20106.75,20104.25,short,20108.25,20104.25,8.0,36.0,target,1,105.0,37.0
2025-03-26 19:50:00+00:00,2025-03-26 19:50:00+00:00,DBD,5,3,4,20120.75,20118.25,short,20122.25,20118.25,8.0,36.0,target,1,57.0,64.0
2025-03-27 13:50:00+00:00,2025-03-27 13:50:00+00:00,DBD,5,4,5,20072.25,20069.75,short,20073.75,20069.75,8.0,36.0,target,1,28.0,288.0
2025-03-27 13:55:00+00:00,2025-03-27 13:55:00+00:00,DBD,5,4,4,20072.25,20069.75,short,20073.75,20069.75,8.0,36.0,target,1,75.0,38.0
2025-03-27 15:15:00+00:00,2025-03-27 15:15:00+00:00,RBR,5,4,5,20140.25,20142.75,long,20138.75,20142.75,8.0,36.0,target,1,0.0,117.0
2025-03-27 15:20:00+00:00,2025-03-27 15:20:00+00:00,RBR,5,4,4,20140.25,20142.75,long,20138.75,20142.75,8.0,36.0,target,1,6.0,107.0
2025-03-27 15:30:00+00:00,2025-03-27 15:30:00+00:00,RBR,5,6,6,20106.5,20109.0,long,20105.0,20109.0,8.0,36.0,target,1,61.0,115.0
2025-03-27 16:05:00+00:00,2025-03-27 16:05:00+00:00,DBD,5,6,6,20089.5,20087.0,short,20091.0,20087.0,8.0,36.0,target,1,57.0,106.0
2025-03-27 16:25:00+00:00,2025-03-27 16:25:00+00:00,RBR,5,4,4,20079.0,20081.5,long,20077.5,20081.5,8.0,36.0,target,1,21.0,137.0
2025-03-27 16:30:00+00:00,2025-03-27 16:30:00+00:00,RBR,5,4,5,20079.0,20081.5,long,20077.5,20081.5,8.0,36.0,target,1,5.0,127.0
2025-03-27 17:10:00+00:00,2025-03-27 17:10:00+00:00,DBD,5,6,7,20052.5,20050.0,short,20054.0,20050.0,8.0,36.0,target,1,47.0,74.0
2025-03-27 17:50:00+00:00,2025-03-27 17:50:00+00:00,DBD,5,6,7,20061.5,20059.0,short,20063.0,20059.0,8.0,36.0,target,1,13.0,218.0
2025-03-27 18:05:00+00:00,2025-03-27 18:05:00+00:00,DBD,5,6,6,20061.5,20059.0,short,20063.0,20059.0,8.0,36.0,target,1,48.0,78.0
2025-03-27 19:30:00+00:00,2025-03-27 19:30:00+00:00,RBR,5,5,5,20083.5,20086.0,long,20082.0,20086.0,8.0,36.0,target,1,63.0,113.0
2025-03-27 19:35:00+00:00,2025-03-27 19:35:00+00:00,RBR,5,5,6,20083.5,20086.0,long,20082.0,20086.0,8.0,36.0,target,1,94.0,22.0
2025-03-28 17:15:00+00:00,2025-03-28 17:15:00+00:00,DBD,5,6,6,19492.75,19490.25,short,19494.25,19490.25,8.0,36.0,target,1,29.0,171.0
2025-03-28 17:55:00+00:00,2025-03-28 17:55:00+00:00,DBD,5,5,5,19478.0,19475.5,short,19479.5,19475.5,8.0,36.0,target,1,28.0,113.0
2025-03-28 18:00:00+00:00,2025-03-28 18:00:00+00:00,DBD,5,6,6,19492.75,19490.25,short,19494.25,19490.25,8.0,36.0,target,1,9.0,88.0
2025-03-28 18:20:00+00:00,2025-03-28 18:20:00+00:00,RBR,5,3,4,19470.75,19473.25,long,19469.25,19473.25,8.0,36.0,target,1,19.0,99.0
2025-03-28 18:50:00+00:00,2025-03-28 18:50:00+00:00,DBD,5,7,7,19465.5,19463.0,short,19467.0,19463.0,8.0,36.0,target,1,20.0,74.0
2025-03-28 19:05:00+00:00,2025-03-28 19:05:00+00:00,DBD,5,5,6,19503.75,19501.25,short,19505.25,19501.25,8.0,36.0,target,1,2.0,97.0
2025-03-28 19:10:00+00:00,2025-03-28 19:10:00+00:00,RBR,5,4,4,19472.5,19475.0,long,19471.0,19475.0,8.0,36.0,target,1,24.0,87.0
2025-03-28 19:15:00+00:00,2025-03-28 19:15:00+00:00,RBR,5,4,4,19472.5,19475.0,long,19471.0,19475.0,8.0,36.0,target,1,44.0,55.0
2025-03-31 13:55:00+00:00,2025-03-31 13:55:00+00:00,DBD,5,4,4,19094.25,19091.75,short,19095.75,19091.75,8.0,36.0,target,1,131.0,97.0
2025-03-31 14:30:00+00:00,2025-03-31 14:30:00+00:00,DBD,5,5,5,19115.0,19112.5,short,19116.5,19112.5,8.0,36.0,target,1,179.0,221.0
2025-03-31 15:20:00+00:00,2025-03-31 15:20:00+00:00,DBD,5,4,4,19178.0,19175.5,short,19179.5,19175.5,8.0,36.0,target,1,189.0,84.0
2025-03-31 16:25:00+00:00,2025-03-31 16:25:00+00:00,DBD,5,3,4,19250.75,19248.25,short,19252.25,19248.25,8.0,36.0,target,1,142.0,102.0
2025-03-31 17:05:00+00:00,2025-03-31 17:05:00+00:00,DBD,5,4,4,19279.75,19277.25,short,19281.25,19277.25,8.0,36.0,target,1,62.0,160.0
2025-03-31 19:25:00+00:00,2025-03-31 19:25:00+00:00,RBR,5,7,7,19378.75,19381.25,long,19377.25,19381.25,8.0,36.0,target,1,85.0,155.0
2025-03-31 19:40:00+00:00,2025-03-31 19:40:00+00:00,DBD,5,4,4,19436.75,19434.25,short,19438.25,19434.25,8.0,36.0,target,1,176.0,85.0
2025-04-01 14:00:00+00:00,2025-04-01 14:00:00+00:00,RBR,5,5,6,19361.25,19363.75,long,19359.75,19363.75,8.0,36.0,target,1,57.0,289.0
2025-04-01 14:05:00+00:00,2025-04-01 14:05:00+00:00,RBR,5,5,5,19361.25,19363.75,long,19359.75,19363.75,8.0,36.0,target,1,139.0,171.0
2025-04-01 16:20:00+00:00,2025-04-01 16:20:00+00:00,RBR,5,6,6,19596.0,19598.5,long,19594.5,19598.5,8.0,36.0,target,1,15.0,192.0
2025-04-01 16:25:00+00:00,2025-04-01 16:25:00+00:00,RBR,5,6,6,19596.0,19598.5,long,19594.5,19598.5,8.0,36.0,target,1,208.0,46.0
2025-04-01 16:30:00+00:00,2025-04-01 16:30:00+00:00,RBR,5,4,4,19536.0,19538.5,long,19534.5,19538.5,8.0,36.0,target,1,36.0,135.0
2025-04-01 16:40:00+00:00,2025-04-01 16:40:00+00:00,RBR,5,6,7,19502.75,19505.25,long,19501.25,19505.25,8.0,36.0,target,1,25.0,123.0
2025-04-01 16:45:00+00:00,2025-04-01 16:45:00+00:00,RBR,5,6,6,19502.75,19505.25,long,19501.25,19505.25,8.0,36.0,target,1,21.0,167.0
2025-04-01 16:50:00+00:00,2025-04-01 16:50:00+00:00,DBD,5,4,4,19569.75,19567.25,short,19571.25,19567.25,8.0,36.0,target,1,100.0,140.0
2025-04-01 18:50:00+00:00,2025-04-01 18:50:00+00:00,RBR,5,4,4,19396.0,19398.5,long,19394.5,19398.5,8.0,36.0,target,1,41.0,103.0
2025-04-02 15:10:00+00:00,2025-04-02 15:10:00+00:00,RBR,5,7,7,19592.5,19595.0,long,19591.0,19595.0,8.0,36.0,target,1,38.0,171.0
2025-04-02 15:20:00+00:00,2025-04-02 15:20:00+00:00,DBD,5,4,4,19635.0,19632.5,short,19636.5,19632.5,8.0,36.0,target,1,176.0,70.0
2025-04-02 17:20:00+00:00,2025-04-02 17:20:00+00:00,RBR,5,5,5,19830.25,19832.75,long,19828.75,19832.75,8.0,36.0,target,1,5.0,148.0
2025-04-02 17:30:00+00:00,2025-04-02 17:30:00+00:00,RBR,5,5,6,19830.25,19832.75,long,19828.75,19832.75,8.0,36.0,target,1,125.0,24.0
2025-04-02 17:45:00+00:00,2025-04-02 17:45:00+00:00,RBR,15,5,6,19736.25,19738.75,long,19734.75,19738.75,8.0,36.0,target,1,22.0,155.0
2025-04-02 17:50:00+00:00,2025-04-02 17:50:00+00:00,RBR,15,5,5,19736.25,19738.75,long,19734.75,19738.75,8.0,36.0,target,1,70.0,42.0
2025-04-02 18:00:00+00:00,2025-04-02 18:00:00+00:00,RBR,5,5,5,19722.75,19725.25,long,19721.25,19725.25,8.0,36.0,target,1,36.0,158.0
2025-04-02 18:35:00+00:00,2025-04-02 18:35:00+00:00,DBD,5,4,4,19687.25,19684.75,short,19688.75,19684.75,8.0,36.0,target,1,51.0,176.0
2025-04-02 19:25:00+00:00,2025-04-02 19:25:00+00:00,DBD,5,4,4,19695.25,19692.75,short,19696.75,19692.75,8.0,36.0,target,1,15.0,205.0
2025-04-02 19:40:00+00:00,2025-04-02 19:40:00+00:00,DBD,5,4,5,19760.25,19757.75,short,19761.75,19757.75,8.0,36.0,target,1,29.0,139.0
2025-04-02 19:45:00+00:00,2025-04-02 19:45:00+00:00,DBD,5,4,4,19760.25,19757.75,short,19761.75,19757.75,8.0,36.0,target,1,143.0,38.0
2025-04-03 14:25:00+00:00,2025-04-03 14:25:00+00:00,DBD,5,4,4,18940.25,18937.75,short,18941.75,18937.75,8.0,36.0,target,1,83.0,293.0
2025-04-03 14:30:00+00:00,2025-04-03 14:30:00+00:00,DBD,5,4,5,18940.25,18937.75,short,18941.75,18937.75,8.0,36.0,target,1,30.0,208.0
2025-04-03 15:10:00+00:00,2025-04-03 15:10:00+00:00,DBD,5,5,5,18795.0,18792.5,short,18796.5,18792.5,8.0,36.0,target,1,129.0,204.0
2025-04-03 16:15:00+00:00,2025-04-03 16:15:00+00:00,DBD,15,5,5,18961.0,18958.5,short,18962.5,18958.5,8.0,36.0,target,1,56.0,108.0
2025-04-03 18:10:00+00:00,2025-04-03 18:10:00+00:00,RBR,15,4,5,18794.5,18797.0,long,18793.0,18797.0,8.0,36.0,target,1,87.0,67.0
2025-04-03 18:40:00+00:00,2025-04-03 18:40:00+00:00,DBD,5,4,5,18839.25,18836.75,short,18840.75,18836.75,8.0,36.0,target,1,24.0,143.0
2025-04-04 15:00:00+00:00,2025-04-04 15:00:00+00:00,DBD,5,5,6,17911.5,17909.0,short,17913.0,17909.0,8.0,36.0,target,1,640.0,354.0
2025-04-04 15:45:00+00:00,2025-04-04 15:45:00+00:00,DBD,5,6,6,18000.5,17998.0,short,18002.0,17998.0,8.0,36.0,target,1,73.0,484.0
2025-04-04 16:20:00+00:00,2025-04-04 16:20:00+00:00,RBR,5,4,4,17776.75,17779.25,long,17775.25,17779.25,8.0,36.0,target,1,92.0,156.0
2025-04-04 16:35:00+00:00,2025-04-04 16:35:00+00:00,DBD,5,6,6,17795.75,17793.25,short,17797.25,17793.25,8.0,36.0,target,1,133.0,343.0
2025-04-04 17:35:00+00:00,2025-04-04 17:35:00+00:00,DBD,15,7,7,17793.25,17790.75,short,17794.75,17790.75,8.0,36.0,target,1,83.0,304.0
2025-04-04 17:40:00+00:00,2025-04-04 17:40:00+00:00,DBD,15,7,6,17793.25,17790.75,short,17794.75,17790.75,8.0,36.0,target,1,143.0,65.0
2025-04-04 17:55:00+00:00,2025-04-04 17:55:00+00:00,RBR,5,4,4,17777.0,17779.5,long,17775.5,17779.5,8.0,36.0,target,1,6.0,362.0
2025-04-04 18:10:00+00:00,2025-04-04 18:10:00+00:00,RBR,5,4,4,17777.0,17779.5,long,17775.5,17779.5,8.0,36.0,target,1,96.0,120.0
2025-04-04 18:25:00+00:00,2025-04-04 18:25:00+00:00,RBR,5,3,4,17661.75,17664.25,long,17660.25,17664.25,8.0,36.0,target,1,64.0,106.0
2025-04-04 18:50:00+00:00,2025-04-04 18:50:00+00:00,DBD,5,4,4,17667.0,17664.5,short,17668.5,17664.5,8.0,36.0,target,1,44.0,227.0
2025-04-04 19:45:00+00:00,2025-04-04 19:45:00+00:00,RBR,5,4,5,17709.75,17712.25,long,17708.25,17712.25,8.0,36.0,target,1,78.0,499.0
2025-04-07 13:50:00+00:00,2025-04-07 13:50:00+00:00,DBD,5,4,5,16980.0,16977.5,short,16981.5,16977.5,8.0,36.0,target,1,579.0,299.0
2025-04-07 14:50:00+00:00,2025-04-07 14:50:00+00:00,DBD,5,5,5,17695.0,17692.5,short,17696.5,17692.5,8.0,36.0,target,1,297.0,1057.0
2025-04-07 15:10:00+00:00,2025-04-07 15:10:00+00:00,RBR,5,5,5,17293.25,17295.75,long,17291.75,17295.75,8.0,36.0,target,1,234.0,1261.0
2025-04-07 16:05:00+00:00,2025-04-07 16:05:00+00:00,RBR,5,3,4,17294.25,17296.75,long,17292.75,17296.75,8.0,36.0,target,1,190.0,275.0
2025-04-07 16:25:00+00:00,2025-04-07 16:25:00+00:00,DBD,5,5,6,17394.25,17391.75,short,17395.75,17391.75,8.0,36.0,target,1,217.0,241.0
2025-04-07 17:00:00+00:00,2025-04-07 17:00:00+00:00,DBD,5,6,6,17346.0,17343.5,short,17347.5,17343.5,8.0,36.0,target,1,836.0,382.0
2025-04-07 17:05:00+00:00,2025-04-07 17:05:00+00:00,DBD,5,6,6,17346.0,17343.5,short,17347.5,17343.5,8.0,36.0,target,1,33.0,392.0
2025-04-07 17:10:00+00:00,2025-04-07 17:10:00+00:00,DBD,5,6,5,17346.0,17343.5,short,17347.5,17343.5,8.0,36.0,target,1,580.0,266.0
2025-04-07 18:25:00+00:00,2025-04-07 18:25:00+00:00,RBR,5,4,4,17596.5,17599.0,long,17595.0,17599.0,8.0,36.0,target,1,47.0,746.0
2025-04-07 19:05:00+00:00,2025-04-07 19:05:00+00:00,RBR,5,6,6,17494.25,17496.75,long,17492.75,17496.75,8.0,36.0,target,1,117.0,314.0
2025-04-07 19:35:00+00:00,2025-04-07 19:35:00+00:00,DBD,5,4,4,17649.0,17646.5,short,17650.5,17646.5,8.0,36.0,target,1,48.0,331.0
2025-04-08 15:10:00+00:00,2025-04-08 15:10:00+00:00,RBR,15,5,6,18059.25,18061.75,long,18057.75,18061.75,8.0,36.0,target,1,117.0,243.0
2025-04-08 17:40:00+00:00,2025-04-08 17:40:00+00:00,DBD,5,5,6,17692.25,17689.75,short,17693.75,17689.75,8.0,36.0,target,1,277.0,363.0
2025-04-08 19:50:00+00:00,2025-04-08 19:50:00+00:00,DBD,5,5,5,17143.75,17141.25,short,17145.25,17141.25,8.0,36.0,target,1,405.0,652.0
2025-04-09 14:05:00+00:00,2025-04-09 14:05:00+00:00,RBR,5,4,4,17420.5,17423.0,long,17419.0,17423.0,8.0,36.0,target,1,215.0,438.0
2025-04-09 14:45:00+00:00,2025-04-09 14:45:00+00:00,RBR,5,4,4,17367.0,17369.5,long,17365.5,17369.5,8.0,36.0,target,1,49.0,477.0
2025-04-09 17:15:00+00:00,2025-04-09 17:15:00+00:00,RBR,5,6,7,17525.25,17527.75,long,17523.75,17527.75,8.0,36.0,target,1,419.0,2125.0
2025-04-09 18:45:00+00:00,2025-04-09 18:45:00+00:00,RBR,5,5,6,18813.25,18815.75,long,18811.75,18815.75,8.0,36.0,target,1,43.0,475.0
2025-04-09 18:55:00+00:00,2025-04-09 18:55:00+00:00,RBR,5,5,5,18813.25,18815.75,long,18811.75,18815.75,8.0,36.0,target,1,202.0,335.0
2025-04-09 19:00:00+00:00,2025-04-09 19:00:00+00:00,RBR,15,6,6,18743.5,18746.0,long,18742.0,18746.0,8.0,36.0,target,1,97.0,590.0
2025-04-10 14:50:00+00:00,2025-04-10 14:50:00+00:00,RBR,5,3,4,18636.75,18639.25,long,18635.25,18639.25,8.0,36.0,target,1,71.0,201.0
2025-04-10 17:00:00+00:00,2025-04-10 17:00:00+00:00,DBD,5,6,6,18393.25,18390.75,short,18394.75,18390.75,8.0,36.0,target,1,406.0,486.0
2025-04-10 17:40:00+00:00,2025-04-10 17:40:00+00:00,DBD,5,6,6,18393.25,18390.75,short,18394.75,18390.75,8.0,36.0,target,1,42.0,440.0
2025-04-10 18:05:00+00:00,2025-04-10 18:05:00+00:00,RBR,5,7,7,18444.0,18446.5,long,18442.5,18446.5,8.0,36.0,target,1,276.0,600.0
2025-04-11 14:15:00+00:00,2025-04-11 14:15:00+00:00,RBR,5,4,4,18410.25,18412.75,long,18408.75,18412.75,8.0,36.0,target,1,17.0,699.0
2025-04-11 17:00:00+00:00,2025-04-11 17:00:00+00:00,RBR,5,4,4,18704.0,18706.5,long,18702.5,18706.5,8.0,36.0,target,1,99.0,230.0
2025-04-11 17:35:00+00:00,2025-04-11 17:35:00+00:00,DBD,5,4,4,18731.25,18728.75,short,18732.75,18728.75,8.0,36.0,target,1,73.0,483.0
2025-04-11 17:40:00+00:00,2025-04-11 17:40:00+00:00,DBD,15,4,4,18776.75,18774.25,short,18778.25,18774.25,8.0,36.0,target,1,296.0,187.0
2025-04-11 18:15:00+00:00,2025-04-11 18:15:00+00:00,RBR,5,5,5,18740.5,18743.0,long,18739.0,18743.0,8.0,36.0,target,1,65.0,295.0
2025-04-11 18:20:00+00:00,2025-04-11 18:20:00+00:00,RBR,5,5,4,18740.5,18743.0,long,18739.0,18743.0,8.0,36.0,target,1,98.0,137.0
2025-04-14 15:00:00+00:00,2025-04-14 15:00:00+00:00,RBR,5,5,5,19114.0,19116.5,long,19112.5,19116.5,8.0,36.0,target,1,112.0,149.0
2025-04-14 17:00:00+00:00,2025-04-14 17:00:00+00:00,DBD,5,6,6,18862.25,18859.75,short,18863.75,18859.75,8.0,36.0,target,1,261.0,361.0
2025-04-14 17:15:00+00:00,2025-04-14 17:15:00+00:00,DBD,5,6,6,18862.25,18859.75,short,18863.75,18859.75,8.0,36.0,target,1,53.0,202.0
2025-04-14 18:20:00+00:00,2025-04-14 18:20:00+00:00,DBD,15,4,4,18992.25,18989.75,short,18993.75,18989.75,8.0,36.0,target,1,46.0,101.0
2025-04-14 19:50:00+00:00,2025-04-14 19:50:00+00:00,RBR,5,6,6,18996.75,18999.25,long,18995.25,18999.25,8.0,36.0,target,1,142.0,115.0
2025-04-14 19:55:00+00:00,2025-04-14 19:55:00+00:00,RBR,15,5,5,18936.0,18938.5,long,18934.5,18938.5,8.0,36.0,target,1,59.0,188.0
2025-04-15 15:50:00+00:00,2025-04-15 15:50:00+00:00,DBD,5,4,4,19031.25,19028.75,short,19032.75,19028.75,8.0,36.0,target,1,149.0,193.0
2025-04-15 18:30:00+00:00,2025-04-15 18:30:00+00:00,DBD,5,7,7,18945.5,18943.0,short,18947.0,18943.0,8.0,36.0,target,1,24.0,118.0
2025-04-15 18:45:00+00:00,2025-04-15 18:45:00+00:00,DBD,5,5,6,18993.0,18990.5,short,18994.5,18990.5,8.0,36.0,target,1,6.0,144.0
2025-04-15 19:50:00+00:00,2025-04-15 19:50:00+00:00,DBD,5,4,5,18976.25,18973.75,short,18977.75,18973.75,8.0,36.0,target,1,51.0,178.0
2025-04-15 19:55:00+00:00,2025-04-15 19:55:00+00:00,DBD,5,4,4,18976.25,18973.75,short,18977.75,18973.75,8.0,36.0,target,1,6.0,110.0
2025-04-16 16:35:00+00:00,2025-04-16 16:35:00+00:00,RBR,5,5,5,18579.75,18582.25,long,18578.25,18582.25,8.0,36.0,target,1,79.0,147.0
2025-04-16 19:30:00+00:00,2025-04-16 19:30:00+00:00,DBD,5,4,4,18173.75,18171.25,short,18175.25,18171.25,8.0,36.0,target,1,116.0,152.0
2025-04-16 19:50:00+00:00,2025-04-16 19:50:00+00:00,DBD,5,5,5,18271.5,18269.0,short,18273.0,18269.0,8.0,36.0,target,1,480.0,36.0
2025-04-17 16:05:00+00:00,2025-04-17 16:05:00+00:00,DBD,5,5,5,18377.75,18375.25,short,18379.25,18375.25,8.0,36.0,target,1,213.0,243.0
2025-04-17 17:45:00+00:00,2025-04-17 17:45:00+00:00,DBD,5,4,4,18464.0,18461.5,short,18465.5,18461.5,8.0,36.0,target,1,41.0,230.0
2025-04-17 17:50:00+00:00,2025-04-17 17:50:00+00:00,DBD,5,4,5,18464.0,18461.5,short,18465.5,18461.5,8.0,36.0,target,1,50.0,143.0
2025-04-17 17:55:00+00:00,2025-04-17 17:55:00+00:00,DBD,5,4,4,18464.0,18461.5,short,18465.5,18461.5,8.0,36.0,target,1,94.0,54.0
2025-04-17 18:50:00+00:00,2025-04-17 18:50:00+00:00,RBR,5,5,6,18450.5,18453.0,long,18449.0,18453.0,8.0,36.0,target,1,83.0,144.0
2025-04-17 18:55:00+00:00,2025-04-17 18:55:00+00:00,RBR,5,5,5,18450.5,18453.0,long,18449.0,18453.0,8.0,36.0,target,1,130.0,24.0
2025-04-21 14:50:00+00:00,2025-04-21 14:50:00+00:00,RBR,5,4,5,17910.0,17912.5,long,17908.5,17912.5,8.0,36.0,target,1,25.0,81.0
2025-04-21 15:00:00+00:00,2025-04-21 15:00:00+00:00,RBR,5,4,4,17910.0,17912.5,long,17908.5,17912.5,8.0,36.0,target,1,17.0,158.0
2025-04-21 16:35:00+00:00,2025-04-21 16:35:00+00:00,DBD,5,5,6,17852.5,17850.0,short,17854.0,17850.0,8.0,36.0,target,1,34.0,76.0
2025-04-21 18:30:00+00:00,2025-04-21 18:30:00+00:00,DBD,5,5,6,17761.75,17759.25,short,17763.25,17759.25,8.0,36.0,target,1,78.0,40.0
2025-04-21 18:40:00+00:00,2025-04-21 18:40:00+00:00,RBR,5,5,5,17729.5,17732.0,long,17728.0,17732.0,8.0,36.0,target,1,14.0,126.0
2025-04-21 19:00:00+00:00,2025-04-21 19:00:00+00:00,DBD,5,6,6,17739.25,17736.75,short,17740.75,17736.75,8.0,36.0,target,1,60.0,136.0
2025-04-22 14:15:00+00:00,2025-04-22 14:15:00+00:00,RBR,5,4,4,18242.0,18244.5,long,18240.5,18244.5,8.0,36.0,target,1,5.0,123.0
2025-04-22 15:20:00+00:00,2025-04-22 15:20:00+00:00,RBR,5,5,5,18365.5,18368.0,long,18364.0,18368.0,8.0,36.0,target,1,25.0,82.0
2025-04-22 15:25:00+00:00,2025-04-22 15:25:00+00:00,RBR,5,5,5,18365.5,18368.0,long,18364.0,18368.0,8.0,36.0,target,1,65.0,35.0
2025-04-22 15:40:00+00:00,2025-04-22 15:40:00+00:00,RBR,5,4,5,18289.75,18292.25,long,18288.25,18292.25,8.0,36.0,target,1,10.0,169.0
2025-04-22 15:45:00+00:00,2025-04-22 15:45:00+00:00,RBR,15,3,4,18289.75,18292.25,long,18288.25,18292.25,8.0,36.0,target,1,6.0,60.0
2025-04-22 15:55:00+00:00,2025-04-22 15:55:00+00:00,DBD,5,5,5,18358.25,18355.75,short,18359.75,18355.75,8.0,36.0,target,1,153.0,193.0
2025-04-22 16:40:00+00:00,2025-04-22 16:40:00+00:00,RBR,5,6,6,18445.25,18447.75,long,18443.75,18447.75,8.0,36.0,target,1,27.0,110.0
2025-04-22 16:50:00+00:00,2025-04-22 16:50:00+00:00,RBR,5,6,7,18445.25,18447.75,long,18443.75,18447.75,8.0,36.0,target,1,93.0,76.0
2025-04-22 17:00:00+00:00,2025-04-22 17:00:00+00:00,RBR,5,6,6,18445.25,18447.75,long,18443.75,18447.75,8.0,36.0,target,1,5.0,97.0
2025-04-22 17:10:00+00:00,2025-04-22 17:10:00+00:00,RBR,5,5,6,18404.0,18406.5,long,18402.5,18406.5,8.0,36.0,target,1,147.0,256.0
2025-04-22 17:30:00+00:00,2025-04-22 17:30:00+00:00,RBR,15,4,5,18240.75,18243.25,long,18239.25,18243.25,8.0,36.0,target,1,21.0,197.0
2025-04-22 17:45:00+00:00,2025-04-22 17:45:00+00:00,RBR,15,4,4,18240.75,18243.25,long,18239.25,18243.25,8.0,36.0,target,1,52.0,185.0
2025-04-22 18:15:00+00:00,2025-04-22 18:15:00+00:00,DBD,15,4,4,18313.25,18310.75,short,18314.75,18310.75,8.0,36.0,target,1,14.0,97.0
2025-04-22 19:05:00+00:00,2025-04-22 19:05:00+00:00,RBR,5,5,5,18360.0,18362.5,long,18358.5,18362.5,8.0,36.0,target,1,8.0,142.0
2025-04-22 19:10:00+00:00,2025-04-22 19:10:00+00:00,RBR,5,4,5,18335.75,18338.25,long,18334.25,18338.25,8.0,36.0,target,1,32.0,116.0
2025-04-22 19:15:00+00:00,2025-04-22 19:15:00+00:00,RBR,5,4,4,18335.75,18338.25,long,18334.25,18338.25,8.0,36.0,target,1,185.0,31.0
2025-04-22 19:20:00+00:00,2025-04-22 19:20:00+00:00,RBR,5,6,7,18289.0,18291.5,long,18287.5,18291.5,8.0,36.0,target,1,95.0,82.0
2025-04-22 19:40:00+00:00,2025-04-22 19:40:00+00:00,DBD,5,6,6,18285.0,18282.5,short,18286.5,18282.5,8.0,36.0,target,1,214.0,178.0
2025-04-22 19:55:00+00:00,2025-04-22 19:55:00+00:00,DBD,5,4,5,18396.0,18393.5,short,18397.5,18393.5,8.0,36.0,target,1,41.0,176.0
2025-04-23 16:35:00+00:00,2025-04-23 16:35:00+00:00,DBD,5,3,4,18860.25,18857.75,short,18861.75,18857.75,8.0,36.0,target,1,106.0,92.0
2025-04-23 16:45:00+00:00,2025-04-23 16:45:00+00:00,RBR,5,6,6,18823.75,18826.25,long,18822.25,18826.25,8.0,36.0,target,1,5.0,249.0
2025-04-23 16:50:00+00:00,2025-04-23 16:50:00+00:00,RBR,5,6,7,18823.75,18826.25,long,18822.25,18826.25,8.0,36.0,target,1,23.0,209.0
2025-04-23 17:25:00+00:00,2025-04-23 17:25:00+00:00,RBR,5,5,5,18921.0,18923.5,long,18919.5,18923.5,8.0,36.0,target,1,11.0,181.0
2025-04-23 19:50:00+00:00,2025-04-23 19:50:00+00:00,DBD,5,4,5,18834.5,18832.0,short,18836.0,18832.0,8.0,36.0,target,1,101.0,200.0
2025-04-24 14:45:00+00:00,2025-04-24 14:45:00+00:00,RBR,5,3,4,19095.25,19097.75,long,19093.75,19097.75,8.0,36.0,target,1,32.0,139.0
2025-04-24 15:20:00+00:00,2025-04-24 15:20:00+00:00,RBR,5,6,6,19151.5,19154.0,long,19150.0,19154.0,8.0,36.0,target,1,5.0,146.0
2025-04-24 15:25:00+00:00,2025-04-24 15:25:00+00:00,RBR,5,6,7,19151.5,19154.0,long,19150.0,19154.0,8.0,36.0,target,1,76.0,95.0
2025-04-24 19:00:00+00:00,2025-04-24 19:00:00+00:00,RBR,5,7,7,19277.5,19280.0,long,19276.0,19280.0,8.0,36.0,target,1,91.0,69.0
2025-04-25 14:20:00+00:00,2025-04-25 14:20:00+00:00,RBR,5,5,5,19256.75,19259.25,long,19255.25,19259.25,8.0,36.0,target,1,17.0,449.0
2025-04-25 14:25:00+00:00,2025-04-25 14:25:00+00:00,RBR,5,5,6,19256.75,19259.25,long,19255.25,19259.25,8.0,36.0,target,1,59.0,177.0
2025-04-25 14:30:00+00:00,2025-04-25 14:30:00+00:00,RBR,5,5,5,19256.75,19259.25,long,19255.25,19259.25,8.0,36.0,target,1,92.0,215.0
2025-04-25 15:15:00+00:00,2025-04-25 15:15:00+00:00,RBR,5,5,5,19337.5,19340.0,long,19336.0,19340.0,8.0,36.0,target,1,10.0,180.0
2025-04-25 15:35:00+00:00,2025-04-25 15:35:00+00:00,RBR,5,5,5,19337.5,19340.0,long,19336.0,19340.0,8.0,36.0,target,1,85.0,102.0
2025-04-25 16:50:00+00:00,2025-04-25 16:50:00+00:00,RBR,5,3,4,19431.75,19434.25,long,19430.25,19434.25,8.0,36.0,target,1,19.0,121.0
2025-04-25 17:35:00+00:00,2025-04-25 17:35:00+00:00,RBR,5,5,5,19453.25,19455.75,long,19451.75,19455.75,8.0,36.0,target,1,47.0,317.0
2025-04-25 17:45:00+00:00,2025-04-25 17:45:00+00:00,RBR,5,5,6,19413.25,19415.75,long,19411.75,19415.75,8.0,36.0,target,1,22.0,199.0
2025-04-25 17:50:00+00:00,2025-04-25 17:50:00+00:00,RBR,15,4,5,19416.25,19418.75,long,19414.75,19418.75,8.0,36.0,target,1,102.0,119.0
2025-04-28 13:35:00+00:00,2025-04-28 13:35:00+00:00,RBR,5,8,8,19514.0,19516.5,long,19512.5,19516.5,8.0,36.0,target,1,125.0,44.0
2025-04-28 14:55:00+00:00,2025-04-28 14:55:00+00:00,RBR,5,5,5,19474.25,19476.75,long,19472.75,19476.75,8.0,36.0,target,1,57.0,109.0
2025-04-28 19:20:00+00:00,2025-04-28 19:20:00+00:00,DBD,15,4,5,19496.0,19493.5,short,19497.5,19493.5,8.0,36.0,target,1,71.0,53.0
2025-04-28 19:35:00+00:00,2025-04-28 19:35:00+00:00,RBR,5,5,5,19497.75,19500.25,long,19496.25,19500.25,8.0,36.0,target,1,21.0,105.0
2025-04-29 15:15:00+00:00,2025-04-29 15:15:00+00:00,RBR,5,5,5,19541.25,19543.75,long,19539.75,19543.75,8.0,36.0,target,1,67.0,111.0
2025-04-29 16:00:00+00:00,2025-04-29 16:00:00+00:00,DBD,5,4,4,19576.75,19574.25,short,19578.25,19574.25,8.0,36.0,target,1,21.0,162.0
2025-04-29 16:35:00+00:00,2025-04-29 16:35:00+00:00,RBR,5,5,5,19549.75,19552.25,long,19548.25,19552.25,8.0,36.0,target,1,20.0,136.0
2025-04-29 16:45:00+00:00,2025-04-29 16:45:00+00:00,RBR,5,5,5,19549.75,19552.25,long,19548.25,19552.25,8.0,36.0,target,1,216.0,109.0
2025-04-29 17:15:00+00:00,2025-04-29 17:15:00+00:00,DBD,5,6,6,19526.75,19524.25,short,19528.25,19524.25,8.0,36.0,target,1,159.0,54.0
2025-04-29 17:35:00+00:00,2025-04-29 17:35:00+00:00,DBD,15,4,5,19586.25,19583.75,short,19587.75,19583.75,8.0,36.0,target,1,3.0,113.0
2025-04-29 17:40:00+00:00,2025-04-29 17:40:00+00:00,DBD,15,4,4,19586.25,19583.75,short,19587.75,19583.75,8.0,36.0,target,1,81.0,10.0
2025-04-29 18:50:00+00:00,2025-04-29 18:50:00+00:00,RBR,5,5,5,19648.75,19651.25,long,19647.25,19651.25,8.0,36.0,target,1,26.0,77.0
2025-04-29 18:55:00+00:00,2025-04-29 18:55:00+00:00,RBR,5,5,4,19648.75,19651.25,long,19647.25,19651.25,8.0,36.0,target,1,31.0,79.0
2025-04-29 19:45:00+00:00,2025-04-29 19:45:00+00:00,DBD,5,4,4,19660.0,19657.5,short,19661.5,19657.5,8.0,36.0,target,1,24.0,158.0
2025-04-30 14:25:00+00:00,2025-04-30 14:25:00+00:00,DBD,5,7,7,19304.5,19302.0,short,19306.0,19302.0,8.0,36.0,target,1,42.0,130.0
2025-04-30 16:35:00+00:00,2025-04-30 16:35:00+00:00,DBD,5,6,6,19398.5,19396.0,short,19400.0,19396.0,8.0,36.0,target,1,121.0,167.0
2025-04-30 16:40:00+00:00,2025-04-30 16:40:00+00:00,DBD,5,5,6,19434.75,19432.25,short,19436.25,19432.25,8.0,36.0,target,1,23.0,83.0
2025-04-30 16:50:00+00:00,2025-04-30 16:50:00+00:00,DBD,5,5,5,19434.75,19432.25,short,19436.25,19432.25,8.0,36.0,target,1,7.0,112.0
2025-04-30 18:50:00+00:00,2025-04-30 18:50:00+00:00,DBD,5,3,4,19522.75,19520.25,short,19524.25,19520.25,8.0,36.0,target,1,27.0,105.0
2025-04-30 19:25:00+00:00,2025-04-30 19:25:00+00:00,RBR,5,7,7,19491.75,19494.25,long,19490.25,19494.25,8.0,36.0,target,1,98.0,42.0
2025-05-01 15:30:00+00:00,2025-05-01 15:30:00+00:00,RBR,5,4,5,20049.0,20051.5,long,20047.5,20051.5,8.0,36.0,target,1,23.0,139.0
2025-05-01 15:35:00+00:00,2025-05-01 15:35:00+00:00,RBR,5,4,4,20049.0,20051.5,long,20047.5,20051.5,8.0,36.0,target,1,20.0,98.0
2025-05-01 15:50:00+00:00,2025-05-01 15:50:00+00:00,RBR,5,5,5,20016.0,20018.5,long,20014.5,20018.5,8.0,36.0,target,1,83.0,51.0
2025-05-01 15:55:00+00:00,2025-05-01 15:55:00+00:00,RBR,15,6,6,19975.5,19978.0,long,19974.0,19978.0,8.0,36.0,target,1,170.0,83.0
2025-05-01 16:40:00+00:00,2025-05-01 16:40:00+00:00,RBR,5,5,5,19956.0,19958.5,long,19954.5,19958.5,8.0,36.0,target,1,45.0,114.0
2025-05-01 16:45:00+00:00,2025-05-01 16:45:00+00:00,RBR,5,5,5,19956.0,19958.5,long,19954.5,19958.5,8.0,36.0,target,1,101.0,48.0
2025-05-01 17:25:00+00:00,2025-05-01 17:25:00+00:00,RBR,5,6,6,20003.75,20006.25,long,20002.25,20006.25,8.0,36.0,target,1,71.0,77.0
2025-05-01 18:50:00+00:00,2025-05-01 18:50:00+00:00,RBR,5,5,5,20009.5,20012.0,long,20008.0,20012.0,8.0,36.0,target,1,0.0,129.0
2025-05-01 18:55:00+00:00,2025-05-01 18:55:00+00:00,RBR,5,5,4,20009.5,20012.0,long,20008.0,20012.0,8.0,36.0,target,1,16.0,62.0
2025-05-02 18:10:00+00:00,2025-05-02 18:10:00+00:00,DBD,5,4,5,20254.5,20252.0,short,20256.0,20252.0,8.0,36.0,target,1,18.0,46.0
2025-05-02 18:20:00+00:00,2025-05-02 18:20:00+00:00,RBR,5,5,5,20240.75,20243.25,long,20239.25,20243.25,8.0,36.0,target,1,12.0,48.0
2025-05-02 18:25:00+00:00,2025-05-02 18:25:00+00:00,DBD,5,4,4,20254.5,20252.0,short,20256.0,20252.0,8.0,36.0,target,1,1.0,34.0
2025-05-02 18:45:00+00:00,2025-05-02 18:45:00+00:00,RBR,5,7,7,20217.0,20219.5,long,20215.5,20219.5,8.0,36.0,target,1,33.0,189.0
2025-05-02 18:50:00+00:00,2025-05-02 18:50:00+00:00,RBR,15,5,6,20200.5,20203.0,long,20199.0,20203.0,8.0,36.0,target,1,7.0,135.0
2025-05-02 19:00:00+00:00,2025-05-02 19:00:00+00:00,RBR,15,5,5,20200.5,20203.0,long,20199.0,20203.0,8.0,36.0,target,1,28.0,86.0
2025-05-05 14:35:00+00:00,2025-05-05 14:35:00+00:00,DBD,5,7,7,20070.75,20068.25,short,20072.25,20068.25,8.0,36.0,target,1,35.0,247.0
2025-05-05 14:40:00+00:00,2025-05-05 14:40:00+00:00,DBD,5,7,7,20070.75,20068.25,short,20072.25,20068.25,8.0,36.0,target,1,76.0,39.0
2025-05-05 15:05:00+00:00,2025-05-05 15:05:00+00:00,RBR,5,4,4,20096.25,20098.75,long,20094.75,20098.75,8.0,36.0,target,1,36.0,82.0
2025-05-05 15:10:00+00:00,2025-05-05 15:10:00+00:00,RBR,5,4,4,20096.25,20098.75,long,20094.75,20098.75,8.0,36.0,target,1,51.0,38.0
2025-05-05 16:30:00+00:00,2025-05-05 16:30:00+00:00,RBR,5,4,4,20121.25,20123.75,long,20119.75,20123.75,8.0,36.0,target,1,35.0,55.0
2025-05-05 17:25:00+00:00,2025-05-05 17:25:00+00:00,DBD,5,4,4,20132.0,20129.5,short,20133.5,20129.5,8.0,36.0,target,1,15.0,46.0
2025-05-05 18:50:00+00:00,2025-05-05 18:50:00+00:00,RBR,5,6,6,20173.25,20175.75,long,20171.75,20175.75,8.0,36.0,target,1,19.0,48.0
2025-05-05 18:55:00+00:00,2025-05-05 18:55:00+00:00,RBR,5,7,7,20159.5,20162.0,long,20158.0,20162.0,8.0,36.0,target,1,38.0,42.0
2025-05-05 19:00:00+00:00,2025-05-05 19:00:00+00:00,RBR,15,6,6,20134.0,20136.5,long,20132.5,20136.5,8.0,36.0,target,1,36.0,79.0
2025-05-05 19:05:00+00:00,2025-05-05 19:05:00+00:00,RBR,15,6,6,20134.0,20136.5,long,20132.5,20136.5,8.0,36.0,target,1,11.0,84.0
2025-05-05 19:10:00+00:00,2025-05-05 19:10:00+00:00,RBR,15,6,5,20134.0,20136.5,long,20132.5,20136.5,8.0,36.0,target,1,48.0,23.0
2025-05-06 14:15:00+00:00,2025-05-06 14:15:00+00:00,DBD,15,4,4,19864.0,19861.5,short,19865.5,19861.5,8.0,36.0,target,1,27.0,182.0
2025-05-06 15:20:00+00:00,2025-05-06 15:20:00+00:00,DBD,5,5,5,19937.75,19935.25,short,19939.25,19935.25,8.0,36.0,target,1,25.0,82.0
2025-05-06 15:25:00+00:00,2025-05-06 15:25:00+00:00,DBD,5,5,4,19937.75,19935.25,short,19939.25,19935.25,8.0,36.0,target,1,28.0,57.0
2025-05-06 16:10:00+00:00,2025-05-06 16:10:00+00:00,DBD,5,7,7,19919.0,19916.5,short,19920.5,19916.5,8.0,36.0,target,1,429.0,135.0
2025-05-06 17:00:00+00:00,2025-05-06 17:00:00+00:00,DBD,5,5,5,19897.5,19895.0,short,19899.0,19895.0,8.0,36.0,target,1,57.0,136.0
2025-05-06 17:05:00+00:00,2025-05-06 17:05:00+00:00,DBD,5,5,5,19897.5,19895.0,short,19899.0,19895.0,8.0,36.0,target,1,90.0,57.0
2025-05-06 18:20:00+00:00,2025-05-06 18:20:00+00:00,DBD,5,5,5,19917.5,19915.0,short,19919.0,19915.0,8.0,36.0,target,1,12.0,80.0
2025-05-06 19:50:00+00:00,2025-05-06 19:50:00+00:00,RBR,15,5,5,19912.0,19914.5,long,19910.5,19914.5,8.0,36.0,target,1,14.0,213.0
2025-05-06 19:55:00+00:00,2025-05-06 19:55:00+00:00,RBR,15,5,4,19912.0,19914.5,long,19910.5,19914.5,8.0,36.0,target,1,165.0,33.0
2025-05-07 14:45:00+00:00,2025-05-07 14:45:00+00:00,RBR,5,4,5,19915.5,19918.0,long,19914.0,19918.0,8.0,36.0,target,1,1.0,188.0
2025-05-07 14:50:00+00:00,2025-05-07 14:50:00+00:00,RBR,5,4,4,19915.5,19918.0,long,19914.0,19918.0,8.0,36.0,target,1,295.0,42.0
2025-05-07 16:40:00+00:00,2025-05-07 16:40:00+00:00,DBD,5,7,6,19855.0,19852.5,short,19856.5,19852.5,8.0,36.0,target,1,62.0,66.0
2025-05-07 17:20:00+00:00,2025-05-07 17:20:00+00:00,RBR,5,7,7,19898.75,19901.25,long,19897.25,19901.25,8.0,36.0,target,1,76.0,53.0
2025-05-07 17:25:00+00:00,2025-05-07 17:25:00+00:00,RBR,5,7,6,19898.75,19901.25,long,19897.25,19901.25,8.0,36.0,target,1,8.0,57.0
2025-05-07 17:35:00+00:00,2025-05-07 17:35:00+00:00,RBR,5,5,5,19860.75,19863.25,long,19859.25,19863.25,8.0,36.0,target,1,13.0,116.0
2025-05-07 17:40:00+00:00,2025-05-07 17:40:00+00:00,RBR,5,5,6,19860.75,19863.25,long,19859.25,19863.25,8.0,36.0,target,1,14.0,65.0
2025-05-07 18:55:00+00:00,2025-05-07 18:55:00+00:00,DBD,5,6,7,19867.0,19864.5,short,19868.5,19864.5,8.0,36.0,target,1,144.0,323.0
2025-05-08 17:05:00+00:00,2025-05-08 17:05:00+00:00,RBR,5,4,5,20306.5,20309.0,long,20305.0,20309.0,8.0,36.0,target,1,18.0,62.0
2025-05-08 17:55:00+00:00,2025-05-08 17:55:00+00:00,RBR,5,5,5,20260.0,20262.5,long,20258.5,20262.5,8.0,36.0,target,1,53.0,123.0
2025-05-08 18:30:00+00:00,2025-05-08 18:30:00+00:00,DBD,5,3,4,20293.25,20290.75,short,20294.75,20290.75,8.0,36.0,target,1,48.0,106.0
2025-05-08 18:35:00+00:00,2025-05-08 18:35:00+00:00,DBD,15,4,4,20311.5,20309.0,short,20313.0,20309.0,8.0,36.0,target,1,2.0,41.0
2025-05-08 18:45:00+00:00,2025-05-08 18:45:00+00:00,RBR,5,6,6,20301.25,20303.75,long,20299.75,20303.75,8.0,36.0,target,1,10.0,52.0
2025-05-08 18:50:00+00:00,2025-05-08 18:50:00+00:00,RBR,5,6,6,20301.25,20303.75,long,20299.75,20303.75,8.0,36.0,target,1,75.0,15.0
2025-05-08 19:40:00+00:00,2025-05-08 19:40:00+00:00,RBR,15,6,6,20262.0,20264.5,long,20260.5,20264.5,8.0,36.0,target,1,47.0,44.0
2025-05-09 15:00:00+00:00,2025-05-09 15:00:00+00:00,DBD,5,6,7,20151.5,20149.0,short,20153.0,20149.0,8.0,36.0,target,1,54.0,102.0
2025-05-09 16:00:00+00:00,2025-05-09 16:00:00+00:00,DBD,5,6,6,20171.75,20169.25,short,20173.25,20169.25,8.0,36.0,target,1,12.0,254.0
2025-05-09 17:40:00+00:00,2025-05-09 17:40:00+00:00,DBD,15,5,5,20132.25,20129.75,short,20133.75,20129.75,8.0,36.0,target,1,44.0,102.0
2025-05-09 18:45:00+00:00,2025-05-09 18:45:00+00:00,DBD,5,6,6,20145.25,20142.75,short,20146.75,20142.75,8.0,36.0,target,1,4.0,80.0
2025-05-09 18:50:00+00:00,2025-05-09 18:50:00+00:00,DBD,5,6,5,20145.25,20142.75,short,20146.75,20142.75,8.0,36.0,target,1,33.0,63.0
2025-05-12 14:25:00+00:00,2025-05-12 14:25:00+00:00,RBR,5,7,7,20786.0,20788.5,long,20784.5,20788.5,8.0,36.0,target,1,250.0,96.0
2025-05-12 14:55:00+00:00,2025-05-12 14:55:00+00:00,RBR,5,6,6,20783.0,20785.5,long,20781.5,20785.5,8.0,36.0,target,1,70.0,129.0
2025-05-12 17:45:00+00:00,2025-05-12 17:45:00+00:00,DBD,5,3,4,20919.0,20916.5,short,20920.5,20916.5,8.0,36.0,target,1,10.0,58.0
2025-05-12 18:10:00+00:00,2025-05-12 18:10:00+00:00,RBR,5,4,5,20897.0,20899.5,long,20895.5,20899.5,8.0,36.0,target,1,11.0,75.0
2025-05-12 19:50:00+00:00,2025-05-12 19:50:00+00:00,DBD,5,3,4,20894.0,20891.5,short,20895.5,20891.5,8.0,36.0,target,1,159.0,58.0
2025-05-13 16:25:00+00:00,2025-05-13 16:25:00+00:00,DBD,5,3,4,21295.75,21293.25,short,21297.25,21293.25,8.0,36.0,target,1,54.0,61.0
2025-05-13 17:00:00+00:00,2025-05-13 17:00:00+00:00,RBR,5,6,7,21314.25,21316.75,long,21312.75,21316.75,8.0,36.0,target,1,16.0,51.0
2025-05-13 17:05:00+00:00,2025-05-13 17:05:00+00:00,RBR,5,6,6,21314.25,21316.75,long,21312.75,21316.75,8.0,36.0,target,1,29.0,26.0
2025-05-13 17:15:00+00:00,2025-05-13 17:15:00+00:00,DBD,5,4,4,21320.75,21318.25,short,21322.25,21318.25,8.0,36.0,target,1,32.0,64.0
2025-05-13 18:00:00+00:00,2025-05-13 18:00:00+00:00,RBR,5,5,5,21285.5,21288.0,long,21284.0,21288.0,8.0,36.0,target,1,42.0,74.0
2025-05-13 19:50:00+00:00,2025-05-13 19:50:00+00:00,RBR,5,5,5,21282.75,21285.25,long,21281.25,21285.25,8.0,36.0,target,1,30.0,186.0
2025-05-14 15:50:00+00:00,2025-05-14 15:50:00+00:00,RBR,5,4,5,21365.5,21368.0,long,21364.0,21368.0,8.0,36.0,target,1,17.0,65.0
2025-05-14 15:55:00+00:00,2025-05-14 15:55:00+00:00,RBR,5,4,4,21365.5,21368.0,long,21364.0,21368.0,8.0,36.0,target,1,21.0,77.0
2025-05-14 17:20:00+00:00,2025-05-14 17:20:00+00:00,RBR,15,4,4,21288.5,21291.0,long,21287.0,21291.0,8.0,36.0,target,1,28.0,183.0
2025-05-14 17:40:00+00:00,2025-05-14 17:40:00+00:00,DBD,5,5,6,21347.75,21345.25,short,21349.25,21345.25,8.0,36.0,target,1,24.0,57.0
2025-05-14 17:50:00+00:00,2025-05-14 17:50:00+00:00,DBD,5,5,5,21347.75,21345.25,short,21349.25,21345.25,8.0,36.0,target,1,88.0,14.0
2025-05-15 14:00:00+00:00,2025-05-15 14:00:00+00:00,DBD,5,5,5,21323.0,21320.5,short,21324.5,21320.5,8.0,36.0,target,1,94.0,112.0
2025-05-15 14:15:00+00:00,2025-05-15 14:15:00+00:00,RBR,5,3,4,21279.25,21281.75,long,21277.75,21281.75,8.0,36.0,target,1,9.0,172.0
2025-05-15 17:35:00+00:00,2025-05-15 17:35:00+00:00,RBR,15,7,7,21485.25,21487.75,long,21483.75,21487.75,8.0,36.0,target,1,18.0,69.0
2025-05-15 17:45:00+00:00,2025-05-15 17:45:00+00:00,RBR,15,7,6,21485.25,21487.75,long,21483.75,21487.75,8.0,36.0,target,1,0.0,92.0
2025-05-15 18:00:00+00:00,2025-05-15 18:00:00+00:00,RBR,5,5,6,21458.0,21460.5,long,21456.5,21460.5,8.0,36.0,target,1,47.0,67.0
2025-05-15 18:10:00+00:00,2025-05-15 18:10:00+00:00,RBR,15,6,6,21423.0,21425.5,long,21421.5,21425.5,8.0,36.0,target,1,30.0,83.0
2025-05-15 19:50:00+00:00,2025-05-15 19:50:00+00:00,DBD,5,3,4,21414.75,21412.25,short,21416.25,21412.25,8.0,36.0,target,1,30.0,187.0
2025-05-16 14:50:00+00:00,2025-05-16 14:50:00+00:00,DBD,5,5,5,21392.25,21389.75,short,21393.75,21389.75,8.0,36.0,target,1,9.0,69.0
2025-05-16 15:15:00+00:00,2025-05-16 15:15:00+00:00,DBD,5,5,5,21407.75,21405.25,short,21409.25,21405.25,8.0,36.0,target,1,0.0,95.0
2025-05-16 15:30:00+00:00,2025-05-16 15:30:00+00:00,DBD,5,5,4,21407.75,21405.25,short,21409.25,21405.25,8.0,36.0,target,1,93.0,36.0
2025-05-16 15:50:00+00:00,2025-05-16 15:50:00+00:00,RBR,5,4,5,21409.0,21411.5,long,21407.5,21411.5,8.0,36.0,target,1,20.0,83.0
2025-05-16 15:55:00+00:00,2025-05-16 15:55:00+00:00,RBR,5,4,4,21409.0,21411.5,long,21407.5,21411.5,8.0,36.0,target,1,9.0,64.0
2025-05-16 17:15:00+00:00,2025-05-16 17:15:00+00:00,DBD,15,4,5,21456.5,21454.0,short,21458.0,21454.0,8.0,36.0,target,1,33.0,53.0
2025-05-16 19:35:00+00:00,2025-05-16 19:35:00+00:00,RBR,15,8,8,21474.75,21477.25,long,21473.25,21477.25,8.0,36.0,target,1,33.0,42.0
2025-05-19 18:10:00+00:00,2025-05-19 18:10:00+00:00,RBR,5,3,4,21477.75,21480.25,long,21476.25,21480.25,8.0,36.0,target,1,20.0,71.0
2025-05-20 14:15:00+00:00,2025-05-20 14:15:00+00:00,DBD,5,6,6,21405.5,21403.0,short,21407.0,21403.0,8.0,36.0,target,1,31.0,89.0
2025-05-20 14:20:00+00:00,2025-05-20 14:20:00+00:00,DBD,5,6,7,21405.5,21403.0,short,21407.0,21403.0,8.0,36.0,target,1,86.0,36.0
2025-05-20 15:45:00+00:00,2025-05-20 15:45:00+00:00,DBD,5,7,7,21420.0,21417.5,short,21421.5,21417.5,8.0,36.0,target,1,9.0,120.0
2025-05-20 15:50:00+00:00,2025-05-20 15:50:00+00:00,DBD,5,7,7,21420.0,21417.5,short,21421.5,21417.5,8.0,36.0,target,1,19.0,34.0
2025-05-20 16:10:00+00:00,2025-05-20 16:10:00+00:00,RBR,5,4,5,21411.5,21414.0,long,21410.0,21414.0,8.0,36.0,target,1,35.0,61.0
2025-05-20 16:25:00+00:00,2025-05-20 16:25:00+00:00,RBR,5,4,4,21411.5,21414.0,long,21410.0,21414.0,8.0,36.0,target,1,25.0,114.0
2025-05-20 17:30:00+00:00,2025-05-20 17:30:00+00:00,RBR,5,6,6,21428.5,21431.0,long,21427.0,21431.0,8.0,36.0,target,1,26.0,111.0
2025-05-20 19:50:00+00:00,2025-05-20 19:50:00+00:00,DBD,5,3,4,21421.5,21419.0,short,21423.0,21419.0,8.0,36.0,target,1,78.0,152.0
2025-05-20 19:55:00+00:00,2025-05-20 19:55:00+00:00,DBD,15,7,7,21441.5,21439.0,short,21443.0,21439.0,8.0,36.0,target,1,42.0,82.0
2025-05-21 15:35:00+00:00,2025-05-21 15:35:00+00:00,RBR,5,6,7,21503.5,21506.0,long,21502.0,21506.0,8.0,36.0,target,1,42.0,51.0
2025-05-21 15:40:00+00:00,2025-05-21 15:40:00+00:00,RBR,5,6,6,21503.5,21506.0,long,21502.0,21506.0,8.0,36.0,target,1,6.0,82.0
2025-05-21 17:00:00+00:00,2025-05-21 17:00:00+00:00,RBR,15,5,5,21505.0,21507.5,long,21503.5,21507.5,8.0,36.0,target,1,87.0,73.0
2025-05-21 18:05:00+00:00,2025-05-21 18:05:00+00:00,DBD,5,7,7,21272.0,21269.5,short,21273.5,21269.5,8.0,36.0,target,1,31.0,224.0
2025-05-21 18:30:00+00:00,2025-05-21 18:30:00+00:00,DBD,5,5,5,21257.75,21255.25,short,21259.25,21255.25,8.0,36.0,target,1,50.0,104.0
2025-05-22 13:35:00+00:00,2025-05-22 13:35:00+00:00,DBD,5,5,5,21184.25,21181.75,short,21185.75,21181.75,8.0,36.0,target,1,17.0,282.0
2025-05-22 13:40:00+00:00,2025-05-22 13:40:00+00:00,DBD,5,5,5,21184.25,21181.75,short,21185.75,21181.75,8.0,36.0,target,1,65.0,177.0
2025-05-22 13:45:00+00:00,2025-05-22 13:45:00+00:00,DBD,5,5,4,21184.25,21181.75,short,21185.75,21181.75,8.0,36.0,target,1,67.0,143.0
2025-05-22 15:00:00+00:00,2025-05-22 15:00:00+00:00,DBD,5,5,5,21252.5,21250.0,short,21254.0,21250.0,8.0,36.0,target,1,11.0,101.0
2025-05-22 15:05:00+00:00,2025-05-22 15:05:00+00:00,DBD,5,5,4,21252.5,21250.0,short,21254.0,21250.0,8.0,36.0,target,1,42.0,114.0
2025-05-22 17:15:00+00:00,2025-05-22 17:15:00+00:00,DBD,5,3,4,21246.75,21244.25,short,21248.25,21244.25,8.0,36.0,target,1,6.0,193.0
2025-05-22 17:30:00+00:00,2025-05-22 17:30:00+00:00,DBD,15,3,4,21275.25,21272.75,short,21276.75,21272.75,8.0,36.0,target,1,0.0,116.0
2025-05-22 17:35:00+00:00,2025-05-22 17:35:00+00:00,RBR,5,5,5,21253.0,21255.5,long,21251.5,21255.5,8.0,36.0,target,1,13.0,100.0
2025-05-22 19:35:00+00:00,2025-05-22 19:35:00+00:00,RBR,5,4,5,21292.75,21295.25,long,21291.25,21295.25,8.0,36.0,target,1,52.0,51.0
2025-05-23 14:20:00+00:00,2025-05-23 14:20:00+00:00,RBR,5,4,4,20913.5,20916.0,long,20912.0,20916.0,8.0,36.0,target,1,7.0,244.0
2025-05-23 14:55:00+00:00,2025-05-23 14:55:00+00:00,RBR,5,4,4,20913.5,20916.0,long,20912.0,20916.0,8.0,36.0,target,1,22.0,82.0
2025-05-23 15:35:00+00:00,2025-05-23 15:35:00+00:00,DBD,5,6,7,20988.0,20985.5,short,20989.5,20985.5,8.0,36.0,target,1,83.0,94.0
2025-05-23 15:40:00+00:00,2025-05-23 15:40:00+00:00,DBD,5,6,6,20988.0,20985.5,short,20989.5,20985.5,8.0,36.0,target,1,24.0,82.0
2025-05-23 15:45:00+00:00,2025-05-23 15:45:00+00:00,DBD,15,5,4,20987.25,20984.75,short,20988.75,20984.75,8.0,36.0,target,1,13.0,87.0
2025-05-23 15:50:00+00:00,2025-05-23 15:50:00+00:00,RBR,5,4,4,20947.75,20950.25,long,20946.25,20950.25,8.0,36.0,target,1,32.0,134.0
2025-05-23 15:55:00+00:00,2025-05-23 15:55:00+00:00,RBR,5,4,5,20947.75,20950.25,long,20946.25,20950.25,8.0,36.0,target,1,56.0,42.0
2025-05-23 17:30:00+00:00,2025-05-23 17:30:00+00:00,RBR,5,6,6,21046.0,21048.5,long,21044.5,21048.5,8.0,36.0,target,1,55.0,97.0
2025-05-23 18:20:00+00:00,2025-05-23 18:20:00+00:00,RBR,5,6,7,21008.25,21010.75,long,21006.75,21010.75,8.0,36.0,target,1,8.0,154.0
2025-05-23 19:50:00+00:00,2025-05-23 19:50:00+00:00,RBR,15,4,4,20975.5,20978.0,long,20974.0,20978.0,8.0,36.0,target,1,48.0,211.0
2025-05-23 19:55:00+00:00,2025-05-23 19:55:00+00:00,RBR,15,4,5,20975.5,20978.0,long,20974.0,20978.0,8.0,36.0,target,1,67.0,109.0
2025-05-26 16:00:00+00:00,2025-05-26 16:00:00+00:00,DBD,5,4,5,21276.5,21274.0,short,21278.0,21274.0,8.0,36.0,target,1,9.0,34.0
2025-05-26 16:05:00+00:00,2025-05-26 16:05:00+00:00,DBD,15,3,4,21276.75,21274.25,short,21278.25,21274.25,8.0,36.0,target,1,1.0,29.0
2025-05-26 16:10:00+00:00,2025-05-26 16:10:00+00:00,DBD,5,4,4,21276.5,21278.0,short,21278.0,21274.0,-8.0,-44.0,stop,1,43.0,6.0
2025-05-26 16:35:00+00:00,2025-05-26 16:35:00+00:00,DBD,5,6,6,21275.75,21273.25,short,21277.25,21273.25,8.0,36.0,target,1,7.0,27.0
2025-05-27 13:55:00+00:00,2025-05-27 13:55:00+00:00,DBD,5,4,5,21294.0,21291.5,short,21295.5,21291.5,8.0,36.0,target,1,14.0,85.0
2025-05-27 14:00:00+00:00,2025-05-27 14:00:00+00:00,DBD,5,4,4,21294.0,21295.5,short,21295.5,21291.5,-8.0,-44.0,stop,1,194.0,7.0
2025-05-27 15:40:00+00:00,2025-05-27 15:40:00+00:00,RBR,5,4,5,21373.0,21375.5,long,21371.5,21375.5,8.0,36.0,target,1,17.0,79.0
2025-05-27 16:25:00+00:00,2025-05-27 16:25:00+00:00,RBR,5,7,7,21410.25,21412.75,long,21408.75,21412.75,8.0,36.0,target,1,1.0,56.0
2025-05-27 16:30:00+00:00,2025-05-27 16:30:00+00:00,RBR,5,7,7,21410.25,21412.75,long,21408.75,21412.75,8.0,36.0,target,1,0.0,46.0
2025-05-27 17:00:00+00:00,2025-05-27 17:00:00+00:00,DBD,5,5,5,21444.5,21442.0,short,21446.0,21442.0,8.0,36.0,target,1,19.0,58.0
2025-05-27 18:20:00+00:00,2025-05-27 18:20:00+00:00,RBR,5,6,6,21462.5,21465.0,long,21461.0,21465.0,8.0,36.0,target,1,45.0,18.0
2025-05-27 18:25:00+00:00,2025-05-27 18:25:00+00:00,RBR,5,6,5,21462.5,21465.0,long,21461.0,21465.0,8.0,36.0,target,1,13.0,33.0
2025-05-27 18:40:00+00:00,2025-05-27 18:40:00+00:00,RBR,15,5,6,21445.0,21447.5,long,21443.5,21447.5,8.0,36.0,target,1,5.0,60.0
2025-05-27 18:55:00+00:00,2025-05-27 18:55:00+00:00,RBR,15,5,5,21445.0,21447.5,long,21443.5,21447.5,8.0,36.0,target,1,17.0,36.0
2025-05-27 19:55:00+00:00,2025-05-27 19:55:00+00:00,DBD,5,4,5,21465.0,21462.5,short,21466.5,21462.5,8.0,36.0,target,1,18.0,76.0
2025-05-28 16:20:00+00:00,2025-05-28 16:20:00+00:00,RBR,5,5,5,21459.25,21461.75,long,21457.75,21461.75,8.0,36.0,target,1,2.0,65.0
2025-05-28 16:50:00+00:00,2025-05-28 16:50:00+00:00,RBR,5,5,5,21459.25,21461.75,long,21457.75,21461.75,8.0,36.0,target,1,25.0,58.0
2025-05-28 18:20:00+00:00,2025-05-28 18:20:00+00:00,RBR,5,5,5,21474.0,21476.5,long,21472.5,21476.5,8.0,36.0,target,1,16.0,45.0
2025-05-28 18:50:00+00:00,2025-05-28 18:50:00+00:00,RBR,5,5,4,21474.0,21476.5,long,21472.5,21476.5,8.0,36.0,target,1,291.0,36.0
2025-05-28 19:05:00+00:00,2025-05-28 19:05:00+00:00,DBD,15,4,4,21494.0,21491.5,short,21495.5,21491.5,8.0,36.0,target,1,81.0,49.0
2025-05-29 15:10:00+00:00,2025-05-29 15:10:00+00:00,RBR,5,4,4,21467.25,21469.75,long,21465.75,21469.75,8.0,36.0,target,1,30.0,162.0
2025-05-29 15:25:00+00:00,2025-05-29 15:25:00+00:00,DBD,5,3,4,21505.25,21502.75,short,21506.75,21502.75,8.0,36.0,target,1,20.0,93.0
2025-05-29 15:30:00+00:00,2025-05-29 15:30:00+00:00,RBR,15,6,6,21430.0,21432.5,long,21428.5,21432.5,8.0,36.0,target,1,19.0,300.0
2025-05-29 15:45:00+00:00,2025-05-29 15:45:00+00:00,RBR,15,6,7,21430.0,21432.5,long,21428.5,21432.5,8.0,36.0,target,1,33.0,92.0
2025-05-29 15:50:00+00:00,2025-05-29 15:50:00+00:00,DBD,5,5,5,21454.75,21452.25,short,21456.25,21452.25,8.0,36.0,target,1,17.0,137.0
2025-05-29 16:35:00+00:00,2025-05-29 16:35:00+00:00,DBD,5,5,5,21454.75,21452.25,short,21456.25,21452.25,8.0,36.0,target,1,5.0,103.0
2025-05-29 18:05:00+00:00,2025-05-29 18:05:00+00:00,DBD,5,3,4,21403.0,21400.5,short,21404.5,21400.5,8.0,36.0,target,1,8.0,85.0
2025-05-29 19:25:00+00:00,2025-05-29 19:25:00+00:00,DBD,15,5,4,21405.0,21402.5,short,21406.5,21402.5,8.0,36.0,target,1,13.0,157.0
2025-05-29 19:50:00+00:00,2025-05-29 19:50:00+00:00,DBD,15,5,5,21437.5,21435.0,short,21439.0,21435.0,8.0,36.0,target,1,39.0,259.0
2025-05-30 15:50:00+00:00,2025-05-30 15:50:00+00:00,DBD,5,5,5,21335.0,21332.5,short,21336.5,21332.5,8.0,36.0,target,1,5.0,84.0
2025-05-30 15:55:00+00:00,2025-05-30 15:55:00+00:00,DBD,5,5,4,21335.0,21332.5,short,21336.5,21332.5,8.0,36.0,target,1,52.0,53.0
2025-05-30 17:05:00+00:00,2025-05-30 17:05:00+00:00,DBD,5,6,7,21142.5,21140.0,short,21144.0,21140.0,8.0,36.0,target,1,194.0,37.0
2025-05-30 17:45:00+00:00,2025-05-30 17:45:00+00:00,RBR,5,3,4,21166.0,21168.5,long,21164.5,21168.5,8.0,36.0,target,1,18.0,118.0
2025-05-30 19:20:00+00:00,2025-05-30 19:20:00+00:00,DBD,15,6,6,21378.5,21376.0,short,21380.0,21376.0,8.0,36.0,target,1,2.0,115.0
2025-05-30 19:40:00+00:00,2025-05-30 19:40:00+00:00,RBR,5,5,5,21349.75,21352.25,long,21348.25,21352.25,8.0,36.0,target,1,5.0,141.0
2025-05-30 19:45:00+00:00,2025-05-30 19:45:00+00:00,RBR,5,5,4,21349.75,21352.25,long,21348.25,21352.25,8.0,36.0,target,1,17.0,155.0
2025-06-02 14:20:00+00:00,2025-06-02 14:20:00+00:00,DBD,5,4,4,21349.25,21346.75,short,21350.75,21346.75,8.0,36.0,target,1,77.0,189.0
2025-06-02 15:10:00+00:00,2025-06-02 15:10:00+00:00,RBR,5,5,6,21361.75,21364.25,long,21360.25,21364.25,8.0,36.0,target,1,26.0,185.0
2025-06-02 15:25:00+00:00,2025-06-02 15:25:00+00:00,RBR,5,5,5,21361.75,21364.25,long,21360.25,21364.25,8.0,36.0,target,1,9.0,127.0
2025-06-02 15:40:00+00:00,2025-06-02 15:40:00+00:00,DBD,5,3,4,21397.75,21395.25,short,21399.25,21395.25,8.0,36.0,target,1,14.0,114.0
2025-06-02 19:35:00+00:00,2025-06-02 19:35:00+00:00,RBR,15,6,6,21512.0,21514.5,long,21510.5,21514.5,8.0,36.0,target,1,13.0,41.0
2025-06-02 19:50:00+00:00,2025-06-02 19:50:00+00:00,RBR,5,5,6,21500.5,21503.0,long,21499.0,21503.0,8.0,36.0,target,1,21.0,126.0
2025-06-03 14:05:00+00:00,2025-06-03 14:05:00+00:00,RBR,5,5,5,21579.0,21581.5,long,21577.5,21581.5,8.0,36.0,target,1,86.0,205.0
2025-06-03 14:10:00+00:00,2025-06-03 14:10:00+00:00,RBR,5,5,6,21579.0,21581.5,long,21577.5,21581.5,8.0,36.0,target,1,19.0,131.0
2025-06-03 15:50:00+00:00,2025-06-03 15:50:00+00:00,RBR,5,4,4,21655.75,21658.25,long,21654.25,21658.25,8.0,36.0,target,1,2.0,88.0
2025-06-03 17:40:00+00:00,2025-06-03 17:40:00+00:00,RBR,15,5,5,21731.5,21734.0,long,21730.0,21734.0,8.0,36.0,target,1,24.0,70.0
2025-06-03 17:45:00+00:00,2025-06-03 17:45:00+00:00,RBR,15,5,4,21731.5,21734.0,long,21730.0,21734.0,8.0,36.0,target,1,18.0,43.0
2025-06-03 18:10:00+00:00,2025-06-03 18:10:00+00:00,RBR,15,5,4,21661.5,21664.0,long,21660.0,21664.0,8.0,36.0,target,1,103.0,70.0
2025-06-03 19:40:00+00:00,2025-06-03 19:40:00+00:00,RBR,15,4,4,21688.0,21690.5,long,21686.5,21690.5,8.0,36.0,target,1,22.0,75.0
2025-06-03 19:55:00+00:00,2025-06-03 19:55:00+00:00,DBD,5,4,5,21712.0,21709.5,short,21713.5,21709.5,8.0,36.0,target,1,55.0,90.0
2025-06-04 14:00:00+00:00,2025-06-04 14:00:00+00:00,RBR,5,7,7,21689.5,21692.0,long,21688.0,21692.0,8.0,36.0,target,1,0.0,227.0
2025-06-04 14:05:00+00:00,2025-06-04 14:05:00+00:00,RBR,5,7,7,21689.5,21692.0,long,21688.0,21692.0,8.0,36.0,target,1,194.0,60.0
2025-06-04 15:25:00+00:00,2025-06-04 15:25:00+00:00,RBR,5,4,4,21755.5,21758.0,long,21754.0,21758.0,8.0,36.0,target,1,7.0,75.0
2025-06-04 16:10:00+00:00,2025-06-04 16:10:00+00:00,RBR,15,4,4,21710.0,21712.5,long,21708.5,21712.5,8.0,36.0,target,1,16.0,114.0
2025-06-04 16:45:00+00:00,2025-06-04 16:45:00+00:00,DBD,5,5,5,21746.5,21744.0,short,21748.0,21744.0,8.0,36.0,target,1,15.0,60.0
2025-06-04 18:50:00+00:00,2025-06-04 18:50:00+00:00,RBR,15,4,4,21777.75,21780.25,long,21776.25,21780.25,8.0,36.0,target,1,24.0,51.0
2025-06-04 19:50:00+00:00,2025-06-04 19:50:00+00:00,RBR,15,4,4,21754.5,21757.0,long,21753.0,21757.0,8.0,36.0,target,1,25.0,86.0
2025-06-05 14:20:00+00:00,2025-06-05 14:20:00+00:00,DBD,5,5,5,21751.75,21749.25,short,21753.25,21749.25,8.0,36.0,target,1,99.0,110.0
2025-06-05 14:35:00+00:00,2025-06-05 14:35:00+00:00,RBR,5,4,4,21713.25,21715.75,long,21711.75,21715.75,8.0,36.0,target,1,37.0,384.0
2025-06-05 14:40:00+00:00,2025-06-05 14:40:00+00:00,DBD,5,3,4,21840.5,21838.0,short,21842.0,21838.0,8.0,36.0,target,1,107.0,335.0
2025-06-05 15:35:00+00:00,2025-06-05 15:35:00+00:00,RBR,5,5,5,21905.75,21908.25,long,21904.25,21908.25,8.0,36.0,target,1,7.0,48.0
2025-06-05 15:45:00+00:00,2025-06-05 15:45:00+00:00,RBR,5,5,4,21905.75,21908.25,long,21904.25,21908.25,8.0,36.0,target,1,35.0,57.0
2025-06-05 16:15:00+00:00,2025-06-05 16:15:00+00:00,RBR,15,5,6,21844.5,21847.0,long,21843.0,21847.0,8.0,36.0,target,1,129.0,93.0
2025-06-05 16:20:00+00:00,2025-06-05 16:20:00+00:00,RBR,15,5,5,21844.5,21847.0,long,21843.0,21847.0,8.0,36.0,target,1,21.0,83.0
2025-06-05 18:20:00+00:00,2025-06-05 18:20:00+00:00,DBD,5,5,5,21707.5,21705.0,short,21709.0,21705.0,8.0,36.0,target,1,6.0,171.0
2025-06-05 18:25:00+00:00,2025-06-05 18:25:00+00:00,DBD,5,5,6,21707.5,21705.0,short,21709.0,21705.0,8.0,36.0,target,1,24.0,38.0
2025-06-05 18:35:00+00:00,2025-06-05 18:35:00+00:00,RBR,5,4,4,21698.0,21700.5,long,21696.5,21700.5,8.0,36.0,target,1,20.0,167.0
2025-06-05 18:40:00+00:00,2025-06-05 18:40:00+00:00,RBR,5,4,4,21698.0,21700.5,long,21696.5,21700.5,8.0,36.0,target,1,42.0,103.0
2025-06-06 14:40:00+00:00,2025-06-06 14:40:00+00:00,DBD,5,3,4,21833.75,21831.25,short,21835.25,21831.25,8.0,36.0,target,1,10.0,77.0
2025-06-06 15:05:00+00:00,2025-06-06 15:05:00+00:00,DBD,15,4,4,21852.25,21849.75,short,21853.75,21849.75,8.0,36.0,target,1,71.0,95.0
2025-06-06 16:20:00+00:00,2025-06-06 16:20:00+00:00,RBR,5,4,5,21787.0,21789.5,long,21785.5,21789.5,8.0,36.0,target,1,1.0,110.0
2025-06-06 16:25:00+00:00,2025-06-06 16:25:00+00:00,RBR,5,4,4,21787.0,21789.5,long,21785.5,21789.5,8.0,36.0,target,1,27.0,42.0
2025-06-06 17:15:00+00:00,2025-06-06 17:15:00+00:00,DBD,5,4,4,21777.0,21774.5,short,21778.5,21774.5,8.0,36.0,target,1,40.0,82.0
2025-06-06 17:20:00+00:00,2025-06-06 17:20:00+00:00,DBD,5,3,4,21799.5,21797.0,short,21801.0,21797.0,8.0,36.0,target,1,15.0,61.0
2025-06-06 18:25:00+00:00,2025-06-06 18:25:00+00:00,RBR,5,6,6,21844.0,21846.5,long,21842.5,21846.5,8.0,36.0,target,1,22.0,41.0
2025-06-06 18:30:00+00:00,2025-06-06 18:30:00+00:00,RBR,5,6,5,21844.0,21846.5,long,21842.5,21846.5,8.0,36.0,target,1,1.0,118.0
2025-06-06 19:20:00+00:00,2025-06-06 19:20:00+00:00,RBR,15,6,6,21811.0,21813.5,long,21809.5,21813.5,8.0,36.0,target,1,49.0,24.0
2025-06-09 14:45:00+00:00,2025-06-09 14:45:00+00:00,RBR,5,6,7,21847.0,21849.5,long,21845.5,21849.5,8.0,36.0,target,1,17.0,60.0
2025-06-09 14:50:00+00:00,2025-06-09 14:50:00+00:00,RBR,5,6,6,21847.0,21849.5,long,21845.5,21849.5,8.0,36.0,target,1,40.0,46.0
2025-06-09 16:35:00+00:00,2025-06-09 16:35:00+00:00,DBD,5,4,5,21847.0,21844.5,short,21848.5,21844.5,8.0,36.0,target,1,43.0,25.0
2025-06-09 17:15:00+00:00,2025-06-09 17:15:00+00:00,RBR,5,4,5,21850.25,21852.75,long,21848.75,21852.75,8.0,36.0,target,1,64.0,51.0
2025-06-09 18:40:00+00:00,2025-06-09 18:40:00+00:00,RBR,5,4,4,21844.5,21847.0,long,21843.0,21847.0,8.0,36.0,target,1,12.0,36.0
2025-06-09 18:55:00+00:00,2025-06-09 18:55:00+00:00,DBD,5,4,5,21869.5,21867.0,short,21871.0,21867.0,8.0,36.0,target,1,39.0,15.0
2025-06-09 19:00:00+00:00,2025-06-09 19:00:00+00:00,DBD,15,3,4,21874.5,21872.0,short,21876.0,21872.0,8.0,36.0,target,1,3.0,32.0
2025-06-09 19:10:00+00:00,2025-06-09 19:10:00+00:00,RBR,5,4,4,21858.25,21860.75,long,21856.75,21860.75,8.0,36.0,target,1,4.0,59.0
2025-06-09 19:35:00+00:00,2025-06-09 19:35:00+00:00,DBD,5,4,5,21861.25,21858.75,short,21862.75,21858.75,8.0,36.0,target,1,10.0,70.0
2025-06-09 19:55:00+00:00,2025-06-09 19:55:00+00:00,DBD,5,6,6,21838.75,21836.25,short,21840.25,21836.25,8.0,36.0,target,1,28.0,99.0
2025-06-10 15:55:00+00:00,2025-06-10 15:55:00+00:00,DBD,5,6,7,21876.0,21873.5,short,21877.5,21873.5,8.0,36.0,target,1,4.0,57.0
2025-06-10 16:00:00+00:00,2025-06-10 16:00:00+00:00,DBD,5,6,6,21876.0,21873.5,short,21877.5,21873.5,8.0,36.0,target,1,105.0,17.0
2025-06-10 16:50:00+00:00,2025-06-10 16:50:00+00:00,DBD,5,5,5,21908.0,21905.5,short,21909.5,21905.5,8.0,36.0,target,1,31.0,37.0
2025-06-10 17:25:00+00:00,2025-06-10 17:25:00+00:00,RBR,5,5,5,21891.0,21893.5,long,21889.5,21893.5,8.0,36.0,target,1,7.0,91.0
2025-06-10 18:50:00+00:00,2025-06-10 18:50:00+00:00,DBD,5,5,5,21917.75,21915.25,short,21919.25,21915.25,8.0,36.0,target,1,11.0,100.0
2025-06-11 15:05:00+00:00,2025-06-11 15:05:00+00:00,RBR,5,7,7,22051.0,22053.5,long,22049.5,22053.5,8.0,36.0,target,1,211.0,57.0
2025-06-11 17:00:00+00:00,2025-06-11 17:00:00+00:00,DBD,5,4,4,22006.75,22004.25,short,22008.25,22004.25,8.0,36.0,target,1,4.0,153.0
2025-06-11 17:05:00+00:00,2025-06-11 17:05:00+00:00,DBD,5,4,5,22006.75,22004.25,short,22008.25,22004.25,8.0,36.0,target,1,45.0,38.0
2025-06-12 15:20:00+00:00,2025-06-12 15:20:00+00:00,RBR,15,5,6,21902.25,21904.75,long,21900.75,21904.75,8.0,36.0,target,1,85.0,118.0
2025-06-12 16:25:00+00:00,2025-06-12 16:25:00+00:00,DBD,5,4,5,21957.75,21955.25,short,21959.25,21955.25,8.0,36.0,target,1,28.0,129.0
2025-06-12 16:35:00+00:00,2025-06-12 16:35:00+00:00,DBD,5,4,4,21957.75,21955.25,short,21959.25,21955.25,8.0,36.0,target,1,48.0,76.0
2025-06-12 19:25:00+00:00,2025-06-12 19:25:00+00:00,RBR,5,4,4,21933.25,21935.75,long,21931.75,21935.75,8.0,36.0,target,1,19.0,27.0
2025-06-12 19:40:00+00:00,2025-06-12 19:40:00+00:00,RBR,5,3,4,21916.25,21918.75,long,21914.75,21918.75,8.0,36.0,target,1,24.0,47.0
2025-06-12 19:55:00+00:00,2025-06-12 19:55:00+00:00,DBD,5,7,7,21931.0,21928.5,short,21932.5,21928.5,8.0,36.0,target,1,28.0,95.0
2025-06-13 14:00:00+00:00,2025-06-13 14:00:00+00:00,DBD,5,4,4,21769.5,21767.0,short,21771.0,21767.0,8.0,36.0,target,1,2.0,199.0
2025-06-13 14:35:00+00:00,2025-06-13 14:35:00+00:00,DBD,5,7,7,21699.5,21697.0,short,21701.0,21697.0,8.0,36.0,target,1,81.0,160.0
2025-06-13 14:50:00+00:00,2025-06-13 14:50:00+00:00,DBD,5,5,6,21750.25,21747.75,short,21751.75,21747.75,8.0,36.0,target,1,14.0,255.0
2025-06-13 14:55:00+00:00,2025-06-13 14:55:00+00:00,DBD,5,4,5,21769.5,21767.0,short,21771.0,21767.0,8.0,36.0,target,1,2.0,151.0
2025-06-13 15:00:00+00:00,2025-06-13 15:00:00+00:00,DBD,5,5,5,21750.25,21747.75,short,21751.75,21747.75,8.0,36.0,target,1,22.0,59.0
2025-06-13 15:15:00+00:00,2025-06-13 15:15:00+00:00,DBD,15,4,4,21770.0,21767.5,short,21771.5,21767.5,8.0,36.0,target,1,24.0,92.0
2025-06-13 15:20:00+00:00,2025-06-13 15:20:00+00:00,DBD,5,4,4,21769.5,21767.0,short,21771.0,21767.0,8.0,36.0,target,1,151.0,34.0
2025-06-13 18:00:00+00:00,2025-06-13 18:00:00+00:00,RBR,5,5,5,21760.0,21762.5,long,21758.5,21762.5,8.0,36.0,target,1,88.0,181.0
2025-06-13 19:00:00+00:00,2025-06-13 19:00:00+00:00,DBD,5,3,4,21682.5,21680.0,short,21684.0,21680.0,8.0,36.0,target,1,1.0,208.0
2025-06-13 19:30:00+00:00,2025-06-13 19:30:00+00:00,RBR,5,4,5,21619.75,21622.25,long,21618.25,21622.25,8.0,36.0,target,1,24.0,142.0
2025-06-13 19:35:00+00:00,2025-06-13 19:35:00+00:00,RBR,5,4,4,21619.75,21622.25,long,21618.25,21622.25,8.0,36.0,target,1,13.0,219.0
2025-06-16 14:55:00+00:00,2025-06-16 14:55:00+00:00,RBR,5,4,5,21951.0,21953.5,long,21949.5,21953.5,8.0,36.0,target,1,16.0,53.0
2025-06-16 16:35:00+00:00,2025-06-16 16:35:00+00:00,RBR,5,4,5,21932.5,21935.0,long,21931.0,21935.0,8.0,36.0,target,1,15.0,66.0
2025-06-16 16:40:00+00:00,2025-06-16 16:40:00+00:00,RBR,5,4,4,21932.5,21935.0,long,21931.0,21935.0,8.0,36.0,target,1,47.0,25.0
2025-06-16 17:55:00+00:00,2025-06-16 17:55:00+00:00,RBR,5,5,6,21942.75,21945.25,long,21941.25,21945.25,8.0,36.0,target,1,45.0,30.0
2025-06-16 18:30:00+00:00,2025-06-16 18:30:00+00:00,RBR,5,5,5,21938.25,21940.75,long,21936.75,21940.75,8.0,36.0,target,1,25.0,45.0
2025-06-16 18:50:00+00:00,2025-06-16 18:50:00+00:00,DBD,5,5,5,21936.5,21934.0,short,21938.0,21934.0,8.0,36.0,target,1,5.0,103.0
2025-06-16 19:50:00+00:00,2025-06-16 19:50:00+00:00,RBR,5,4,5,21922.75,21925.25,long,21921.25,21925.25,8.0,36.0,target,1,11.0,122.0
2025-06-16 19:55:00+00:00,2025-06-16 19:55:00+00:00,RBR,5,4,4,21922.75,21925.25,long,21921.25,21925.25,8.0,36.0,target,1,34.0,138.0
2025-06-17 15:15:00+00:00,2025-06-17 15:15:00+00:00,RBR,5,5,5,21870.5,21873.0,long,21869.0,21873.0,8.0,36.0,target,1,5.0,142.0
2025-06-17 15:25:00+00:00,2025-06-17 15:25:00+00:00,RBR,5,5,5,21870.5,21873.0,long,21869.0,21873.0,8.0,36.0,target,1,42.0,26.0
2025-06-17 16:00:00+00:00,2025-06-17 16:00:00+00:00,DBD,5,5,5,21894.75,21892.25,short,21896.25,21892.25,8.0,36.0,target,1,21.0,92.0
2025-06-17 17:35:00+00:00,2025-06-17 17:35:00+00:00,DBD,5,7,7,21821.75,21819.25,short,21823.25,21819.25,8.0,36.0,target,1,10.0,115.0
2025-06-17 18:35:00+00:00,2025-06-17 18:35:00+00:00,DBD,5,5,6,21739.0,21736.5,short,21740.5,21736.5,8.0,36.0,target,1,5.0,123.0
2025-06-18 13:40:00+00:00,2025-06-18 13:40:00+00:00,DBD,5,5,4,21748.5,21746.0,short,21750.0,21746.0,8.0,36.0,target,1,60.0,52.0
2025-06-18 14:50:00+00:00,2025-06-18 14:50:00+00:00,RBR,5,5,6,21840.25,21842.75,long,21838.75,21842.75,8.0,36.0,target,1,22.0,71.0
2025-06-18 15:40:00+00:00,2025-06-18 15:40:00+00:00,RBR,5,4,5,21818.0,21820.5,long,21816.5,21820.5,8.0,36.0,target,1,23.0,96.0
2025-06-18 15:55:00+00:00,2025-06-18 15:55:00+00:00,RBR,5,4,4,21818.0,21820.5,long,21816.5,21820.5,8.0,36.0,target,1,32.0,138.0
2025-06-18 16:50:00+00:00,2025-06-18 16:50:00+00:00,RBR,5,5,5,21804.25,21806.75,long,21802.75,21806.75,8.0,36.0,target,1,1.0,96.0
2025-06-18 16:55:00+00:00,2025-06-18 16:55:00+00:00,RBR,5,5,4,21804.25,21806.75,long,21802.75,21806.75,8.0,36.0,target,1,5.0,47.0
2025-06-18 17:55:00+00:00,2025-06-18 17:55:00+00:00,DBD,15,6,7,21813.75,21811.25,short,21815.25,21811.25,8.0,36.0,target,1,6.0,72.0
2025-06-18 18:00:00+00:00,2025-06-18 18:00:00+00:00,DBD,15,6,6,21813.75,21811.25,short,21815.25,21811.25,8.0,36.0,target,1,176.0,254.0
2025-06-18 18:30:00+00:00,2025-06-18 18:30:00+00:00,DBD,5,4,4,21810.25,21807.75,short,21811.75,21807.75,8.0,36.0,target,1,71.0,157.0
2025-06-18 19:25:00+00:00,2025-06-18 19:25:00+00:00,RBR,5,4,4,21699.0,21701.5,long,21697.5,21701.5,8.0,36.0,target,1,20.0,282.0
2025-06-19 14:30:00+00:00,2025-06-19 14:30:00+00:00,RBR,5,5,5,21489.5,21492.0,long,21488.0,21492.0,8.0,36.0,target,1,62.0,61.0
2025-06-19 14:50:00+00:00,2025-06-19 14:50:00+00:00,DBD,5,4,4,21500.0,21497.5,short,21501.5,21497.5,8.0,36.0,target,1,20.0,85.0
2025-06-19 15:00:00+00:00,2025-06-19 15:00:00+00:00,DBD,5,4,4,21517.75,21515.25,short,21519.25,21515.25,8.0,36.0,target,1,9.0,69.0
2025-06-19 16:20:00+00:00,2025-06-19 16:20:00+00:00,DBD,15,7,7,21504.0,21505.5,short,21505.5,21501.5,-8.0,-44.0,stop,1,36.0,2.0
2025-06-19 16:45:00+00:00,2025-06-19 16:45:00+00:00,RBR,5,6,6,21498.5,21501.0,long,21497.0,21501.0,8.0,36.0,target,1,0.0,75.0
2025-06-19 16:55:00+00:00,2025-06-19 16:55:00+00:00,RBR,5,7,7,21492.75,21495.25,long,21491.25,21495.25,8.0,36.0,target,1,70.0,35.0
2025-06-23 14:55:00+00:00,2025-06-23 14:55:00+00:00,RBR,5,5,5,21958.25,21960.75,long,21956.75,21960.75,8.0,36.0,target,1,33.0,120.0
2025-06-23 15:05:00+00:00,2025-06-23 15:05:00+00:00,DBD,5,5,5,21995.5,21993.0,short,21997.0,21993.0,8.0,36.0,target,1,25.0,48.0
2025-06-23 19:25:00+00:00,2025-06-23 19:25:00+00:00,DBD,5,4,4,22056.75,22054.25,short,22058.25,22054.25,8.0,36.0,target,1,17.0,61.0
2025-06-24 15:00:00+00:00,2025-06-24 15:00:00+00:00,DBD,5,5,5,22334.5,22332.0,short,22336.0,22332.0,8.0,36.0,target,1,67.0,83.0
2025-06-24 15:55:00+00:00,2025-06-24 15:55:00+00:00,RBR,5,5,5,22362.75,22365.25,long,22361.25,22365.25,8.0,36.0,target,1,17.0,55.0
2025-06-24 16:55:00+00:00,2025-06-24 16:55:00+00:00,RBR,5,6,7,22388.25,22390.75,long,22386.75,22390.75,8.0,36.0,target,1,11.0,52.0
2025-06-24 17:20:00+00:00,2025-06-24 17:20:00+00:00,RBR,5,6,6,22388.25,22390.75,long,22386.75,22390.75,8.0,36.0,target,1,34.0,78.0
2025-06-24 17:40:00+00:00,2025-06-24 17:40:00+00:00,DBD,15,4,4,22410.5,22408.0,short,22412.0,22408.0,8.0,36.0,target,1,40.0,44.0
2025-06-24 19:45:00+00:00,2025-06-24 19:45:00+00:00,RBR,15,5,5,22413.0,22415.5,long,22411.5,22415.5,8.0,36.0,target,1,9.0,61.0
2025-06-24 19:50:00+00:00,2025-06-24 19:50:00+00:00,RBR,15,5,4,22413.0,22415.5,long,22411.5,22415.5,8.0,36.0,target,1,0.0,79.0
2025-06-25 14:50:00+00:00,2025-06-25 14:50:00+00:00,RBR,5,6,6,22489.75,22492.25,long,22488.25,22492.25,8.0,36.0,target,1,56.0,39.0
2025-06-25 15:00:00+00:00,2025-06-25 15:00:00+00:00,RBR,5,4,4,22475.5,22478.0,long,22474.0,22478.0,8.0,36.0,target,1,65.0,75.0
2025-06-25 17:30:00+00:00,2025-06-25 17:30:00+00:00,RBR,5,7,7,22436.0,22438.5,long,22434.5,22438.5,8.0,36.0,target,1,54.0,91.0
2025-06-25 17:35:00+00:00,2025-06-25 17:35:00+00:00,RBR,15,5,5,22422.75,22425.25,long,22421.25,22425.25,8.0,36.0,target,1,26.0,43.0
2025-06-25 17:40:00+00:00,2025-06-25 17:40:00+00:00,RBR,15,5,4,22422.75,22425.25,long,22421.25,22425.25,8.0,36.0,target,1,137.0,21.0
2025-06-25 17:50:00+00:00,2025-06-25 17:50:00+00:00,DBD,5,5,6,22433.5,22431.0,short,22435.0,22431.0,8.0,36.0,target,1,9.0,93.0
2025-06-26 14:40:00+00:00,2025-06-26 14:40:00+00:00,RBR,5,7,7,22564.0,22566.5,long,22562.5,22566.5,8.0,36.0,target,1,9.0,55.0
2025-06-26 15:25:00+00:00,2025-06-26 15:25:00+00:00,RBR,5,5,5,22575.25,22577.75,long,22573.75,22577.75,8.0,36.0,target,1,48.0,116.0
2025-06-26 16:35:00+00:00,2025-06-26 16:35:00+00:00,RBR,5,6,7,22601.75,22604.25,long,22600.25,22604.25,8.0,36.0,target,1,7.0,67.0
2025-06-26 16:40:00+00:00,2025-06-26 16:40:00+00:00,RBR,5,6,6,22601.75,22604.25,long,22600.25,22604.25,8.0,36.0,target,1,7.0,30.0
2025-06-26 17:10:00+00:00,2025-06-26 17:10:00+00:00,DBD,5,3,4,22623.75,22621.25,short,22625.25,22621.25,8.0,36.0,target,1,21.0,15.0
2025-06-26 19:00:00+00:00,2025-06-26 19:00:00+00:00,DBD,5,5,6,22671.5,22669.0,short,22673.0,22669.0,8.0,36.0,target,1,11.0,29.0
2025-06-26 19:10:00+00:00,2025-06-26 19:10:00+00:00,DBD,5,5,5,22671.5,22669.0,short,22673.0,22669.0,8.0,36.0,target,1,1.0,52.0
2025-06-26 19:15:00+00:00,2025-06-26 19:15:00+00:00,RBR,5,4,5,22657.0,22659.5,long,22655.5,22659.5,8.0,36.0,target,1,18.0,48.0
2025-06-26 19:50:00+00:00,2025-06-26 19:50:00+00:00,DBD,5,4,5,22677.0,22674.5,short,22678.5,22674.5,8.0,36.0,target,1,68.0,68.0
2025-06-27 16:00:00+00:00,2025-06-27 16:00:00+00:00,RBR,5,4,4,22802.75,22805.25,long,22801.25,22805.25,8.0,36.0,target,1,28.0,29.0
2025-06-27 16:15:00+00:00,2025-06-27 16:15:00+00:00,RBR,5,5,5,22781.0,22783.5,long,22779.5,22783.5,8.0,36.0,target,1,12.0,86.0
2025-06-27 16:20:00+00:00,2025-06-27 16:20:00+00:00,RBR,5,5,6,22781.0,22783.5,long,22779.5,22783.5,8.0,36.0,target,1,12.0,46.0
2025-06-27 16:35:00+00:00,2025-06-27 16:35:00+00:00,RBR,5,5,5,22781.0,22783.5,long,22779.5,22783.5,8.0,36.0,target,1,3.0,44.0
2025-06-27 17:35:00+00:00,2025-06-27 17:35:00+00:00,RBR,15,3,4,22759.0,22761.5,long,22757.5,22761.5,8.0,36.0,target,1,0.0,60.0
2025-06-27 17:40:00+00:00,2025-06-27 17:40:00+00:00,DBD,5,4,4,22778.0,22775.5,short,22779.5,22775.5,8.0,36.0,target,1,13.0,204.0
2025-06-27 18:15:00+00:00,2025-06-27 18:15:00+00:00,RBR,15,3,4,22685.25,22687.75,long,22683.75,22687.75,8.0,36.0,target,1,33.0,132.0
2025-06-27 19:20:00+00:00,2025-06-27 19:20:00+00:00,DBD,5,6,7,22677.0,22674.5,short,22678.5,22674.5,8.0,36.0,target,1,6.0,68.0
2025-06-27 19:35:00+00:00,2025-06-27 19:35:00+00:00,DBD,5,6,7,22701.5,22699.0,short,22703.0,22699.0,8.0,36.0,target,1,0.0,74.0
2025-06-27 19:40:00+00:00,2025-06-27 19:40:00+00:00,DBD,5,6,6,22701.5,22699.0,short,22703.0,22699.0,8.0,36.0,target,1,42.0,12.0
2025-06-27 19:50:00+00:00,2025-06-27 19:50:00+00:00,DBD,5,5,5,22742.5,22740.0,short,22744.0,22740.0,8.0,36.0,target,1,4.0,165.0
2025-06-27 19:55:00+00:00,2025-06-27 19:55:00+00:00,DBD,5,5,6,22742.5,22740.0,short,22744.0,22740.0,8.0,36.0,target,1,69.0,31.0
2025-06-30 14:20:00+00:00,2025-06-30 14:20:00+00:00,RBR,5,5,5,22817.25,22819.75,long,22815.75,22819.75,8.0,36.0,target,1,39.0,85.0
2025-06-30 14:25:00+00:00,2025-06-30 14:25:00+00:00,RBR,5,5,4,22817.25,22819.75,long,22815.75,22819.75,8.0,36.0,target,1,17.0,101.0
2025-06-30 16:55:00+00:00,2025-06-30 16:55:00+00:00,RBR,5,6,6,22845.25,22847.75,long,22843.75,22847.75,8.0,36.0,target,1,28.0,65.0
2025-06-30 17:55:00+00:00,2025-06-30 17:55:00+00:00,DBD,15,5,5,22839.0,22836.5,short,22840.5,22836.5,8.0,36.0,target,1,37.0,211.0
2025-07-01 15:05:00+00:00,2025-07-01 15:05:00+00:00,DBD,5,5,6,22718.0,22715.5,short,22719.5,22715.5,8.0,36.0,target,1,0.0,372.0
2025-07-01 16:45:00+00:00,2025-07-01 16:45:00+00:00,DBD,15,4,4,22719.5,22717.0,short,22721.0,22717.0,8.0,36.0,target,1,30.0,93.0
2025-07-01 18:55:00+00:00,2025-07-01 18:55:00+00:00,RBR,5,6,7,22720.25,22722.75,long,22718.75,22722.75,8.0,36.0,target,1,77.0,33.0
2025-07-01 19:45:00+00:00,2025-07-01 19:45:00+00:00,DBD,5,6,7,22730.75,22728.25,short,22732.25,22728.25,8.0,36.0,target,1,31.0,86.0
2025-07-02 15:25:00+00:00,2025-07-02 15:25:00+00:00,RBR,5,4,5,22801.0,22803.5,long,22799.5,22803.5,8.0,36.0,target,1,11.0,91.0
2025-07-02 15:30:00+00:00,2025-07-02 15:30:00+00:00,RBR,5,4,4,22801.0,22803.5,long,22799.5,22803.5,8.0,36.0,target,1,11.0,84.0
2025-07-03 14:45:00+00:00,2025-07-03 14:45:00+00:00,RBR,5,4,4,23038.75,23041.25,long,23037.25,23041.25,8.0,36.0,target,1,5.0,55.0
2025-07-03 16:45:00+00:00,2025-07-03 16:45:00+00:00,RBR,15,6,7,23056.75,23059.25,long,23055.25,23059.25,8.0,36.0,target,1,3.0,73.0
2025-07-03 16:50:00+00:00,2025-07-03 16:50:00+00:00,RBR,15,6,6,23056.75,23059.25,long,23055.25,23059.25,8.0,36.0,target,1,117.0,37.0
2025-07-04 15:20:00+00:00,2025-07-04 15:20:00+00:00,RBR,5,3,4,22914.75,22917.25,long,22913.25,22917.25,8.0,36.0,target,1,0.0,32.0
2025-07-07 14:00:00+00:00,2025-07-07 14:00:00+00:00,RBR,5,5,5,22920.25,22922.75,long,22918.75,22922.75,8.0,36.0,target,1,76.0,140.0
2025-07-07 14:10:00+00:00,2025-07-07 14:10:00+00:00,RBR,5,5,4,22920.25,22922.75,long,22918.75,22922.75,8.0,36.0,target,1,16.0,75.0
2025-07-07 14:20:00+00:00,2025-07-07 14:20:00+00:00,DBD,5,5,5,22944.25,22941.75,short,22945.75,22941.75,8.0,36.0,target,1,22.0,53.0
2025-07-07 15:55:00+00:00,2025-07-07 15:55:00+00:00,DBD,5,4,5,22933.25,22930.75,short,22934.75,22930.75,8.0,36.0,target,1,17.0,90.0
2025-07-07 16:00:00+00:00,2025-07-07 16:00:00+00:00,DBD,5,4,4,22933.25,22930.75,short,22934.75,22930.75,8.0,36.0,target,1,74.0,20.0
2025-07-07 17:30:00+00:00,2025-07-07 17:30:00+00:00,DBD,15,5,5,22924.25,22921.75,short,22925.75,22921.75,8.0,36.0,target,1,23.0,219.0
2025-07-07 18:40:00+00:00,2025-07-07 18:40:00+00:00,DBD,5,5,6,22830.0,22827.5,short,22831.5,22827.5,8.0,36.0,target,1,86.0,39.0
2025-07-08 14:20:00+00:00,2025-07-08 14:20:00+00:00,RBR,5,4,4,22865.5,22868.0,long,22864.0,22868.0,8.0,36.0,target,1,29.0,101.0
2025-07-08 16:05:00+00:00,2025-07-08 16:05:00+00:00,DBD,15,4,5,22915.0,22912.5,short,22916.5,22912.5,8.0,36.0,target,1,0.0,64.0
2025-07-08 16:10:00+00:00,2025-07-08 16:10:00+00:00,DBD,15,4,4,22915.0,22912.5,short,22916.5,22912.5,8.0,36.0,target,1,35.0,43.0
2025-07-08 16:35:00+00:00,2025-07-08 16:35:00+00:00,RBR,5,4,5,22899.0,22901.5,long,22897.5,22901.5,8.0,36.0,target,1,44.0,117.0
2025-07-08 17:10:00+00:00,2025-07-08 17:10:00+00:00,RBR,15,3,4,22899.0,22901.5,long,22897.5,22901.5,8.0,36.0,target,1,3.0,80.0
2025-07-09 14:25:00+00:00,2025-07-09 14:25:00+00:00,RBR,5,6,6,23038.75,23041.25,long,23037.25,23041.25,8.0,36.0,target,1,11.0,162.0
2025-07-09 14:30:00+00:00,2025-07-09 14:30:00+00:00,RBR,5,6,7,23038.75,23041.25,long,23037.25,23041.25,8.0,36.0,target,1,204.0,42.0
2025-07-10 19:25:00+00:00,2025-07-10 19:25:00+00:00,RBR,5,5,5,23026.75,23029.25,long,23025.25,23029.25,8.0,36.0,target,1,4.0,43.0
2025-07-10 19:30:00+00:00,2025-07-10 19:30:00+00:00,RBR,5,5,4,23026.75,23029.25,long,23025.25,23029.25,8.0,36.0,target,1,19.0,33.0
2025-07-11 15:10:00+00:00,2025-07-11 15:10:00+00:00,RBR,5,5,5,22928.0,22930.5,long,22926.5,22930.5,8.0,36.0,target,1,56.0,132.0
2025-07-11 15:20:00+00:00,2025-07-11 15:20:00+00:00,DBD,5,4,4,22965.5,22963.0,short,22967.0,22963.0,8.0,36.0,target,1,5.0,117.0
2025-07-11 15:30:00+00:00,2025-07-11 15:30:00+00:00,DBD,5,4,5,22965.5,22963.0,short,22967.0,22963.0,8.0,36.0,target,1,0.0,69.0
2025-07-11 15:35:00+00:00,2025-07-11 15:35:00+00:00,DBD,5,4,4,22965.5,22963.0,short,22967.0,22963.0,8.0,36.0,target,1,63.0,28.0
2025-07-11 15:40:00+00:00,2025-07-11 15:40:00+00:00,DBD,5,7,7,22988.25,22985.75,short,22989.75,22985.75,8.0,36.0,target,1,90.0,33.0
2025-07-11 16:20:00+00:00,2025-07-11 16:20:00+00:00,DBD,5,5,5,22994.75,22992.25,short,22996.25,22992.25,8.0,36.0,target,1,1.0,106.0
2025-07-11 16:25:00+00:00,2025-07-11 16:25:00+00:00,DBD,5,5,4,22994.75,22992.25,short,22996.25,22992.25,8.0,36.0,target,1,6.0,38.0
2025-07-11 17:35:00+00:00,2025-07-11 17:35:00+00:00,RBR,5,5,5,22992.75,22995.25,long,22991.25,22995.25,8.0,36.0,target,1,105.0,26.0
2025-07-11 18:50:00+00:00,2025-07-11 18:50:00+00:00,RBR,15,5,5,22991.5,22994.0,long,22990.0,22994.0,8.0,36.0,target,1,35.0,52.0
2025-07-11 19:20:00+00:00,2025-07-11 19:20:00+00:00,DBD,5,4,5,22990.5,22988.0,short,22992.0,22988.0,8.0,36.0,target,1,0.0,31.0
2025-07-11 19:25:00+00:00,2025-07-11 19:25:00+00:00,DBD,5,4,4,22990.5,22988.0,short,22992.0,22988.0,8.0,36.0,target,1,27.0,43.0
2025-07-14 14:15:00+00:00,2025-07-14 14:15:00+00:00,DBD,5,6,7,22961.0,22958.5,short,22962.5,22958.5,8.0,36.0,target,1,23.0,71.0
2025-07-14 19:05:00+00:00,2025-07-14 19:05:00+00:00,RBR,5,8,8,23048.0,23050.5,long,23046.5,23050.5,8.0,36.0,target,1,18.0,37.0
2025-07-14 19:50:00+00:00,2025-07-14 19:50:00+00:00,DBD,5,4,4,23035.5,23033.0,short,23037.0,23033.0,8.0,36.0,target,1,8.0,59.0
2025-07-15 19:00:00+00:00,2025-07-15 19:00:00+00:00,RBR,15,3,4,23086.75,23089.25,long,23085.25,23089.25,8.0,36.0,target,1,11.0,143.0
2025-07-16 15:15:00+00:00,2025-07-16 15:15:00+00:00,RBR,5,5,5,23004.25,23006.75,long,23002.75,23006.75,8.0,36.0,target,1,273.0,166.0
2025-07-16 17:30:00+00:00,2025-07-16 17:30:00+00:00,RBR,5,4,5,23034.25,23036.75,long,23032.75,23036.75,8.0,36.0,target,1,4.0,43.0
2025-07-16 17:35:00+00:00,2025-07-16 17:35:00+00:00,RBR,5,4,4,23034.25,23036.75,long,23032.75,23036.75,8.0,36.0,target,1,1.0,58.0
2025-07-16 18:40:00+00:00,2025-07-16 18:40:00+00:00,DBD,5,4,5,23064.0,23061.5,short,23065.5,23061.5,8.0,36.0,target,1,9.0,41.0
2025-07-16 18:55:00+00:00,2025-07-16 18:55:00+00:00,DBD,5,4,4,23064.0,23061.5,short,23065.5,23061.5,8.0,36.0,target,1,40.0,40.0
2025-07-17 14:15:00+00:00,2025-07-17 14:15:00+00:00,RBR,5,6,7,23139.5,23142.0,long,23138.0,23142.0,8.0,36.0,target,1,24.0,72.0
2025-07-17 16:15:00+00:00,2025-07-17 16:15:00+00:00,RBR,5,3,4,23246.0,23248.5,long,23244.5,23248.5,8.0,36.0,target,1,5.0,54.0
2025-07-17 16:45:00+00:00,2025-07-17 16:45:00+00:00,DBD,5,7,7,23260.25,23257.75,short,23261.75,23257.75,8.0,36.0,target,1,9.0,44.0
2025-07-17 18:05:00+00:00,2025-07-17 18:05:00+00:00,RBR,5,7,7,23255.0,23257.5,long,23253.5,23257.5,8.0,36.0,target,1,20.0,31.0
2025-07-18 15:00:00+00:00,2025-07-18 15:00:00+00:00,RBR,5,3,4,23194.75,23197.25,long,23193.25,23197.25,8.0,36.0,target,1,32.0,57.0
2025-07-18 16:30:00+00:00,2025-07-18 16:30:00+00:00,RBR,5,3,4,23199.0,23201.5,long,23197.5,23201.5,8.0,36.0,target,1,82.0,21.0
2025-07-18 17:20:00+00:00,2025-07-18 17:20:00+00:00,DBD,5,5,6,23212.75,23210.25,short,23214.25,23210.25,8.0,36.0,target,1,10.0,68.0
2025-07-18 17:25:00+00:00,2025-07-18 17:25:00+00:00,DBD,5,5,5,23212.75,23210.25,short,23214.25,23210.25,8.0,36.0,target,1,25.0,50.0
2025-07-18 18:00:00+00:00,2025-07-18 18:00:00+00:00,DBD,5,6,6,23210.0,23207.5,short,23211.5,23207.5,8.0,36.0,target,1,25.0,51.0
2025-07-18 19:30:00+00:00,2025-07-18 19:30:00+00:00,RBR,5,4,5,23205.75,23208.25,long,23204.25,23208.25,8.0,36.0,target,1,15.0,38.0
2025-07-21 16:30:00+00:00,2025-07-21 16:30:00+00:00,DBD,5,5,5,23380.5,23378.0,short,23382.0,23378.0,8.0,36.0,target,1,31.0,18.0
2025-07-21 16:50:00+00:00,2025-07-21 16:50:00+00:00,DBD,15,5,5,23404.75,23402.25,short,23406.25,23402.25,8.0,36.0,target,1,13.0,42.0
2025-07-21 18:10:00+00:00,2025-07-21 18:10:00+00:00,RBR,5,5,6,23401.0,23403.5,long,23399.5,23403.5,8.0,36.0,target,1,0.0,53.0
2025-07-21 18:15:00+00:00,2025-07-21 18:15:00+00:00,DBD,5,4,4,23414.75,23412.25,short,23416.25,23412.25,8.0,36.0,target,1,0.0,38.0
2025-07-21 18:20:00+00:00,2025-07-21 18:20:00+00:00,DBD,5,4,4,23414.75,23412.25,short,23416.25,23412.25,8.0,36.0,target,1,12.0,34.0
2025-07-22 15:30:00+00:00,2025-07-22 15:30:00+00:00,DBD,5,5,5,23227.75,23225.25,short,23229.25,23225.25,8.0,36.0,target,1,38.0,95.0
2025-07-22 17:20:00+00:00,2025-07-22 17:20:00+00:00,DBD,15,6,7,23216.75,23214.25,short,23218.25,23214.25,8.0,36.0,target,1,30.0,21.0
2025-07-22 17:50:00+00:00,2025-07-22 17:50:00+00:00,RBR,5,3,4,23211.5,23214.0,long,23210.0,23214.0,8.0,36.0,target,1,18.0,30.0
2025-07-22 18:15:00+00:00,2025-07-22 18:15:00+00:00,RBR,15,4,4,23195.25,23197.75,long,23193.75,23197.75,8.0,36.0,target,1,97.0,97.0
2025-07-22 18:35:00+00:00,2025-07-22 18:35:00+00:00,DBD,5,5,5,23242.0,23239.5,short,23243.5,23239.5,8.0,36.0,target,1,20.0,39.0
2025-07-22 19:20:00+00:00,2025-07-22 19:20:00+00:00,DBD,5,5,5,23244.5,23242.0,short,23246.0,23242.0,8.0,36.0,target,1,11.0,45.0
2025-07-22 19:25:00+00:00,2025-07-22 19:25:00+00:00,DBD,5,5,6,23244.5,23242.0,short,23246.0,23242.0,8.0,36.0,target,1,1.0,38.0
2025-07-22 19:30:00+00:00,2025-07-22 19:30:00+00:00,DBD,5,5,5,23244.5,23242.0,short,23246.0,23242.0,8.0,36.0,target,1,15.0,51.0
2025-07-22 19:55:00+00:00,2025-07-22 19:55:00+00:00,DBD,5,5,5,23243.25,23240.75,short,23244.75,23240.75,8.0,36.0,target,1,23.0,96.0
2025-07-23 14:15:00+00:00,2025-07-23 14:15:00+00:00,DBD,5,5,5,23185.0,23182.5,short,23186.5,23182.5,8.0,36.0,target,1,11.0,144.0
2025-07-23 14:20:00+00:00,2025-07-23 14:20:00+00:00,DBD,5,5,5,23185.0,23182.5,short,23186.5,23182.5,8.0,36.0,target,1,0.0,88.0
2025-07-23 14:25:00+00:00,2025-07-23 14:25:00+00:00,DBD,5,5,4,23185.0,23182.5,short,23186.5,23182.5,8.0,36.0,target,1,33.0,41.0
2025-07-23 15:00:00+00:00,2025-07-23 15:00:00+00:00,DBD,5,6,7,23209.75,23207.25,short,23211.25,23207.25,8.0,36.0,target,1,32.0,110.0
2025-07-23 15:20:00+00:00,2025-07-23 15:20:00+00:00,DBD,5,6,6,23209.75,23207.25,short,23211.25,23207.25,8.0,36.0,target,1,8.0,65.0
2025-07-23 16:20:00+00:00,2025-07-23 16:20:00+00:00,RBR,15,4,5,23197.0,23199.5,long,23195.5,23199.5,8.0,36.0,target,1,17.0,134.0
2025-07-23 16:25:00+00:00,2025-07-23 16:25:00+00:00,RBR,5,3,4,23203.0,23205.5,long,23201.5,23205.5,8.0,36.0,target,1,6.0,76.0
2025-07-23 17:50:00+00:00,2025-07-23 17:50:00+00:00,RBR,5,8,8,23231.0,23233.5,long,23229.5,23233.5,8.0,36.0,target,1,22.0,155.0
2025-07-23 18:30:00+00:00,2025-07-23 18:30:00+00:00,RBR,5,6,6,23285.75,23288.25,long,23284.25,23288.25,8.0,36.0,target,1,3.0,43.0
2025-07-23 19:50:00+00:00,2025-07-23 19:50:00+00:00,DBD,15,5,5,23297.5,23295.0,short,23299.0,23295.0,8.0,36.0,target,1,16.0,99.0
2025-07-23 19:55:00+00:00,2025-07-23 19:55:00+00:00,DBD,15,5,5,23297.5,23295.0,short,23299.0,23295.0,8.0,36.0,target,1,109.0,36.0
2025-07-24 16:00:00+00:00,2025-07-24 16:00:00+00:00,RBR,5,4,4,23374.5,23377.0,long,23373.0,23377.0,8.0,36.0,target,1,39.0,57.0
2025-07-24 16:05:00+00:00,2025-07-24 16:05:00+00:00,RBR,5,5,5,23360.75,23363.25,long,23359.25,23363.25,8.0,36.0,target,1,21.0,45.0
2025-07-24 16:25:00+00:00,2025-07-24 16:25:00+00:00,RBR,5,5,6,23348.0,23350.5,long,23346.5,23350.5,8.0,36.0,target,1,32.0,63.0
2025-07-24 16:30:00+00:00,2025-07-24 16:30:00+00:00,RBR,5,5,5,23348.0,23350.5,long,23346.5,23350.5,8.0,36.0,target,1,17.0,36.0
2025-07-24 18:10:00+00:00,2025-07-24 18:10:00+00:00,DBD,5,5,6,23409.25,23406.75,short,23410.75,23406.75,8.0,36.0,target,1,51.0,14.0
2025-07-24 19:40:00+00:00,2025-07-24 19:40:00+00:00,RBR,5,5,5,23403.0,23405.5,long,23401.5,23405.5,8.0,36.0,target,1,9.0,33.0
2025-07-25 17:15:00+00:00,2025-07-25 17:15:00+00:00,RBR,5,6,7,23439.25,23441.75,long,23437.75,23441.75,8.0,36.0,target,1,9.0,33.0
2025-07-25 17:25:00+00:00,2025-07-25 17:25:00+00:00,DBD,5,6,6,23449.0,23446.5,short,23450.5,23446.5,8.0,36.0,target,1,12.0,22.0
2025-07-25 17:30:00+00:00,2025-07-25 17:30:00+00:00,DBD,5,6,5,23449.0,23446.5,short,23450.5,23446.5,8.0,36.0,target,1,24.0,16.0
2025-07-25 18:15:00+00:00,2025-07-25 18:15:00+00:00,DBD,5,4,4,23449.5,23447.0,short,23451.0,23447.0,8.0,36.0,target,1,8.0,19.0
2025-07-25 19:25:00+00:00,2025-07-25 19:25:00+00:00,RBR,5,6,6,23442.5,23445.0,long,23441.0,23445.0,8.0,36.0,target,1,15.0,25.0
2025-07-28 15:55:00+00:00,2025-07-28 15:55:00+00:00,DBD,15,3,4,23500.0,23497.5,short,23501.5,23497.5,8.0,36.0,target,1,0.0,31.0
2025-07-28 16:05:00+00:00,2025-07-28 16:05:00+00:00,RBR,5,3,4,23479.0,23481.5,long,23477.5,23481.5,8.0,36.0,target,1,18.0,44.0
2025-07-28 16:20:00+00:00,2025-07-28 16:20:00+00:00,DBD,5,5,5,23506.0,23503.5,short,23507.5,23503.5,8.0,36.0,target,1,13.0,55.0
2025-07-28 18:00:00+00:00,2025-07-28 18:00:00+00:00,RBR,5,4,5,23458.5,23461.0,long,23457.0,23461.0,8.0,36.0,target,1,24.0,40.0
2025-07-28 19:20:00+00:00,2025-07-28 19:20:00+00:00,DBD,5,6,6,23466.0,23463.5,short,23467.5,23463.5,8.0,36.0,target,1,0.0,41.0
2025-07-28 19:40:00+00:00,2025-07-28 19:40:00+00:00,DBD,5,6,5,23466.0,23463.5,short,23467.5,23463.5,8.0,36.0,target,1,8.0,34.0
2025-07-28 19:55:00+00:00,2025-07-28 19:55:00+00:00,DBD,15,6,6,23488.25,23485.75,short,23489.75,23485.75,8.0,36.0,target,1,32.0,42.0
2025-07-29 15:45:00+00:00,2025-07-29 15:45:00+00:00,DBD,5,5,6,23508.5,23506.0,short,23510.0,23506.0,8.0,36.0,target,1,4.0,198.0
2025-07-29 15:50:00+00:00,2025-07-29 15:50:00+00:00,DBD,5,5,5,23508.5,23506.0,short,23510.0,23506.0,8.0,36.0,target,1,18.0,63.0
2025-07-29 18:40:00+00:00,2025-07-29 18:40:00+00:00,DBD,5,4,4,23504.5,23502.0,short,23506.0,23502.0,8.0,36.0,target,1,12.0,62.0
2025-07-30 14:55:00+00:00,2025-07-30 14:55:00+00:00,RBR,5,8,8,23515.75,23518.25,long,23514.25,23518.25,8.0,36.0,target,1,16.0,102.0
2025-07-30 15:50:00+00:00,2025-07-30 15:50:00+00:00,DBD,5,4,4,23513.0,23510.5,short,23514.5,23510.5,8.0,36.0,target,1,2.0,52.0
2025-07-30 17:30:00+00:00,2025-07-30 17:30:00+00:00,RBR,5,4,5,23523.75,23526.25,long,23522.25,23526.25,8.0,36.0,target,1,3.0,52.0
2025-07-30 18:35:00+00:00,2025-07-30 18:35:00+00:00,RBR,5,4,4,23541.0,23543.5,long,23539.5,23543.5,8.0,36.0,target,1,43.0,194.0
2025-07-30 18:40:00+00:00,2025-07-30 18:40:00+00:00,RBR,5,4,4,23541.0,23543.5,long,23539.5,23543.5,8.0,36.0,target,1,108.0,82.0
2025-07-31 16:35:00+00:00,2025-07-31 16:35:00+00:00,RBR,5,5,6,23592.75,23595.25,long,23591.25,23595.25,8.0,36.0,target,1,32.0,60.0
2025-07-31 16:40:00+00:00,2025-07-31 16:40:00+00:00,RBR,5,5,5,23592.75,23595.25,long,23591.25,23595.25,8.0,36.0,target,1,11.0,46.0
2025-07-31 16:45:00+00:00,2025-07-31 16:45:00+00:00,RBR,5,4,4,23577.5,23580.0,long,23576.0,23580.0,8.0,36.0,target,1,60.0,86.0
2025-07-31 16:50:00+00:00,2025-07-31 16:50:00+00:00,RBR,5,4,5,23577.5,23580.0,long,23576.0,23580.0,8.0,36.0,target,1,80.0,18.0
2025-07-31 17:00:00+00:00,2025-07-31 17:00:00+00:00,RBR,15,4,5,23557.25,23559.75,long,23555.75,23559.75,8.0,36.0,target,1,60.0,58.0
2025-07-31 17:15:00+00:00,2025-07-31 17:15:00+00:00,RBR,5,3,4,23530.0,23532.5,long,23528.5,23532.5,8.0,36.0,target,1,59.0,53.0
2025-07-31 18:25:00+00:00,2025-07-31 18:25:00+00:00,DBD,5,4,4,23418.5,23416.0,short,23420.0,23416.0,8.0,36.0,target,1,4.0,144.0
2025-08-01 15:40:00+00:00,2025-08-01 15:40:00+00:00,DBD,5,4,4,22958.25,22955.75,short,22959.75,22955.75,8.0,36.0,target,1,147.0,29.0
2025-08-01 17:30:00+00:00,2025-08-01 17:30:00+00:00,DBD,5,4,4,22876.5,22874.0,short,22878.0,22874.0,8.0,36.0,target,1,20.0,121.0
2025-08-01 18:25:00+00:00,2025-08-01 18:25:00+00:00,DBD,5,4,4,22876.5,22874.0,short,22878.0,22874.0,8.0,36.0,target,1,88.0,91.0
2025-08-01 19:20:00+00:00,2025-08-01 19:20:00+00:00,RBR,5,4,4,22862.75,22865.25,long,22861.25,22865.25,8.0,36.0,target,1,15.0,143.0
2025-08-01 19:30:00+00:00,2025-08-01 19:30:00+00:00,RBR,5,4,5,22862.75,22865.25,long,22861.25,22865.25,8.0,36.0,target,1,106.0,105.0
2025-08-04 15:30:00+00:00,2025-08-04 15:30:00+00:00,DBD,5,3,4,23219.0,23216.5,short,23220.5,23216.5,8.0,36.0,target,1,20.0,67.0
2025-08-04 15:55:00+00:00,2025-08-04 15:55:00+00:00,DBD,5,4,5,23254.75,23252.25,short,23256.25,23252.25,8.0,36.0,target,1,35.0,64.0
2025-08-04 16:00:00+00:00,2025-08-04 16:00:00+00:00,DBD,5,4,4,23254.75,23252.25,short,23256.25,23252.25,8.0,36.0,target,1,63.0,27.0
2025-08-04 16:40:00+00:00,2025-08-04 16:40:00+00:00,RBR,5,5,5,23253.75,23256.25,long,23252.25,23256.25,8.0,36.0,target,1,2.0,40.0
2025-08-04 17:40:00+00:00,2025-08-04 17:40:00+00:00,RBR,5,4,4,23266.75,23269.25,long,23265.25,23269.25,8.0,36.0,target,1,29.0,37.0
2025-08-04 17:45:00+00:00,2025-08-04 17:45:00+00:00,RBR,5,5,5,23253.75,23256.25,long,23252.25,23256.25,8.0,36.0,target,1,50.0,58.0
2025-08-04 18:10:00+00:00,2025-08-04 18:10:00+00:00,RBR,5,5,5,23261.0,23263.5,long,23259.5,23263.5,8.0,36.0,target,1,9.0,72.0
2025-08-04 18:15:00+00:00,2025-08-04 18:15:00+00:00,RBR,5,5,6,23261.0,23263.5,long,23259.5,23263.5,8.0,36.0,target,1,7.0,30.0
2025-08-04 18:40:00+00:00,2025-08-04 18:40:00+00:00,RBR,5,5,5,23261.0,23263.5,long,23259.5,23263.5,8.0,36.0,target,1,21.0,40.0
2025-08-05 14:00:00+00:00,2025-08-05 14:00:00+00:00,RBR,5,6,6,23341.75,23344.25,long,23340.25,23344.25,8.0,36.0,target,1,105.0,131.0
2025-08-05 14:15:00+00:00,2025-08-05 14:15:00+00:00,RBR,15,5,5,23303.5,23306.0,long,23302.0,23306.0,8.0,36.0,target,1,44.0,84.0
2025-08-05 14:20:00+00:00,2025-08-05 14:20:00+00:00,RBR,5,6,6,23286.25,23288.75,long,23284.75,23288.75,8.0,36.0,target,1,35.0,93.0
2025-08-05 15:15:00+00:00,2025-08-05 15:15:00+00:00,RBR,5,4,4,23196.25,23198.75,long,23194.75,23198.75,8.0,36.0,target,1,79.0,94.0
2025-08-05 18:15:00+00:00,2025-08-05 18:15:00+00:00,RBR,15,7,7,23201.0,23203.5,long,23199.5,23203.5,8.0,36.0,target,1,39.0,90.0
2025-08-05 18:30:00+00:00,2025-08-05 18:30:00+00:00,RBR,15,3,4,23166.75,23169.25,long,23165.25,23169.25,8.0,36.0,target,1,52.0,114.0
2025-08-06 14:20:00+00:00,2025-08-06 14:20:00+00:00,RBR,5,4,5,23197.25,23199.75,long,23195.75,23199.75,8.0,36.0,target,1,132.0,138.0
2025-08-06 14:35:00+00:00,2025-08-06 14:35:00+00:00,DBD,5,5,5,23237.5,23235.0,short,23239.0,23235.0,8.0,36.0,target,1,53.0,162.0
2025-08-06 15:35:00+00:00,2025-08-06 15:35:00+00:00,RBR,5,5,5,23312.5,23315.0,long,23311.0,23315.0,8.0,36.0,target,1,4.0,130.0
2025-08-06 15:40:00+00:00,2025-08-06 15:40:00+00:00,RBR,5,5,5,23312.5,23315.0,long,23311.0,23315.0,8.0,36.0,target,1,56.0,104.0
2025-08-06 16:25:00+00:00,2025-08-06 16:25:00+00:00,RBR,5,5,6,23360.75,23363.25,long,23359.25,23363.25,8.0,36.0,target,1,6.0,47.0
2025-08-06 16:30:00+00:00,2025-08-06 16:30:00+00:00,RBR,5,5,5,23360.75,23363.25,long,23359.25,23363.25,8.0,36.0,target,1,34.0,36.0
2025-08-06 17:50:00+00:00,2025-08-06 17:50:00+00:00,RBR,5,5,5,23367.0,23369.5,long,23365.5,23369.5,8.0,36.0,target,1,10.0,42.0
2025-08-06 18:55:00+00:00,2025-08-06 18:55:00+00:00,RBR,5,5,6,23413.0,23415.5,long,23411.5,23415.5,8.0,36.0,target,1,11.0,62.0
2025-08-06 19:00:00+00:00,2025-08-06 19:00:00+00:00,RBR,5,5,5,23413.0,23415.5,long,23411.5,23415.5,8.0,36.0,target,1,0.0,76.0
2025-08-07 13:45:00+00:00,2025-08-07 13:45:00+00:00,RBR,5,4,5,23582.0,23584.5,long,23580.5,23584.5,8.0,36.0,target,1,48.0,114.0
2025-08-07 14:10:00+00:00,2025-08-07 14:10:00+00:00,RBR,15,6,6,23582.0,23584.5,long,23580.5,23584.5,8.0,36.0,target,1,8.0,130.0
2025-08-07 14:20:00+00:00,2025-08-07 14:20:00+00:00,RBR,15,6,5,23582.0,23584.5,long,23580.5,23584.5,8.0,36.0,target,1,87.0,128.0
2025-08-07 15:55:00+00:00,2025-08-07 15:55:00+00:00,DBD,5,4,5,23519.0,23516.5,short,23520.5,23516.5,8.0,36.0,target,1,16.0,86.0
2025-08-07 19:35:00+00:00,2025-08-07 19:35:00+00:00,DBD,5,6,6,23430.5,23428.0,short,23432.0,23428.0,8.0,36.0,target,1,51.0,72.0
2025-08-08 14:15:00+00:00,2025-08-08 14:15:00+00:00,RBR,5,5,6,23631.5,23634.0,long,23630.0,23634.0,8.0,36.0,target,1,21.0,118.0
2025-08-08 14:55:00+00:00,2025-08-08 14:55:00+00:00,RBR,5,3,4,23654.25,23656.75,long,23652.75,23656.75,8.0,36.0,target,1,37.0,47.0
2025-08-08 15:40:00+00:00,2025-08-08 15:40:00+00:00,RBR,5,5,5,23613.0,23615.5,long,23611.5,23615.5,8.0,36.0,target,1,4.0,78.0
2025-08-08 15:55:00+00:00,2025-08-08 15:55:00+00:00,DBD,5,4,5,23675.0,23672.5,short,23676.5,23672.5,8.0,36.0,target,1,27.0,42.0
2025-08-08 16:00:00+00:00,2025-08-08 16:00:00+00:00,DBD,5,4,4,23690.0,23687.5,short,23691.5,23687.5,8.0,36.0,target,1,27.0,56.0
2025-08-08 16:05:00+00:00,2025-08-08 16:05:00+00:00,DBD,5,4,5,23690.0,23687.5,short,23691.5,23687.5,8.0,36.0,target,1,18.0,33.0
2025-08-08 16:10:00+00:00,2025-08-08 16:10:00+00:00,DBD,5,4,4,23690.0,23687.5,short,23691.5,23687.5,8.0,36.0,target,1,3.0,62.0
2025-08-08 17:00:00+00:00,2025-08-08 17:00:00+00:00,RBR,5,5,5,23674.5,23677.0,long,23673.0,23677.0,8.0,36.0,target,1,61.0,30.0
2025-08-08 17:05:00+00:00,2025-08-08 17:05:00+00:00,RBR,5,5,4,23674.5,23677.0,long,23673.0,23677.0,8.0,36.0,target,1,36.0,33.0
2025-08-08 18:25:00+00:00,2025-08-08 18:25:00+00:00,RBR,5,5,5,23692.0,23694.5,long,23690.5,23694.5,8.0,36.0,target,1,9.0,65.0
2025-08-08 19:30:00+00:00,2025-08-08 19:30:00+00:00,RBR,5,5,5,23703.0,23705.5,long,23701.5,23705.5,8.0,36.0,target,1,36.0,17.0
2025-08-08 19:35:00+00:00,2025-08-08 19:35:00+00:00,RBR,5,5,5,23692.0,23694.5,long,23690.5,23694.5,8.0,36.0,target,1,0.0,38.0
2025-08-08 19:40:00+00:00,2025-08-08 19:40:00+00:00,RBR,15,5,4,23686.5,23689.0,long,23685.0,23689.0,8.0,36.0,target,1,18.0,58.0
2025-08-11 14:45:00+00:00,2025-08-11 14:45:00+00:00,RBR,5,5,6,23735.5,23738.0,long,23734.0,23738.0,8.0,36.0,target,1,65.0,89.0
2025-08-11 16:40:00+00:00,2025-08-11 16:40:00+00:00,RBR,5,6,7,23757.0,23759.5,long,23755.5,23759.5,8.0,36.0,target,1,68.0,44.0
2025-08-12 14:05:00+00:00,2025-08-12 14:05:00+00:00,DBD,5,4,4,23713.5,23711.0,short,23715.0,23711.0,8.0,36.0,target,1,15.0,221.0
2025-08-12 14:10:00+00:00,2025-08-12 14:10:00+00:00,DBD,5,4,5,23713.5,23711.0,short,23715.0,23711.0,8.0,36.0,target,1,44.0,173.0
2025-08-12 18:40:00+00:00,2025-08-12 18:40:00+00:00,RBR,5,5,5,23908.0,23910.5,long,23906.5,23910.5,8.0,36.0,target,1,5.0,25.0
2025-08-12 18:45:00+00:00,2025-08-12 18:45:00+00:00,RBR,5,5,4,23908.0,23910.5,long,23906.5,23910.5,8.0,36.0,target,1,9.0,36.0
2025-08-12 19:05:00+00:00,2025-08-12 19:05:00+00:00,DBD,5,4,4,23914.75,23912.25,short,23916.25,23912.25,8.0,36.0,target,1,11.0,31.0
2025-08-12 19:25:00+00:00,2025-08-12 19:25:00+00:00,DBD,5,4,4,23922.5,23920.0,short,23924.0,23920.0,8.0,36.0,target,1,12.0,27.0
2025-08-12 19:50:00+00:00,2025-08-12 19:50:00+00:00,RBR,5,3,4,23912.5,23915.0,long,23911.0,23915.0,8.0,36.0,target,1,7.0,150.0
2025-08-13 14:45:00+00:00,2025-08-13 14:45:00+00:00,RBR,5,5,5,23933.5,23936.0,long,23932.0,23936.0,8.0,36.0,target,1,4.0,142.0
2025-08-13 15:00:00+00:00,2025-08-13 15:00:00+00:00,RBR,5,5,6,23933.5,23936.0,long,23932.0,23936.0,8.0,36.0,target,1,11.0,110.0
2025-08-13 15:05:00+00:00,2025-08-13 15:05:00+00:00,RBR,5,5,5,23933.5,23936.0,long,23932.0,23936.0,8.0,36.0,target,1,70.0,46.0
2025-08-13 15:55:00+00:00,2025-08-13 15:55:00+00:00,RBR,5,3,4,23921.75,23924.25,long,23920.25,23924.25,8.0,36.0,target,1,11.0,45.0
2025-08-13 17:00:00+00:00,2025-08-13 17:00:00+00:00,DBD,5,4,4,23926.5,23924.0,short,23928.0,23924.0,8.0,36.0,target,1,17.0,124.0
2025-08-13 17:20:00+00:00,2025-08-13 17:20:00+00:00,DBD,5,6,7,23936.5,23934.0,short,23938.0,23934.0,8.0,36.0,target,1,13.0,58.0
2025-08-13 18:20:00+00:00,2025-08-13 18:20:00+00:00,RBR,5,6,6,23930.5,23933.0,long,23929.0,23933.0,8.0,36.0,target,1,17.0,34.0
2025-08-13 18:25:00+00:00,2025-08-13 18:25:00+00:00,RBR,5,6,5,23930.5,23933.0,long,23929.0,23933.0,8.0,36.0,target,1,23.0,26.0
2025-08-13 19:50:00+00:00,2025-08-13 19:50:00+00:00,DBD,5,4,4,23932.75,23930.25,short,23934.25,23930.25,8.0,36.0,target,1,68.0,40.0
2025-08-14 14:55:00+00:00,2025-08-14 14:55:00+00:00,RBR,5,7,7,23973.25,23975.75,long,23971.75,23975.75,8.0,36.0,target,1,131.0,27.0
2025-08-14 16:35:00+00:00,2025-08-14 16:35:00+00:00,DBD,5,5,6,23917.0,23914.5,short,23918.5,23914.5,8.0,36.0,target,1,5.0,93.0
2025-08-14 16:45:00+00:00,2025-08-14 16:45:00+00:00,DBD,5,5,5,23917.0,23914.5,short,23918.5,23914.5,8.0,36.0,target,1,23.0,69.0
2025-08-14 17:40:00+00:00,2025-08-14 17:40:00+00:00,RBR,5,6,7,23954.0,23956.5,long,23952.5,23956.5,8.0,36.0,target,1,59.0,23.0
2025-08-14 17:45:00+00:00,2025-08-14 17:45:00+00:00,RBR,5,4,5,23942.0,23944.5,long,23940.5,23944.5,8.0,36.0,target,1,2.0,85.0
2025-08-14 17:50:00+00:00,2025-08-14 17:50:00+00:00,RBR,5,4,4,23942.0,23944.5,long,23940.5,23944.5,8.0,36.0,target,1,18.0,43.0
2025-08-14 19:15:00+00:00,2025-08-14 19:15:00+00:00,DBD,5,5,5,23942.25,23939.75,short,23943.75,23939.75,8.0,36.0,target,1,0.0,95.0
2025-08-15 14:05:00+00:00,2025-08-15 14:05:00+00:00,DBD,5,6,7,23864.0,23861.5,short,23865.5,23861.5,8.0,36.0,target,1,15.0,92.0
2025-08-15 17:30:00+00:00,2025-08-15 17:30:00+00:00,DBD,5,4,4,23824.5,23822.0,short,23826.0,23822.0,8.0,36.0,target,1,13.0,79.0
2025-08-15 17:55:00+00:00,2025-08-15 17:55:00+00:00,DBD,5,4,5,23824.5,23822.0,short,23826.0,23822.0,8.0,36.0,target,1,75.0,64.0
2025-08-15 18:20:00+00:00,2025-08-15 18:20:00+00:00,RBR,15,4,5,23804.75,23807.25,long,23803.25,23807.25,8.0,36.0,target,1,11.0,42.0
2025-08-15 18:55:00+00:00,2025-08-15 18:55:00+00:00,DBD,5,3,4,23818.25,23815.75,short,23819.75,23815.75,8.0,36.0,target,1,11.0,113.0
2025-08-15 19:50:00+00:00,2025-08-15 19:50:00+00:00,RBR,5,7,7,23808.75,23811.25,long,23807.25,23811.25,8.0,36.0,target,1,31.0,87.0
2025-08-18 13:35:00+00:00,2025-08-18 13:35:00+00:00,DBD,5,8,8,23810.5,23808.0,short,23812.0,23808.0,8.0,36.0,target,1,27.0,93.0
2025-08-18 14:20:00+00:00,2025-08-18 14:20:00+00:00,DBD,15,4,5,23817.25,23814.75,short,23818.75,23814.75,8.0,36.0,target,1,10.0,193.0
2025-08-18 14:25:00+00:00,2025-08-18 14:25:00+00:00,DBD,15,4,4,23817.25,23814.75,short,23818.75,23814.75,8.0,36.0,target,1,28.0,165.0
2025-08-18 14:30:00+00:00,2025-08-18 14:30:00+00:00,RBR,5,4,4,23761.0,23763.5,long,23759.5,23763.5,8.0,36.0,target,1,25.0,112.0
2025-08-18 14:40:00+00:00,2025-08-18 14:40:00+00:00,RBR,5,4,5,23761.0,23763.5,long,23759.5,23763.5,8.0,36.0,target,1,38.0,56.0
2025-08-18 14:50:00+00:00,2025-08-18 14:50:00+00:00,DBD,5,4,4,23775.0,23772.5,short,23776.5,23772.5,8.0,36.0,target,1,17.0,119.0
2025-08-18 14:55:00+00:00,2025-08-18 14:55:00+00:00,DBD,5,4,4,23775.0,23772.5,short,23776.5,23772.5,8.0,36.0,target,1,26.0,49.0
2025-08-18 16:10:00+00:00,2025-08-18 16:10:00+00:00,DBD,5,4,4,23771.0,23768.5,short,23772.5,23768.5,8.0,36.0,target,1,3.0,82.0
2025-08-18 17:00:00+00:00,2025-08-18 17:00:00+00:00,DBD,5,5,5,23750.75,23748.25,short,23752.25,23748.25,8.0,36.0,target,1,15.0,71.0
2025-08-19 16:10:00+00:00,2025-08-19 16:10:00+00:00,RBR,5,3,4,23536.75,23539.25,long,23535.25,23539.25,8.0,36.0,target,1,87.0,29.0
2025-08-19 17:40:00+00:00,2025-08-19 17:40:00+00:00,DBD,5,4,4,23511.0,23508.5,short,23512.5,23508.5,8.0,36.0,target,1,1.0,50.0
2025-08-19 18:55:00+00:00,2025-08-19 18:55:00+00:00,DBD,5,5,6,23469.5,23467.0,short,23471.0,23467.0,8.0,36.0,target,1,7.0,44.0
2025-08-19 19:30:00+00:00,2025-08-19 19:30:00+00:00,DBD,15,7,7,23471.25,23468.75,short,23472.75,23468.75,8.0,36.0,target,1,1.0,52.0
2025-08-19 19:35:00+00:00,2025-08-19 19:35:00+00:00,DBD,15,7,6,23471.25,23468.75,short,23472.75,23468.75,8.0,36.0,target,1,11.0,36.0
2025-08-20 16:15:00+00:00,2025-08-20 16:15:00+00:00,DBD,5,4,5,23258.25,23255.75,short,23259.75,23255.75,8.0,36.0,target,1,24.0,84.0
2025-08-20 16:35:00+00:00,2025-08-20 16:35:00+00:00,RBR,5,6,6,23259.5,23262.0,long,23258.0,23262.0,8.0,36.0,target,1,12.0,96.0
2025-08-20 16:40:00+00:00,2025-08-20 16:40:00+00:00,RBR,5,6,5,23259.5,23262.0,long,23258.0,23262.0,8.0,36.0,target,1,53.0,74.0
2025-08-20 17:00:00+00:00,2025-08-20 17:00:00+00:00,DBD,5,6,6,23266.5,23264.0,short,23268.0,23264.0,8.0,36.0,target,1,0.0,165.0
2025-08-20 17:05:00+00:00,2025-08-20 17:05:00+00:00,DBD,5,6,6,23266.5,23264.0,short,23268.0,23264.0,8.0,36.0,target,1,32.0,112.0
2025-08-20 18:00:00+00:00,2025-08-20 18:00:00+00:00,RBR,15,5,5,23231.0,23233.5,long,23229.5,23233.5,8.0,36.0,target,1,126.0,166.0
2025-08-20 18:55:00+00:00,2025-08-20 18:55:00+00:00,RBR,5,5,5,23240.75,23243.25,long,23239.25,23243.25,8.0,36.0,target,1,4.0,119.0
2025-08-21 14:10:00+00:00,2025-08-21 14:10:00+00:00,DBD,15,6,6,23290.25,23287.75,short,23291.75,23287.75,8.0,36.0,target,1,52.0,82.0
2025-08-21 14:15:00+00:00,2025-08-21 14:15:00+00:00,DBD,15,6,5,23290.25,23287.75,short,23291.75,23287.75,8.0,36.0,target,1,97.0,71.0
2025-08-21 14:35:00+00:00,2025-08-21 14:35:00+00:00,RBR,5,6,6,23269.75,23272.25,long,23268.25,23272.25,8.0,36.0,target,1,50.0,126.0
2025-08-21 16:15:00+00:00,2025-08-21 16:15:00+00:00,DBD,5,6,7,23211.75,23209.25,short,23213.25,23209.25,8.0,36.0,target,1,8.0,73.0
2025-08-21 17:40:00+00:00,2025-08-21 17:40:00+00:00,DBD,15,5,5,23204.75,23202.25,short,23206.25,23202.25,8.0,36.0,target,1,16.0,54.0
2025-08-21 17:45:00+00:00,2025-08-21 17:45:00+00:00,DBD,5,4,4,23212.5,23210.0,short,23214.0,23210.0,8.0,36.0,target,1,47.0,50.0
2025-08-21 19:35:00+00:00,2025-08-21 19:35:00+00:00,RBR,5,5,6,23220.75,23223.25,long,23219.25,23223.25,8.0,36.0,target,1,28.0,49.0
2025-08-22 15:45:00+00:00,2025-08-22 15:45:00+00:00,RBR,5,5,5,23602.25,23604.75,long,23600.75,23604.75,8.0,36.0,target,1,68.0,93.0
2025-08-22 15:50:00+00:00,2025-08-22 15:50:00+00:00,RBR,5,6,7,23579.5,23582.0,long,23578.0,23582.0,8.0,36.0,target,1,10.0,65.0
2025-08-22 15:55:00+00:00,2025-08-22 15:55:00+00:00,RBR,5,6,6,23579.5,23582.0,long,23578.0,23582.0,8.0,36.0,target,1,58.0,62.0
2025-08-22 17:00:00+00:00,2025-08-22 17:00:00+00:00,DBD,5,4,4,23552.5,23550.0,short,23554.0,23550.0,8.0,36.0,target,1,13.0,99.0
2025-08-25 15:35:00+00:00,2025-08-25 15:35:00+00:00,RBR,5,6,6,23580.75,23583.25,long,23579.25,23583.25,8.0,36.0,target,1,9.0,73.0
2025-08-25 17:00:00+00:00,2025-08-25 17:00:00+00:00,RBR,5,6,7,23580.75,23583.25,long,23579.25,23583.25,8.0,36.0,target,1,36.0,69.0
2025-08-25 19:10:00+00:00,2025-08-25 19:10:00+00:00,DBD,5,5,5,23569.25,23566.75,short,23570.75,23566.75,8.0,36.0,target,1,17.0,14.0
2025-08-26 14:10:00+00:00,2025-08-26 14:10:00+00:00,DBD,5,6,6,23518.5,23516.0,short,23520.0,23516.0,8.0,36.0,target,1,35.0,140.0
2025-08-26 14:15:00+00:00,2025-08-26 14:15:00+00:00,DBD,5,6,5,23518.5,23516.0,short,23520.0,23516.0,8.0,36.0,target,1,40.0,70.0
2025-08-26 15:10:00+00:00,2025-08-26 15:10:00+00:00,DBD,5,6,6,23530.0,23527.5,short,23531.5,23527.5,8.0,36.0,target,1,14.0,68.0
2025-08-26 15:15:00+00:00,2025-08-26 15:15:00+00:00,DBD,5,6,6,23530.0,23527.5,short,23531.5,23527.5,8.0,36.0,target,1,15.0,73.0
2025-08-26 15:20:00+00:00,2025-08-26 15:20:00+00:00,DBD,5,6,5,23530.0,23527.5,short,23531.5,23527.5,8.0,36.0,target,1,20.0,41.0
2025-08-26 15:30:00+00:00,2025-08-26 15:30:00+00:00,RBR,5,4,4,23501.0,23503.5,long,23499.5,23503.5,8.0,36.0,target,1,31.0,60.0
2025-08-26 16:10:00+00:00,2025-08-26 16:10:00+00:00,DBD,5,6,6,23540.0,23537.5,short,23541.5,23537.5,8.0,36.0,target,1,18.0,42.0
2025-08-26 16:45:00+00:00,2025-08-26 16:45:00+00:00,RBR,5,8,8,23529.5,23532.0,long,23528.0,23532.0,8.0,36.0,target,1,3.0,58.0
2025-08-26 16:50:00+00:00,2025-08-26 16:50:00+00:00,RBR,5,8,9,23529.5,23532.0,long,23528.0,23532.0,8.0,36.0,target,1,18.0,35.0
2025-08-26 17:05:00+00:00,2025-08-26 17:05:00+00:00,RBR,5,8,8,23529.5,23532.0,long,23528.0,23532.0,8.0,36.0,target,1,22.0,57.0
2025-08-26 17:10:00+00:00,2025-08-26 17:10:00+00:00,RBR,5,4,4,23511.5,23514.0,long,23510.0,23514.0,8.0,36.0,target,1,7.0,72.0
2025-08-26 17:40:00+00:00,2025-08-26 17:40:00+00:00,RBR,5,4,4,23511.5,23514.0,long,23510.0,23514.0,8.0,36.0,target,1,26.0,18.0
2025-08-26 18:00:00+00:00,2025-08-26 18:00:00+00:00,DBD,5,6,6,23513.0,23510.5,short,23514.5,23510.5,8.0,36.0,target,1,12.0,57.0
2025-08-26 18:05:00+00:00,2025-08-26 18:05:00+00:00,DBD,5,6,7,23513.0,23510.5,short,23514.5,23510.5,8.0,36.0,target,1,27.0,28.0
2025-08-26 18:10:00+00:00,2025-08-26 18:10:00+00:00,DBD,5,3,4,23525.25,23522.75,short,23526.75,23522.75,8.0,36.0,target,1,24.0,44.0
2025-08-26 18:30:00+00:00,2025-08-26 18:30:00+00:00,DBD,15,3,4,23541.25,23538.75,short,23542.75,23538.75,8.0,36.0,target,1,27.0,19.0
2025-08-26 19:35:00+00:00,2025-08-26 19:35:00+00:00,RBR,5,5,5,23556.25,23558.75,long,23554.75,23558.75,8.0,36.0,target,1,38.0,57.0
2025-08-26 19:40:00+00:00,2025-08-26 19:40:00+00:00,RBR,5,6,7,23540.75,23543.25,long,23539.25,23543.25,8.0,36.0,target,1,25.0,39.0
2025-08-26 19:45:00+00:00,2025-08-26 19:45:00+00:00,RBR,15,6,6,23535.5,23538.0,long,23534.0,23538.0,8.0,36.0,target,1,0.0,77.0
2025-08-27 14:45:00+00:00,2025-08-27 14:45:00+00:00,RBR,5,6,6,23595.75,23598.25,long,23594.25,23598.25,8.0,36.0,target,1,48.0,34.0
2025-08-27 14:50:00+00:00,2025-08-27 14:50:00+00:00,RBR,5,6,5,23595.75,23598.25,long,23594.25,23598.25,8.0,36.0,target,1,19.0,41.0
2025-08-27 15:25:00+00:00,2025-08-27 15:25:00+00:00,RBR,5,5,5,23593.0,23595.5,long,23591.5,23595.5,8.0,36.0,target,1,23.0,42.0
2025-08-27 16:20:00+00:00,2025-08-27 16:20:00+00:00,RBR,5,4,5,23572.25,23574.75,long,23570.75,23574.75,8.0,36.0,target,1,37.0,80.0
2025-08-27 17:45:00+00:00,2025-08-27 17:45:00+00:00,DBD,5,5,6,23619.5,23617.0,short,23621.0,23617.0,8.0,36.0,target,1,16.0,19.0
2025-08-27 17:50:00+00:00,2025-08-27 17:50:00+00:00,DBD,5,5,5,23619.5,23617.0,short,23621.0,23617.0,8.0,36.0,target,1,8.0,24.0
2025-08-27 19:00:00+00:00,2025-08-27 19:00:00+00:00,RBR,5,5,5,23617.25,23619.75,long,23615.75,23619.75,8.0,36.0,target,1,7.0,41.0
2025-08-27 19:05:00+00:00,2025-08-27 19:05:00+00:00,RBR,15,6,6,23613.5,23616.0,long,23612.0,23616.0,8.0,36.0,target,1,20.0,24.0
2025-08-27 19:10:00+00:00,2025-08-27 19:10:00+00:00,RBR,5,9,9,23602.0,23604.5,long,23600.5,23604.5,8.0,36.0,target,1,194.0,28.0
2025-08-27 19:50:00+00:00,2025-08-27 19:50:00+00:00,DBD,5,3,4,23633.5,23631.0,short,23635.0,23631.0,8.0,36.0,target,1,36.0,52.0
2025-08-27 19:55:00+00:00,2025-08-27 19:55:00+00:00,RBR,5,4,4,23620.75,23623.25,long,23619.25,23623.25,8.0,36.0,target,1,5.0,104.0
2025-08-28 13:50:00+00:00,2025-08-28 13:50:00+00:00,RBR,15,8,8,23619.5,23622.0,long,23618.0,23622.0,8.0,36.0,target,1,108.0,173.0
2025-08-28 16:55:00+00:00,2025-08-28 16:55:00+00:00,RBR,5,5,5,23735.5,23738.0,long,23734.0,23738.0,8.0,36.0,target,1,28.0,98.0
2025-08-28 19:05:00+00:00,2025-08-28 19:05:00+00:00,RBR,5,8,8,23778.25,23780.75,long,23776.75,23780.75,8.0,36.0,target,1,4.0,41.0
2025-08-28 19:15:00+00:00,2025-08-28 19:15:00+00:00,RBR,5,8,9,23778.25,23780.75,long,23776.75,23780.75,8.0,36.0,target,1,9.0,37.0
2025-08-28 19:20:00+00:00,2025-08-28 19:20:00+00:00,RBR,5,8,8,23778.25,23780.75,long,23776.75,23780.75,8.0,36.0,target,1,13.0,24.0
2025-08-28 19:55:00+00:00,2025-08-28 19:55:00+00:00,RBR,5,6,6,23786.25,23788.75,long,23784.75,23788.75,8.0,36.0,target,1,85.0,57.0
2025-08-29 16:10:00+00:00,2025-08-29 16:10:00+00:00,DBD,5,5,5,23459.5,23457.0,short,23461.0,23457.0,8.0,36.0,target,1,69.0,38.0
2025-08-29 17:45:00+00:00,2025-08-29 17:45:00+00:00,DBD,5,4,5,23447.75,23445.25,short,23449.25,23445.25,8.0,36.0,target,1,45.0,29.0
2025-08-29 19:05:00+00:00,2025-08-29 19:05:00+00:00,DBD,5,5,5,23465.25,23462.75,short,23466.75,23462.75,8.0,36.0,target,1,27.0,36.0
2025-08-29 19:25:00+00:00,2025-08-29 19:25:00+00:00,RBR,5,4,4,23461.25,23463.75,long,23459.75,23463.75,8.0,36.0,target,1,21.0,45.0
2025-08-29 19:35:00+00:00,2025-08-29 19:35:00+00:00,RBR,5,4,5,23452.25,23454.75,long,23450.75,23454.75,8.0,36.0,target,1,31.0,43.0
2025-08-29 19:40:00+00:00,2025-08-29 19:40:00+00:00,DBD,5,5,5,23473.25,23470.75,short,23474.75,23470.75,8.0,36.0,target,1,38.0,67.0
2025-08-29 19:50:00+00:00,2025-08-29 19:50:00+00:00,RBR,5,4,4,23452.25,23454.75,long,23450.75,23454.75,8.0,36.0,target,1,102.0,125.0
2025-09-01 14:30:00+00:00,2025-09-01 14:30:00+00:00,DBD,5,4,4,23488.0,23485.5,short,23489.5,23485.5,8.0,36.0,target,1,7.0,12.0
2025-09-01 15:55:00+00:00,2025-09-01 15:55:00+00:00,RBR,5,4,4,23497.0,23499.5,long,23495.5,23499.5,8.0,36.0,target,1,11.0,11.0
2025-09-01 16:25:00+00:00,2025-09-01 16:25:00+00:00,DBD,5,6,6,23490.5,23488.0,short,23492.0,23488.0,8.0,36.0,target,1,3.0,16.0
2025-09-01 16:30:00+00:00,2025-09-01 16:30:00+00:00,DBD,5,6,7,23490.5,23488.0,short,23492.0,23488.0,8.0,36.0,target,1,38.0,17.0
2025-09-01 16:40:00+00:00,2025-09-01 16:40:00+00:00,DBD,5,4,4,23505.25,23502.75,short,23506.75,23502.75,8.0,36.0,target,1,3.0,12.0
2025-09-02 14:40:00+00:00,2025-09-02 14:40:00+00:00,RBR,5,3,4,23201.5,23204.0,long,23200.0,23204.0,8.0,36.0,target,1,93.0,97.0
2025-09-02 15:05:00+00:00,2025-09-02 15:05:00+00:00,RBR,5,4,5,23127.0,23129.5,long,23125.5,23129.5,8.0,36.0,target,1,8.0,77.0
2025-09-02 15:10:00+00:00,2025-09-02 15:10:00+00:00,RBR,5,4,4,23127.0,23129.5,long,23125.5,23129.5,8.0,36.0,target,1,16.0,98.0
2025-09-02 16:10:00+00:00,2025-09-02 16:10:00+00:00,DBD,5,6,6,23067.0,23064.5,short,23068.5,23064.5,8.0,36.0,target,1,7.0,114.0
2025-09-02 16:15:00+00:00,2025-09-02 16:15:00+00:00,DBD,5,6,5,23067.0,23064.5,short,23068.5,23064.5,8.0,36.0,target,1,59.0,24.0
2025-09-02 17:00:00+00:00,2025-09-02 17:00:00+00:00,DBD,15,6,6,23135.5,23133.0,short,23137.0,23133.0,8.0,36.0,target,1,19.0,46.0
2025-09-02 17:05:00+00:00,2025-09-02 17:05:00+00:00,DBD,15,6,5,23135.5,23133.0,short,23137.0,23133.0,8.0,36.0,target,1,32.0,32.0
2025-09-02 17:30:00+00:00,2025-09-02 17:30:00+00:00,DBD,15,4,5,23188.0,23185.5,short,23189.5,23185.5,8.0,36.0,target,1,26.0,110.0
2025-09-02 18:50:00+00:00,2025-09-02 18:50:00+00:00,DBD,15,5,4,23207.5,23205.0,short,23209.0,23205.0,8.0,36.0,target,1,101.0,85.0
2025-09-03 15:20:00+00:00,2025-09-03 15:20:00+00:00,RBR,5,5,6,23470.25,23472.75,long,23468.75,23472.75,8.0,36.0,target,1,56.0,73.0
2025-09-03 15:25:00+00:00,2025-09-03 15:25:00+00:00,RBR,5,5,5,23430.75,23433.25,long,23429.25,23433.25,8.0,36.0,target,1,40.0,161.0
2025-09-03 16:40:00+00:00,2025-09-03 16:40:00+00:00,RBR,5,4,5,23419.5,23422.0,long,23418.0,23422.0,8.0,36.0,target,1,93.0,13.0
2025-09-03 16:50:00+00:00,2025-09-03 16:50:00+00:00,RBR,15,4,4,23391.5,23394.0,long,23390.0,23394.0,8.0,36.0,target,1,0.0,79.0
2025-09-03 17:10:00+00:00,2025-09-03 17:10:00+00:00,DBD,5,3,4,23438.5,23436.0,short,23440.0,23436.0,8.0,36.0,target,1,80.0,39.0
2025-09-03 17:25:00+00:00,2025-09-03 17:25:00+00:00,RBR,5,7,7,23423.75,23426.25,long,23422.25,23426.25,8.0,36.0,target,1,38.0,49.0
2025-09-03 17:30:00+00:00,2025-09-03 17:30:00+00:00,RBR,5,7,7,23423.75,23426.25,long,23422.25,23426.25,8.0,36.0,target,1,63.0,43.0
2025-09-03 19:25:00+00:00,2025-09-03 19:25:00+00:00,DBD,5,5,5,23359.5,23357.0,short,23361.0,23357.0,8.0,36.0,target,1,4.0,42.0
2025-09-03 19:30:00+00:00,2025-09-03 19:30:00+00:00,DBD,5,5,4,23359.5,23357.0,short,23361.0,23357.0,8.0,36.0,target,1,64.0,28.0
2025-09-04 14:25:00+00:00,2025-09-04 14:25:00+00:00,DBD,5,4,5,23491.75,23489.25,short,23493.25,23489.25,8.0,36.0,target,1,11.0,117.0
2025-09-04 14:30:00+00:00,2025-09-04 14:30:00+00:00,DBD,5,4,4,23491.75,23489.25,short,23493.25,23489.25,8.0,36.0,target,1,69.0,49.0
2025-09-04 16:45:00+00:00,2025-09-04 16:45:00+00:00,DBD,5,3,4,23549.5,23547.0,short,23551.0,23547.0,8.0,36.0,target,1,58.0,68.0
2025-09-05 14:25:00+00:00,2025-09-05 14:25:00+00:00,RBR,5,6,6,23652.25,23654.75,long,23650.75,23654.75,8.0,36.0,target,1,95.0,138.0
2025-09-05 14:30:00+00:00,2025-09-05 14:30:00+00:00,RBR,5,6,5,23652.25,23654.75,long,23650.75,23654.75,8.0,36.0,target,1,85.0,55.0
2025-09-05 14:35:00+00:00,2025-09-05 14:35:00+00:00,RBR,15,6,6,23624.0,23626.5,long,23622.5,23626.5,8.0,36.0,target,1,67.0,139.0
2025-09-05 15:30:00+00:00,2025-09-05 15:30:00+00:00,DBD,5,4,4,23640.0,23637.5,short,23641.5,23637.5,8.0,36.0,target,1,0.0,134.0
2025-09-05 15:40:00+00:00,2025-09-05 15:40:00+00:00,DBD,5,5,6,23666.0,23663.5,short,23667.5,23663.5,8.0,36.0,target,1,12.0,103.0
2025-09-08 14:15:00+00:00,2025-09-08 14:15:00+00:00,RBR,5,3,4,23813.75,23816.25,long,23812.25,23816.25,8.0,36.0,target,1,12.0,126.0
2025-09-08 15:10:00+00:00,2025-09-08 15:10:00+00:00,DBD,5,4,4,23876.5,23874.0,short,23878.0,23874.0,8.0,36.0,target,1,18.0,43.0
2025-09-08 15:15:00+00:00,2025-09-08 15:15:00+00:00,RBR,5,5,5,23858.75,23861.25,long,23857.25,23861.25,8.0,36.0,target,1,54.0,61.0
2025-09-08 15:25:00+00:00,2025-09-08 15:25:00+00:00,DBD,5,4,5,23876.5,23874.0,short,23878.0,23874.0,8.0,36.0,target,1,4.0,112.0
2025-09-08 15:30:00+00:00,2025-09-08 15:30:00+00:00,DBD,5,4,4,23876.5,23874.0,short,23878.0,23874.0,8.0,36.0,target,1,33.0,39.0
2025-09-08 15:55:00+00:00,2025-09-08 15:55:00+00:00,DBD,5,4,4,23875.0,23872.5,short,23876.5,23872.5,8.0,36.0,target,1,4.0,55.0
2025-09-08 18:10:00+00:00,2025-09-08 18:10:00+00:00,DBD,5,6,6,23804.25,23801.75,short,23805.75,23801.75,8.0,36.0,target,1,1.0,92.0
2025-09-08 18:15:00+00:00,2025-09-08 18:15:00+00:00,DBD,5,6,7,23804.25,23801.75,short,23805.75,23801.75,8.0,36.0,target,1,39.0,28.0
2025-09-08 19:40:00+00:00,2025-09-08 19:40:00+00:00,DBD,5,5,6,23796.5,23794.0,short,23798.0,23794.0,8.0,36.0,target,1,27.0,25.0
2025-09-08 19:45:00+00:00,2025-09-08 19:45:00+00:00,DBD,15,3,4,23811.25,23808.75,short,23812.75,23808.75,8.0,36.0,target,1,1.0,48.0
2025-09-08 19:55:00+00:00,2025-09-08 19:55:00+00:00,RBR,5,3,4,23790.25,23792.75,long,23788.75,23792.75,8.0,36.0,target,1,21.0,59.0
2025-09-09 14:00:00+00:00,2025-09-09 14:00:00+00:00,RBR,15,7,7,23785.0,23787.5,long,23783.5,23787.5,8.0,36.0,target,1,15.0,193.0
2025-09-09 15:50:00+00:00,2025-09-09 15:50:00+00:00,DBD,5,5,5,23787.5,23785.0,short,23789.0,23785.0,8.0,36.0,target,1,100.0,111.0
2025-09-09 18:10:00+00:00,2025-09-09 18:10:00+00:00,RBR,5,4,4,23826.25,23828.75,long,23824.75,23828.75,8.0,36.0,target,1,11.0,90.0
2025-09-09 18:50:00+00:00,2025-09-09 18:50:00+00:00,DBD,5,3,4,23846.5,23844.0,short,23848.0,23844.0,8.0,36.0,target,1,5.0,23.0
2025-09-09 19:40:00+00:00,2025-09-09 19:40:00+00:00,RBR,15,5,5,23836.0,23838.5,long,23834.5,23838.5,8.0,36.0,target,1,5.0,55.0
2025-09-10 16:15:00+00:00,2025-09-10 16:15:00+00:00,RBR,5,3,4,23923.0,23925.5,long,23921.5,23925.5,8.0,36.0,target,1,16.0,72.0
2025-09-10 18:45:00+00:00,2025-09-10 18:45:00+00:00,RBR,5,4,4,23845.75,23848.25,long,23844.25,23848.25,8.0,36.0,target,1,23.0,86.0
2025-09-10 19:40:00+00:00,2025-09-10 19:40:00+00:00,DBD,5,4,5,23850.25,23847.75,short,23851.75,23847.75,8.0,36.0,target,1,57.0,166.0
2025-09-10 19:55:00+00:00,2025-09-10 19:55:00+00:00,DBD,5,5,6,23890.5,23888.0,short,23892.0,23888.0,8.0,36.0,target,1,10.0,87.0
2025-09-11 16:35:00+00:00,2025-09-11 16:35:00+00:00,RBR,5,6,6,24021.75,24024.25,long,24020.25,24024.25,8.0,36.0,target,1,20.0,19.0
2025-09-11 19:05:00+00:00,2025-09-11 19:05:00+00:00,RBR,5,3,4,24025.75,24028.25,long,24024.25,24028.25,8.0,36.0,target,1,6.0,47.0
2025-09-11 19:55:00+00:00,2025-09-11 19:55:00+00:00,RBR,5,6,7,24017.25,24019.75,long,24015.75,24019.75,8.0,36.0,target,1,39.0,94.0
2025-09-12 15:45:00+00:00,2025-09-12 15:45:00+00:00,RBR,5,6,6,24075.25,24077.75,long,24073.75,24077.75,8.0,36.0,target,1,12.0,33.0
2025-09-12 16:35:00+00:00,2025-09-12 16:35:00+00:00,RBR,5,6,6,24100.5,24103.0,long,24099.0,24103.0,8.0,36.0,target,1,11.0,42.0
2025-09-12 18:45:00+00:00,2025-09-12 18:45:00+00:00,RBR,5,8,8,24120.5,24123.0,long,24119.0,24123.0,8.0,36.0,target,1,10.0,83.0
2025-09-12 19:25:00+00:00,2025-09-12 19:25:00+00:00,RBR,5,8,9,24120.5,24123.0,long,24119.0,24123.0,8.0,36.0,target,1,6.0,52.0
2025-09-12 19:30:00+00:00,2025-09-12 19:30:00+00:00,RBR,5,8,8,24120.5,24123.0,long,24119.0,24123.0,8.0,36.0,target,1,65.0,22.0
2025-09-15 18:10:00+00:00,2025-09-15 18:10:00+00:00,RBR,5,8,8,24274.0,24276.5,long,24272.5,24276.5,8.0,36.0,target,1,3.0,48.0
2025-09-15 18:15:00+00:00,2025-09-15 18:15:00+00:00,RBR,5,8,9,24274.0,24276.5,long,24272.5,24276.5,8.0,36.0,target,1,13.0,43.0
2025-09-15 18:20:00+00:00,2025-09-15 18:20:00+00:00,RBR,5,8,8,24274.0,24276.5,long,24272.5,24276.5,8.0,36.0,target,1,15.0,11.0
2025-09-15 18:35:00+00:00,2025-09-15 18:35:00+00:00,DBD,5,3,4,24276.75,24274.25,short,24278.25,24274.25,8.0,36.0,target,1,8.0,46.0
2025-09-15 18:40:00+00:00,2025-09-15 18:40:00+00:00,RBR,5,3,4,24251.75,24254.25,long,24250.25,24254.25,8.0,36.0,target,1,27.0,60.0
2025-09-15 19:50:00+00:00,2025-09-15 19:50:00+00:00,RBR,5,4,4,24268.75,24271.25,long,24267.25,24271.25,8.0,36.0,target,1,13.0,101.0
2025-09-16 19:35:00+00:00,2025-09-16 19:35:00+00:00,RBR,5,5,5,24294.0,24296.5,long,24292.5,24296.5,8.0,36.0,target,1,7.0,36.0
2025-09-16 19:55:00+00:00,2025-09-16 19:55:00+00:00,RBR,15,5,5,24288.25,24290.75,long,24286.75,24290.75,8.0,36.0,target,1,36.0,87.0
2025-09-17 18:10:00+00:00,2025-09-17 18:10:00+00:00,RBR,5,5,5,24187.75,24190.25,long,24186.25,24190.25,8.0,36.0,target,1,416.0,92.0
2025-09-17 19:00:00+00:00,2025-09-17 19:00:00+00:00,DBD,5,4,4,24174.25,24171.75,short,24175.75,24171.75,8.0,36.0,target,1,167.0,122.0
2025-09-18 14:45:00+00:00,2025-09-18 14:45:00+00:00,RBR,5,5,6,24509.5,24512.0,long,24508.0,24512.0,8.0,36.0,target,1,17.0,92.0
2025-09-18 14:50:00+00:00,2025-09-18 14:50:00+00:00,RBR,5,5,5,24509.5,24512.0,long,24508.0,24512.0,8.0,36.0,target,1,37.0,56.0
2025-09-18 14:55:00+00:00,2025-09-18 14:55:00+00:00,RBR,5,6,7,24498.25,24500.75,long,24496.75,24500.75,8.0,36.0,target,1,47.0,69.0
2025-09-18 15:10:00+00:00,2025-09-18 15:10:00+00:00,DBD,5,4,4,24532.5,24530.0,short,24534.0,24530.0,8.0,36.0,target,1,37.0,57.0
2025-09-18 17:30:00+00:00,2025-09-18 17:30:00+00:00,RBR,5,5,6,24515.0,24517.5,long,24513.5,24517.5,8.0,36.0,target,1,92.0,16.0
2025-09-22 15:30:00+00:00,2025-09-22 15:30:00+00:00,DBD,5,4,5,24924.75,24922.25,short,24926.25,24922.25,8.0,36.0,target,1,5.0,94.0
2025-09-22 19:35:00+00:00,2025-09-22 19:35:00+00:00,RBR,15,5,5,25002.25,25004.75,long,25000.75,25004.75,8.0,36.0,target,1,34.0,38.0
2025-09-23 14:40:00+00:00,2025-09-23 14:40:00+00:00,DBD,5,5,5,24971.5,24969.0,short,24973.0,24969.0,8.0,36.0,target,1,15.0,96.0
2025-09-23 15:35:00+00:00,2025-09-23 15:35:00+00:00,RBR,5,5,5,24949.5,24952.0,long,24948.0,24952.0,8.0,36.0,target,1,26.0,45.0
2025-09-23 16:20:00+00:00,2025-09-23 16:20:00+00:00,DBD,5,5,5,24950.0,24947.5,short,24951.5,24947.5,8.0,36.0,target,1,18.0,33.0
2025-09-23 16:45:00+00:00,2025-09-23 16:45:00+00:00,DBD,5,5,6,24950.0,24947.5,short,24951.5,24947.5,8.0,36.0,target,1,2.0,63.0
2025-09-23 16:50:00+00:00,2025-09-23 16:50:00+00:00,DBD,5,5,5,24950.0,24947.5,short,24951.5,24947.5,8.0,36.0,target,1,8.0,48.0
2025-09-23 16:55:00+00:00,2025-09-23 16:55:00+00:00,RBR,5,4,4,24930.0,24932.5,long,24928.5,24932.5,8.0,36.0,target,1,55.0,32.0
2025-09-23 18:30:00+00:00,2025-09-23 18:30:00+00:00,DBD,5,4,5,24830.25,24827.75,short,24831.75,24827.75,8.0,36.0,target,1,18.0,89.0
2025-09-24 14:45:00+00:00,2025-09-24 14:45:00+00:00,DBD,5,7,7,24826.0,24823.5,short,24827.5,24823.5,8.0,36.0,target,1,13.0,65.0
2025-09-24 14:50:00+00:00,2025-09-24 14:50:00+00:00,DBD,5,7,6,24826.0,24823.5,short,24827.5,24823.5,8.0,36.0,target,1,15.0,106.0
2025-09-24 15:20:00+00:00,2025-09-24 15:20:00+00:00,DBD,5,6,6,24802.5,24800.0,short,24804.0,24800.0,8.0,36.0,target,1,30.0,40.0
2025-09-24 16:25:00+00:00,2025-09-24 16:25:00+00:00,DBD,5,5,6,24696.0,24693.5,short,24697.5,24693.5,8.0,36.0,target,1,33.0,87.0
2025-09-24 17:10:00+00:00,2025-09-24 17:10:00+00:00,DBD,5,6,6,24737.25,24734.75,short,24738.75,24734.75,8.0,36.0,target,1,21.0,93.0
2025-09-24 17:30:00+00:00,2025-09-24 17:30:00+00:00,DBD,5,6,7,24737.25,24734.75,short,24738.75,24734.75,8.0,36.0,target,1,42.0,21.0
2025-09-24 18:15:00+00:00,2025-09-24 18:15:00+00:00,DBD,5,6,6,24714.0,24711.5,short,24715.5,24711.5,8.0,36.0,target,1,11.0,50.0
2025-09-24 18:50:00+00:00,2025-09-24 18:50:00+00:00,DBD,5,6,7,24731.25,24728.75,short,24732.75,24728.75,8.0,36.0,target,1,30.0,82.0
2025-09-24 19:50:00+00:00,2025-09-24 19:50:00+00:00,DBD,15,5,5,24732.5,24730.0,short,24734.0,24730.0,8.0,36.0,target,1,29.0,35.0
2025-09-25 15:00:00+00:00,2025-09-25 15:00:00+00:00,RBR,5,4,4,24612.25,24614.75,long,24610.75,24614.75,8.0,36.0,target,1,26.0,98.0
2025-09-25 15:15:00+00:00,2025-09-25 15:15:00+00:00,DBD,5,4,5,24653.75,24651.25,short,24655.25,24651.25,8.0,36.0,target,1,7.0,80.0
2025-09-25 17:10:00+00:00,2025-09-25 17:10:00+00:00,DBD,5,5,5,24643.75,24641.25,short,24645.25,24641.25,8.0,36.0,target,1,4.0,88.0
2025-09-25 18:15:00+00:00,2025-09-25 18:15:00+00:00,DBD,5,6,6,24571.0,24568.5,short,24572.5,24568.5,8.0,36.0,target,1,3.0,161.0
2025-09-25 18:20:00+00:00,2025-09-25 18:20:00+00:00,DBD,5,6,7,24571.0,24568.5,short,24572.5,24568.5,8.0,36.0,target,1,23.0,68.0
2025-09-25 18:35:00+00:00,2025-09-25 18:35:00+00:00,DBD,15,3,4,24606.0,24603.5,short,24607.5,24603.5,8.0,36.0,target,1,1.0,119.0
2025-09-25 19:20:00+00:00,2025-09-25 19:20:00+00:00,RBR,5,5,5,24593.25,24595.75,long,24591.75,24595.75,8.0,36.0,target,1,5.0,115.0
2025-09-25 19:40:00+00:00,2025-09-25 19:40:00+00:00,RBR,5,5,4,24593.25,24595.75,long,24591.75,24595.75,8.0,36.0,target,1,3.0,70.0
2025-09-26 14:40:00+00:00,2025-09-26 14:40:00+00:00,DBD,5,6,7,24614.75,24612.25,short,24616.25,24612.25,8.0,36.0,target,1,114.0,46.0
2025-09-26 17:50:00+00:00,2025-09-26 17:50:00+00:00,RBR,5,5,5,24683.5,24686.0,long,24682.0,24686.0,8.0,36.0,target,1,40.0,31.0
2025-09-26 19:50:00+00:00,2025-09-26 19:50:00+00:00,RBR,5,3,4,24707.5,24710.0,long,24706.0,24710.0,8.0,36.0,target,1,29.0,93.0
2025-09-29 15:15:00+00:00,2025-09-29 15:15:00+00:00,RBR,5,6,6,24865.5,24868.0,long,24864.0,24868.0,8.0,36.0,target,1,13.0,115.0
2025-09-29 15:25:00+00:00,2025-09-29 15:25:00+00:00,RBR,5,6,7,24865.5,24868.0,long,24864.0,24868.0,8.0,36.0,target,1,13.0,75.0
2025-09-29 16:10:00+00:00,2025-09-29 16:10:00+00:00,DBD,5,4,4,24854.75,24852.25,short,24856.25,24852.25,8.0,36.0,target,1,44.0,38.0
2025-09-29 17:15:00+00:00,2025-09-29 17:15:00+00:00,DBD,5,6,6,24838.5,24836.0,short,24840.0,24836.0,8.0,36.0,target,1,1.0,92.0
2025-09-29 17:25:00+00:00,2025-09-29 17:25:00+00:00,DBD,5,6,5,24838.5,24836.0,short,24840.0,24836.0,8.0,36.0,target,1,11.0,52.0
2025-09-29 17:50:00+00:00,2025-09-29 17:50:00+00:00,DBD,5,4,5,24847.75,24845.25,short,24849.25,24845.25,8.0,36.0,target,1,6.0,96.0
2025-09-29 18:00:00+00:00,2025-09-29 18:00:00+00:00,DBD,5,4,4,24847.75,24845.25,short,24849.25,24845.25,8.0,36.0,target,1,25.0,20.0
2025-09-29 18:35:00+00:00,2025-09-29 18:35:00+00:00,RBR,5,6,6,24854.0,24852.5,long,24852.5,24856.5,-8.0,-44.0,stop,1,43.0,9.0
2025-09-29 18:40:00+00:00,2025-09-29 18:40:00+00:00,RBR,5,4,4,24838.75,24841.25,long,24837.25,24841.25,8.0,36.0,target,1,18.0,35.0
2025-09-29 19:05:00+00:00,2025-09-29 19:05:00+00:00,RBR,15,6,6,24815.0,24817.5,long,24813.5,24817.5,8.0,36.0,target,1,33.0,78.0
2025-09-29 19:10:00+00:00,2025-09-29 19:10:00+00:00,RBR,15,6,5,24815.0,24817.5,long,24813.5,24817.5,8.0,36.0,target,1,39.0,44.0
2025-09-29 19:40:00+00:00,2025-09-29 19:40:00+00:00,DBD,5,5,5,24826.0,24823.5,short,24827.5,24823.5,8.0,36.0,target,1,19.0,37.0
2025-09-29 19:45:00+00:00,2025-09-29 19:45:00+00:00,DBD,5,5,4,24826.0,24823.5,short,24827.5,24823.5,8.0,36.0,target,1,66.0,15.0
2025-09-29 19:50:00+00:00,2025-09-29 19:50:00+00:00,DBD,5,5,6,24842.75,24840.25,short,24844.25,24840.25,8.0,36.0,target,1,22.0,70.0
2025-09-30 15:15:00+00:00,2025-09-30 15:15:00+00:00,RBR,5,5,6,24817.75,24820.25,long,24816.25,24820.25,8.0,36.0,target,1,71.0,64.0
2025-09-30 15:55:00+00:00,2025-09-30 15:55:00+00:00,DBD,5,5,5,24812.75,24810.25,short,24814.25,24810.25,8.0,36.0,target,1,33.0,109.0
2025-09-30 17:50:00+00:00,2025-09-30 17:50:00+00:00,DBD,15,4,5,24787.0,24784.5,short,24788.5,24784.5,8.0,36.0,target,1,42.0,45.0
2025-09-30 18:10:00+00:00,2025-09-30 18:10:00+00:00,DBD,5,5,6,24804.5,24802.0,short,24806.0,24802.0,8.0,36.0,target,1,29.0,66.0
2025-10-01 15:10:00+00:00,2025-10-01 15:10:00+00:00,RBR,5,6,6,24890.5,24893.0,long,24889.0,24893.0,8.0,36.0,target,1,39.0,88.0
2025-10-01 15:15:00+00:00,2025-10-01 15:15:00+00:00,RBR,5,6,5,24890.5,24893.0,long,24889.0,24893.0,8.0,36.0,target,1,49.0,48.0
2025-10-01 17:40:00+00:00,2025-10-01 17:40:00+00:00,RBR,5,4,4,24970.75,24973.25,long,24969.25,24973.25,8.0,36.0,target,1,26.0,36.0
2025-10-01 19:30:00+00:00,2025-10-01 19:30:00+00:00,DBD,5,3,4,25029.75,25027.25,short,25031.25,25027.25,8.0,36.0,target,1,23.0,42.0
2025-10-01 19:45:00+00:00,2025-10-01 19:45:00+00:00,RBR,15,5,5,25005.25,25007.75,long,25003.75,25007.75,8.0,36.0,target,1,18.0,84.0
2025-10-02 15:05:00+00:00,2025-10-02 15:05:00+00:00,DBD,5,7,7,25035.75,25033.25,short,25037.25,25033.25,8.0,36.0,target,1,14.0,161.0
2025-10-02 15:10:00+00:00,2025-10-02 15:10:00+00:00,DBD,5,7,7,25035.75,25033.25,short,25037.25,25033.25,8.0,36.0,target,1,62.0,55.0
2025-10-02 15:15:00+00:00,2025-10-02 15:15:00+00:00,DBD,5,7,6,25035.75,25033.25,short,25037.25,25033.25,8.0,36.0,target,1,1.0,51.0
2025-10-02 15:35:00+00:00,2025-10-02 15:35:00+00:00,RBR,5,5,6,25023.0,25025.5,long,25021.5,25025.5,8.0,36.0,target,1,89.0,43.0
2025-10-02 17:55:00+00:00,2025-10-02 17:55:00+00:00,RBR,5,6,6,25082.75,25085.25,long,25081.25,25085.25,8.0,36.0,target,1,2.0,35.0
2025-10-02 18:00:00+00:00,2025-10-02 18:00:00+00:00,RBR,5,6,5,25082.75,25085.25,long,25081.25,25085.25,8.0,36.0,target,1,14.0,46.0
2025-10-02 18:50:00+00:00,2025-10-02 18:50:00+00:00,RBR,5,4,5,25098.0,25100.5,long,25096.5,25100.5,8.0,36.0,target,1,2.0,49.0
2025-10-02 19:50:00+00:00,2025-10-02 19:50:00+00:00,RBR,15,4,5,25099.5,25102.0,long,25098.0,25102.0,8.0,36.0,target,1,3.0,86.0
2025-10-02 19:55:00+00:00,2025-10-02 19:55:00+00:00,RBR,15,4,4,25099.5,25102.0,long,25098.0,25102.0,8.0,36.0,target,1,34.0,61.0
2025-10-03 15:35:00+00:00,2025-10-03 15:35:00+00:00,RBR,5,5,5,25123.25,25125.75,long,25121.75,25125.75,8.0,36.0,target,1,16.0,60.0
2025-10-03 18:20:00+00:00,2025-10-03 18:20:00+00:00,DBD,5,4,5,25015.75,25013.25,short,25017.25,25013.25,8.0,36.0,target,1,41.0,94.0
2025-10-03 19:10:00+00:00,2025-10-03 19:10:00+00:00,DBD,5,6,7,25021.25,25018.75,short,25022.75,25018.75,8.0,36.0,target,1,35.0,57.0
2025-10-03 19:35:00+00:00,2025-10-03 19:35:00+00:00,DBD,5,6,6,25021.25,25018.75,short,25022.75,25018.75,8.0,36.0,target,1,6.0,48.0
2025-10-06 18:40:00+00:00,2025-10-06 18:40:00+00:00,RBR,5,6,6,25231.5,25234.0,long,25230.0,25234.0,8.0,36.0,target,1,14.0,42.0
2025-10-06 18:55:00+00:00,2025-10-06 18:55:00+00:00,RBR,5,6,7,25231.5,25234.0,long,25230.0,25234.0,8.0,36.0,target,1,4.0,53.0
2025-10-06 19:00:00+00:00,2025-10-06 19:00:00+00:00,RBR,5,6,6,25231.5,25234.0,long,25230.0,25234.0,8.0,36.0,target,1,7.0,30.0
2025-10-06 19:55:00+00:00,2025-10-06 19:55:00+00:00,RBR,15,5,6,25184.25,25186.75,long,25182.75,25186.75,8.0,36.0,target,1,15.0,80.0
2025-10-07 16:55:00+00:00,2025-10-07 16:55:00+00:00,RBR,5,3,4,25022.25,25024.75,long,25020.75,25024.75,8.0,36.0,target,1,41.0,67.0
2025-10-07 17:10:00+00:00,2025-10-07 17:10:00+00:00,DBD,5,5,5,25050.25,25047.75,short,25051.75,25047.75,8.0,36.0,target,1,47.0,102.0
2025-10-07 17:15:00+00:00,2025-10-07 17:15:00+00:00,DBD,5,5,4,25050.25,25047.75,short,25051.75,25047.75,8.0,36.0,target,1,30.0,58.0
2025-10-07 18:10:00+00:00,2025-10-07 18:10:00+00:00,DBD,5,5,5,25028.5,25026.0,short,25030.0,25026.0,8.0,36.0,target,1,89.0,44.0
2025-10-08 14:50:00+00:00,2025-10-08 14:50:00+00:00,RBR,5,4,4,25184.25,25186.75,long,25182.75,25186.75,8.0,36.0,target,1,34.0,42.0
2025-10-08 16:55:00+00:00,2025-10-08 16:55:00+00:00,DBD,5,6,6,25250.0,25247.5,short,25251.5,25247.5,8.0,36.0,target,1,9.0,56.0
2025-10-08 18:55:00+00:00,2025-10-08 18:55:00+00:00,RBR,5,4,5,25266.25,25268.75,long,25264.75,25268.75,8.0,36.0,target,1,2.0,33.0
2025-10-09 13:50:00+00:00,2025-10-09 13:50:00+00:00,DBD,5,5,5,25315.25,25312.75,short,25316.75,25312.75,8.0,36.0,target,1,6.0,219.0
2025-10-09 15:45:00+00:00,2025-10-09 15:45:00+00:00,DBD,5,5,5,25240.75,25238.25,short,25242.25,25238.25,8.0,36.0,target,1,50.0,101.0
2025-10-09 17:50:00+00:00,2025-10-09 17:50:00+00:00,DBD,5,4,5,25213.75,25211.25,short,25215.25,25211.25,8.0,36.0,target,1,17.0,65.0
2025-10-09 17:55:00+00:00,2025-10-09 17:55:00+00:00,DBD,5,4,4,25213.75,25211.25,short,25215.25,25211.25,8.0,36.0,target,1,18.0,55.0
2025-10-09 18:15:00+00:00,2025-10-09 18:15:00+00:00,DBD,5,3,4,25218.25,25215.75,short,25219.75,25215.75,8.0,36.0,target,1,47.0,58.0
2025-10-09 18:25:00+00:00,2025-10-09 18:25:00+00:00,DBD,15,5,4,25233.75,25231.25,short,25235.25,25231.25,8.0,36.0,target,1,3.0,86.0
2025-10-10 14:55:00+00:00,2025-10-10 14:55:00+00:00,RBR,5,5,5,25270.75,25273.25,long,25269.25,25273.25,8.0,36.0,target,1,572.0,301.0
2025-10-10 15:50:00+00:00,2025-10-10 15:50:00+00:00,DBD,5,5,6,24901.5,24899.0,short,24903.0,24899.0,8.0,36.0,target,1,27.0,263.0
2025-10-10 17:25:00+00:00,2025-10-10 17:25:00+00:00,DBD,5,3,4,24695.25,24692.75,short,24696.75,24692.75,8.0,36.0,target,1,103.0,110.0
2025-10-10 19:45:00+00:00,2025-10-10 19:45:00+00:00,DBD,5,6,6,24546.25,24543.75,short,24547.75,24543.75,8.0,36.0,target,1,42.0,104.0
2025-10-13 14:50:00+00:00,2025-10-13 14:50:00+00:00,RBR,5,4,4,24768.5,24771.0,long,24767.0,24771.0,8.0,36.0,target,1,9.0,156.0
2025-10-13 15:30:00+00:00,2025-10-13 15:30:00+00:00,DBD,15,6,6,24889.75,24887.25,short,24891.25,24887.25,8.0,36.0,target,1,34.0,66.0
2025-10-13 15:35:00+00:00,2025-10-13 15:35:00+00:00,DBD,15,6,5,24889.75,24887.25,short,24891.25,24887.25,8.0,36.0,target,1,5.0,70.0
2025-10-13 15:40:00+00:00,2025-10-13 15:40:00+00:00,RBR,5,4,4,24862.25,24864.75,long,24860.75,24864.75,8.0,36.0,target,1,41.0,63.0
2025-10-13 17:10:00+00:00,2025-10-13 17:10:00+00:00,RBR,5,7,7,24917.25,24919.75,long,24915.75,24919.75,8.0,36.0,target,1,42.0,128.0
2025-10-13 18:40:00+00:00,2025-10-13 18:40:00+00:00,RBR,15,7,7,24920.75,24923.25,long,24919.25,24923.25,8.0,36.0,target,1,59.0,66.0
2025-10-13 18:45:00+00:00,2025-10-13 18:45:00+00:00,RBR,15,7,6,24920.75,24919.25,long,24919.25,24923.25,-8.0,-44.0,stop,1,51.0,7.0
2025-10-13 19:45:00+00:00,2025-10-13 19:45:00+00:00,RBR,5,6,6,24914.75,24917.25,long,24913.25,24917.25,8.0,36.0,target,1,11.0,97.0
2025-10-13 19:50:00+00:00,2025-10-13 19:50:00+00:00,RBR,5,6,6,24914.75,24917.25,long,24913.25,24917.25,8.0,36.0,target,1,37.0,129.0
2025-10-14 13:55:00+00:00,2025-10-14 13:55:00+00:00,DBD,5,4,4,24562.25,24559.75,short,24563.75,24559.75,8.0,36.0,target,1,103.0,90.0
2025-10-14 15:20:00+00:00,2025-10-14 15:20:00+00:00,DBD,5,6,6,24730.25,24727.75,short,24731.75,24727.75,8.0,36.0,target,1,1.0,152.0
2025-10-14 17:00:00+00:00,2025-10-14 17:00:00+00:00,RBR,5,5,5,24880.0,24882.5,long,24878.5,24882.5,8.0,36.0,target,1,88.0,76.0
2025-10-14 17:30:00+00:00,2025-10-14 17:30:00+00:00,RBR,5,4,4,24896.0,24898.5,long,24894.5,24898.5,8.0,36.0,target,1,24.0,158.0
2025-10-14 17:35:00+00:00,2025-10-14 17:35:00+00:00,RBR,5,4,5,24896.0,24898.5,long,24894.5,24898.5,8.0,36.0,target,1,62.0,16.0
2025-10-14 18:35:00+00:00,2025-10-14 18:35:00+00:00,RBR,5,4,4,24888.0,24890.5,long,24886.5,24890.5,8.0,36.0,target,1,11.0,109.0
2025-10-14 18:40:00+00:00,2025-10-14 18:40:00+00:00,RBR,5,4,5,24888.0,24890.5,long,24886.5,24890.5,8.0,36.0,target,1,26.0,47.0
2025-10-14 19:40:00+00:00,2025-10-14 19:40:00+00:00,RBR,15,5,5,24762.0,24764.5,long,24760.5,24764.5,8.0,36.0,target,1,253.0,268.0
2025-10-15 18:20:00+00:00,2025-10-15 18:20:00+00:00,DBD,5,6,6,24922.0,24919.5,short,24923.5,24919.5,8.0,36.0,target,1,11.0,137.0
2025-10-15 19:05:00+00:00,2025-10-15 19:05:00+00:00,RBR,5,6,6,24914.0,24916.5,long,24912.5,24916.5,8.0,36.0,target,1,3.0,89.0
2025-10-15 19:10:00+00:00,2025-10-15 19:10:00+00:00,RBR,5,6,7,24914.0,24916.5,long,24912.5,24916.5,8.0,36.0,target,1,41.0,51.0
2025-10-15 19:35:00+00:00,2025-10-15 19:35:00+00:00,RBR,5,6,6,24914.0,24916.5,long,24912.5,24916.5,8.0,36.0,target,1,119.0,83.0
2025-10-15 19:40:00+00:00,2025-10-15 19:40:00+00:00,RBR,5,3,4,24886.0,24888.5,long,24884.5,24888.5,8.0,36.0,target,1,39.0,107.0
2025-10-16 14:55:00+00:00,2025-10-16 14:55:00+00:00,RBR,5,5,6,25103.5,25106.0,long,25102.0,25106.0,8.0,36.0,target,1,30.0,182.0
2025-10-16 15:00:00+00:00,2025-10-16 15:00:00+00:00,RBR,5,5,5,25103.5,25106.0,long,25102.0,25106.0,8.0,36.0,target,1,34.0,84.0
2025-10-16 15:25:00+00:00,2025-10-16 15:25:00+00:00,RBR,5,4,4,25044.5,25047.0,long,25043.0,25047.0,8.0,36.0,target,1,104.0,172.0
2025-10-16 17:15:00+00:00,2025-10-16 17:15:00+00:00,DBD,5,5,6,24942.75,24940.25,short,24944.25,24940.25,8.0,36.0,target,1,97.0,270.0
2025-10-16 17:30:00+00:00,2025-10-16 17:30:00+00:00,DBD,5,5,5,24942.75,24940.25,short,24944.25,24940.25,8.0,36.0,target,1,69.0,147.0
2025-10-16 17:40:00+00:00,2025-10-16 17:40:00+00:00,RBR,5,3,4,24872.75,24875.25,long,24871.25,24875.25,8.0,36.0,target,1,85.0,113.0
2025-10-16 19:00:00+00:00,2025-10-16 19:00:00+00:00,DBD,5,3,4,24803.5,24801.0,short,24805.0,24801.0,8.0,36.0,target,1,36.0,159.0
2025-10-17 14:35:00+00:00,2025-10-17 14:35:00+00:00,RBR,5,6,6,24812.0,24814.5,long,24810.5,24814.5,8.0,36.0,target,1,28.0,199.0
2025-10-17 15:40:00+00:00,2025-10-17 15:40:00+00:00,DBD,5,5,5,24792.25,24789.75,short,24793.75,24789.75,8.0,36.0,target,1,23.0,175.0
2025-10-17 15:45:00+00:00,2025-10-17 15:45:00+00:00,DBD,5,5,4,24792.25,24789.75,short,24793.75,24789.75,8.0,36.0,target,1,180.0,53.0
2025-10-17 16:50:00+00:00,2025-10-17 16:50:00+00:00,RBR,5,5,5,24902.5,24905.0,long,24901.0,24905.0,8.0,36.0,target,1,72.0,282.0
2025-10-17 17:20:00+00:00,2025-10-17 17:20:00+00:00,RBR,5,6,7,24831.75,24834.25,long,24830.25,24834.25,8.0,36.0,target,1,11.0,224.0
2025-10-17 17:30:00+00:00,2025-10-17 17:30:00+00:00,DBD,5,4,4,24896.5,24894.0,short,24898.0,24894.0,8.0,36.0,target,1,12.0,182.0
2025-10-17 19:30:00+00:00,2025-10-17 19:30:00+00:00,RBR,5,5,6,25002.5,25005.0,long,25001.0,25005.0,8.0,36.0,target,1,74.0,93.0
2025-10-17 19:35:00+00:00,2025-10-17 19:35:00+00:00,RBR,5,5,5,25002.5,25005.0,long,25001.0,25005.0,8.0,36.0,target,1,12.0,75.0
2025-10-20 15:20:00+00:00,2025-10-20 15:20:00+00:00,DBD,5,5,5,25320.5,25318.0,short,25322.0,25318.0,8.0,36.0,target,1,16.0,29.0
2025-10-20 15:25:00+00:00,2025-10-20 15:25:00+00:00,DBD,5,5,4,25320.5,25318.0,short,25322.0,25318.0,8.0,36.0,target,1,29.0,42.0
2025-10-20 18:55:00+00:00,2025-10-20 18:55:00+00:00,DBD,5,4,4,25328.75,25326.25,short,25330.25,25326.25,8.0,36.0,target,1,16.0,48.0
2025-10-20 19:00:00+00:00,2025-10-20 19:00:00+00:00,DBD,5,4,5,25328.75,25326.25,short,25330.25,25326.25,8.0,36.0,target,1,28.0,13.0
2025-10-20 19:40:00+00:00,2025-10-20 19:40:00+00:00,RBR,5,5,5,25315.5,25318.0,long,25314.0,25318.0,8.0,36.0,target,1,26.0,45.0
2025-10-21 14:15:00+00:00,2025-10-21 14:15:00+00:00,DBD,5,4,4,25270.75,25268.25,short,25272.25,25268.25,8.0,36.0,target,1,24.0,130.0
2025-10-21 14:55:00+00:00,2025-10-21 14:55:00+00:00,DBD,5,5,5,25294.0,25291.5,short,25295.5,25291.5,8.0,36.0,target,1,32.0,72.0
2025-10-21 16:40:00+00:00,2025-10-21 16:40:00+00:00,RBR,5,5,5,25324.0,25326.5,long,25322.5,25326.5,8.0,36.0,target,1,7.0,55.0
2025-10-21 16:50:00+00:00,2025-10-21 16:50:00+00:00,RBR,5,4,4,25311.75,25314.25,long,25310.25,25314.25,8.0,36.0,target,1,87.0,147.0
2025-10-21 17:10:00+00:00,2025-10-21 17:10:00+00:00,DBD,5,5,5,25303.0,25300.5,short,25304.5,25300.5,8.0,36.0,target,1,27.0,69.0
2025-10-21 18:15:00+00:00,2025-10-21 18:15:00+00:00,RBR,5,6,6,25294.75,25297.25,long,25293.25,25297.25,8.0,36.0,target,1,19.0,68.0
2025-10-21 18:20:00+00:00,2025-10-21 18:20:00+00:00,RBR,5,6,7,25294.75,25297.25,long,25293.25,25297.25,8.0,36.0,target,1,12.0,89.0
2025-10-21 19:25:00+00:00,2025-10-21 19:25:00+00:00,RBR,5,4,4,25307.25,25309.75,long,25305.75,25309.75,8.0,36.0,target,1,3.0,48.0
2025-10-21 19:30:00+00:00,2025-10-21 19:30:00+00:00,RBR,5,4,5,25307.25,25305.75,long,25305.75,25309.75,-8.0,-44.0,stop,1,34.0,8.0
2025-10-22 14:10:00+00:00,2025-10-22 14:10:00+00:00,RBR,5,4,4,25236.25,25238.75,long,25234.75,25238.75,8.0,36.0,target,1,106.0,82.0
2025-10-22 18:25:00+00:00,2025-10-22 18:25:00+00:00,DBD,15,5,5,24942.0,24939.5,short,24943.5,24939.5,8.0,36.0,target,1,8.0,156.0
2025-10-22 18:40:00+00:00,2025-10-22 18:40:00+00:00,DBD,5,4,4,24942.0,24939.5,short,24943.5,24939.5,8.0,36.0,target,1,21.0,187.0
2025-10-23 14:20:00+00:00,2025-10-23 14:20:00+00:00,DBD,5,4,4,25146.25,25143.75,short,25147.75,25143.75,8.0,36.0,target,1,48.0,249.0
2025-10-23 14:35:00+00:00,2025-10-23 14:35:00+00:00,DBD,5,4,5,25176.5,25174.0,short,25178.0,25174.0,8.0,36.0,target,1,55.0,71.0
2025-10-23 15:35:00+00:00,2025-10-23 15:35:00+00:00,RBR,5,4,4,25156.0,25158.5,long,25154.5,25158.5,8.0,36.0,target,1,0.0,150.0
2025-10-23 15:40:00+00:00,2025-10-23 15:40:00+00:00,RBR,5,4,4,25156.0,25158.5,long,25154.5,25158.5,8.0,36.0,target,1,146.0,84.0
2025-10-23 15:50:00+00:00,2025-10-23 15:50:00+00:00,DBD,15,5,5,25185.5,25183.0,short,25187.0,25183.0,8.0,36.0,target,1,58.0,107.0
2025-10-23 17:05:00+00:00,2025-10-23 17:05:00+00:00,RBR,5,3,4,25203.25,25205.75,long,25201.75,25205.75,8.0,36.0,target,1,55.0,153.0
2025-10-23 17:30:00+00:00,2025-10-23 17:30:00+00:00,DBD,5,5,5,25230.25,25227.75,short,25231.75,25227.75,8.0,36.0,target,1,40.0,102.0
2025-10-23 17:35:00+00:00,2025-10-23 17:35:00+00:00,DBD,5,5,5,25230.25,25227.75,short,25231.75,25227.75,8.0,36.0,target,1,177.0,18.0
2025-10-23 18:15:00+00:00,2025-10-23 18:15:00+00:00,RBR,5,4,4,25252.75,25255.25,long,25251.25,25255.25,8.0,36.0,target,1,29.0,65.0
2025-10-24 14:30:00+00:00,2025-10-24 14:30:00+00:00,RBR,5,4,5,25493.25,25495.75,long,25491.75,25495.75,8.0,36.0,target,1,97.0,41.0
2025-10-24 14:35:00+00:00,2025-10-24 14:35:00+00:00,RBR,5,4,4,25493.25,25495.75,long,25491.75,25495.75,8.0,36.0,target,1,63.0,93.0
2025-10-24 14:50:00+00:00,2025-10-24 14:50:00+00:00,RBR,15,4,5,25464.0,25466.5,long,25462.5,25466.5,8.0,36.0,target,1,4.0,212.0
2025-10-24 14:55:00+00:00,2025-10-24 14:55:00+00:00,RBR,15,4,4,25464.0,25466.5,long,25462.5,25466.5,8.0,36.0,target,1,130.0,43.0
2025-10-24 15:45:00+00:00,2025-10-24 15:45:00+00:00,RBR,5,4,5,25502.5,25505.0,long,25501.0,25505.0,8.0,36.0,target,1,7.0,97.0
2025-10-24 15:55:00+00:00,2025-10-24 15:55:00+00:00,RBR,5,4,4,25502.5,25505.0,long,25501.0,25505.0,8.0,36.0,target,1,0.0,106.0
2025-10-24 17:55:00+00:00,2025-10-24 17:55:00+00:00,RBR,5,6,6,25552.0,25554.5,long,25550.5,25554.5,8.0,36.0,target,1,18.0,27.0
2025-10-27 14:15:00+00:00,2025-10-27 14:15:00+00:00,RBR,5,4,5,25834.0,25836.5,long,25832.5,25836.5,8.0,36.0,target,1,10.0,126.0
2025-10-27 14:20:00+00:00,2025-10-27 14:20:00+00:00,RBR,5,4,4,25834.0,25836.5,long,25832.5,25836.5,8.0,36.0,target,1,44.0,42.0
2025-10-27 14:55:00+00:00,2025-10-27 14:55:00+00:00,RBR,5,4,5,25857.25,25859.75,long,25855.75,25859.75,8.0,36.0,target,1,24.0,80.0
2025-10-27 15:00:00+00:00,2025-10-27 15:00:00+00:00,RBR,5,4,4,25857.25,25859.75,long,25855.75,25859.75,8.0,36.0,target,1,7.0,123.0
2025-10-27 15:50:00+00:00,2025-10-27 15:50:00+00:00,RBR,5,6,6,25892.5,25895.0,long,25891.0,25895.0,8.0,36.0,target,1,14.0,49.0
2025-10-27 16:45:00+00:00,2025-10-27 16:45:00+00:00,RBR,5,5,6,25901.0,25903.5,long,25899.5,25903.5,8.0,36.0,target,1,6.0,26.0
2025-10-27 17:35:00+00:00,2025-10-27 17:35:00+00:00,DBD,5,6,6,25916.0,25913.5,short,25917.5,25913.5,8.0,36.0,target,1,2.0,49.0
2025-10-27 17:40:00+00:00,2025-10-27 17:40:00+00:00,DBD,5,6,7,25916.0,25913.5,short,25917.5,25913.5,8.0,36.0,target,1,47.0,10.0
2025-10-27 18:30:00+00:00,2025-10-27 18:30:00+00:00,RBR,5,4,5,25925.0,25927.5,long,25923.5,25927.5,8.0,36.0,target,1,3.0,25.0
2025-10-27 18:35:00+00:00,2025-10-27 18:35:00+00:00,RBR,5,4,4,25925.0,25927.5,long,25923.5,25927.5,8.0,36.0,target,1,8.0,18.0
2025-10-27 18:40:00+00:00,2025-10-27 18:40:00+00:00,DBD,5,6,6,25932.5,25930.0,short,25934.0,25930.0,8.0,36.0,target,1,22.0,17.0
2025-10-27 19:15:00+00:00,2025-10-27 19:15:00+00:00,RBR,15,8,7,25927.25,25929.75,long,25925.75,25929.75,8.0,36.0,target,1,17.0,23.0
2025-10-28 13:45:00+00:00,2025-10-28 13:45:00+00:00,RBR,5,5,5,26041.5,26044.0,long,26040.0,26044.0,8.0,36.0,target,1,18.0,158.0
2025-10-28 13:50:00+00:00,2025-10-28 13:50:00+00:00,RBR,5,5,5,26041.5,26044.0,long,26040.0,26044.0,8.0,36.0,target,1,48.0,79.0
2025-10-28 15:35:00+00:00,2025-10-28 15:35:00+00:00,DBD,5,5,5,26051.25,26048.75,short,26052.75,26048.75,8.0,36.0,target,1,11.0,181.0
2025-10-28 15:40:00+00:00,2025-10-28 15:40:00+00:00,DBD,5,5,5,26051.25,26048.75,short,26052.75,26048.75,8.0,36.0,target,1,5.0,80.0
2025-10-28 16:00:00+00:00,2025-10-28 16:00:00+00:00,DBD,15,4,4,26076.5,26074.0,short,26078.0,26074.0,8.0,36.0,target,1,14.0,64.0
2025-10-28 16:05:00+00:00,2025-10-28 16:05:00+00:00,DBD,15,4,5,26076.5,26074.0,short,26078.0,26074.0,8.0,36.0,target,1,36.0,36.0
2025-10-28 19:50:00+00:00,2025-10-28 19:50:00+00:00,RBR,15,5,5,26176.75,26179.25,long,26175.25,26179.25,8.0,36.0,target,1,58.0,45.0
2025-10-29 14:45:00+00:00,2025-10-29 14:45:00+00:00,RBR,5,4,4,26265.0,26267.5,long,26263.5,26267.5,8.0,36.0,target,1,22.0,98.0
2025-10-29 15:30:00+00:00,2025-10-29 15:30:00+00:00,RBR,5,4,5,26238.25,26240.75,long,26236.75,26240.75,8.0,36.0,target,1,5.0,83.0
2025-10-29 15:35:00+00:00,2025-10-29 15:35:00+00:00,RBR,5,4,4,26238.25,26240.75,long,26236.75,26240.75,8.0,36.0,target,1,35.0,42.0
2025-10-29 17:25:00+00:00,2025-10-29 17:25:00+00:00,RBR,5,4,4,26221.25,26223.75,long,26219.75,26223.75,8.0,36.0,target,1,9.0,82.0
2025-10-29 17:50:00+00:00,2025-10-29 17:50:00+00:00,DBD,15,4,4,26266.0,26263.5,short,26267.5,26263.5,8.0,36.0,target,1,3.0,56.0
2025-10-29 18:00:00+00:00,2025-10-29 18:00:00+00:00,RBR,5,4,5,26221.25,26223.75,long,26219.75,26223.75,8.0,36.0,target,1,8.0,275.0
2025-10-29 18:05:00+00:00,2025-10-29 18:05:00+00:00,RBR,5,4,5,26231.0,26233.5,long,26229.5,26233.5,8.0,36.0,target,1,105.0,114.0
2025-10-29 18:10:00+00:00,2025-10-29 18:10:00+00:00,RBR,5,4,4,26231.0,26233.5,long,26229.5,26233.5,8.0,36.0,target,1,41.0,91.0
2025-10-30 14:50:00+00:00,2025-10-30 14:50:00+00:00,RBR,5,4,4,26016.0,26018.5,long,26014.5,26018.5,8.0,36.0,target,1,115.0,186.0
2025-10-30 19:30:00+00:00,2025-10-30 19:30:00+00:00,DBD,5,6,6,25956.25,25953.75,short,25957.75,25953.75,8.0,36.0,target,1,21.0,120.0
2025-10-31 15:35:00+00:00,2025-10-31 15:35:00+00:00,RBR,5,5,5,26100.5,26103.0,long,26099.0,26103.0,8.0,36.0,target,1,39.0,163.0
2025-10-31 15:45:00+00:00,2025-10-31 15:45:00+00:00,DBD,5,4,4,26154.5,26152.0,short,26156.0,26152.0,8.0,36.0,target,1,14.0,366.0
2025-10-31 16:25:00+00:00,2025-10-31 16:25:00+00:00,DBD,5,6,6,26018.75,26016.25,short,26020.25,26016.25,8.0,36.0,target,1,14.0,99.0
2025-10-31 16:30:00+00:00,2025-10-31 16:30:00+00:00,DBD,5,6,7,26018.75,26016.25,short,26020.25,26016.25,8.0,36.0,target,1,72.0,67.0
2025-10-31 18:20:00+00:00,2025-10-31 18:20:00+00:00,DBD,5,6,7,26001.25,25998.75,short,26002.75,25998.75,8.0,36.0,target,1,58.0,67.0
2025-10-31 19:10:00+00:00,2025-10-31 19:10:00+00:00,DBD,15,3,4,26036.75,26034.25,short,26038.25,26034.25,8.0,36.0,target,1,20.0,63.0
2025-10-31 19:45:00+00:00,2025-10-31 19:45:00+00:00,RBR,5,5,5,26065.75,26068.25,long,26064.25,26068.25,8.0,36.0,target,1,55.0,119.0
2025-10-31 19:55:00+00:00,2025-10-31 19:55:00+00:00,RBR,5,3,4,26021.0,26023.5,long,26019.5,26023.5,8.0,36.0,target,1,116.0,70.0
2025-11-03 15:10:00+00:00,2025-11-03 15:10:00+00:00,DBD,5,5,5,26146.25,26143.75,short,26147.75,26143.75,8.0,36.0,target,1,38.0,101.0
2025-11-03 16:25:00+00:00,2025-11-03 16:25:00+00:00,RBR,5,5,5,26063.0,26065.5,long,26061.5,26065.5,8.0,36.0,target,1,68.0,109.0
2025-11-03 16:40:00+00:00,2025-11-03 16:40:00+00:00,DBD,15,4,4,26095.5,26093.0,short,26097.0,26093.0,8.0,36.0,target,1,18.0,90.0
2025-11-03 17:35:00+00:00,2025-11-03 17:35:00+00:00,DBD,5,5,5,26141.5,26139.0,short,26143.0,26139.0,8.0,36.0,target,1,30.0,57.0
2025-11-03 17:40:00+00:00,2025-11-03 17:40:00+00:00,DBD,5,5,4,26141.5,26139.0,short,26143.0,26139.0,8.0,36.0,target,1,29.0,44.0
2025-11-03 17:50:00+00:00,2025-11-03 17:50:00+00:00,DBD,15,4,4,26155.75,26153.25,short,26157.25,26153.25,8.0,36.0,target,1,5.0,65.0
2025-11-04 17:25:00+00:00,2025-11-04 17:25:00+00:00,DBD,5,5,6,25720.5,25718.0,short,25722.0,25718.0,8.0,36.0,target,1,53.0,96.0
2025-11-04 18:20:00+00:00,2025-11-04 18:20:00+00:00,DBD,5,6,6,25664.25,25661.75,short,25665.75,25661.75,8.0,36.0,target,1,5.0,184.0
2025-11-04 18:40:00+00:00,2025-11-04 18:40:00+00:00,DBD,5,5,5,25648.0,25645.5,short,25649.5,25645.5,8.0,36.0,target,1,16.0,185.0
2025-11-04 18:50:00+00:00,2025-11-04 18:50:00+00:00,DBD,5,6,6,25664.25,25661.75,short,25665.75,25661.75,8.0,36.0,target,1,81.0,120.0
2025-11-04 19:00:00+00:00,2025-11-04 19:00:00+00:00,DBD,5,5,6,25685.5,25683.0,short,25687.0,25683.0,8.0,36.0,target,1,11.0,90.0
2025-11-05 14:45:00+00:00,2025-11-05 14:45:00+00:00,DBD,5,6,6,25582.75,25580.25,short,25584.25,25580.25,8.0,36.0,target,1,151.0,243.0
2025-11-05 16:25:00+00:00,2025-11-05 16:25:00+00:00,DBD,5,3,4,25732.0,25729.5,short,25733.5,25729.5,8.0,36.0,target,1,67.0,98.0
2025-11-05 19:00:00+00:00,2025-11-05 19:00:00+00:00,RBR,5,7,7,25852.5,25855.0,long,25851.0,25855.0,8.0,36.0,target,1,53.0,47.0
2025-11-05 19:05:00+00:00,2025-11-05 19:05:00+00:00,RBR,5,6,6,25824.25,25826.75,long,25822.75,25826.75,8.0,36.0,target,1,4.0,96.0
2025-11-05 20:40:00+00:00,2025-11-05 20:40:00+00:00,RBR,15,4,4,25809.75,25812.25,long,25808.25,25812.25,8.0,36.0,target,1,25.0,89.0
2025-11-06 14:45:00+00:00,2025-11-06 14:45:00+00:00,DBD,5,7,7,25667.0,25664.5,short,25668.5,25664.5,8.0,36.0,target,1,25.0,257.0
2025-11-06 17:30:00+00:00,2025-11-06 17:30:00+00:00,DBD,5,6,6,25277.0,25274.5,short,25278.5,25274.5,8.0,36.0,target,1,15.0,188.0
2025-11-06 17:35:00+00:00,2025-11-06 17:35:00+00:00,DBD,5,6,7,25277.0,25274.5,short,25278.5,25274.5,8.0,36.0,target,1,25.0,116.0
2025-11-06 17:40:00+00:00,2025-11-06 17:40:00+00:00,DBD,5,6,6,25277.0,25274.5,short,25278.5,25274.5,8.0,36.0,target,1,88.0,119.0
2025-11-06 18:05:00+00:00,2025-11-06 18:05:00+00:00,RBR,5,7,7,25248.0,25250.5,long,25246.5,25250.5,8.0,36.0,target,1,47.0,185.0
2025-11-06 19:00:00+00:00,2025-11-06 19:00:00+00:00,DBD,5,7,7,25364.5,25362.0,short,25366.0,25362.0,8.0,36.0,target,1,13.0,174.0
2025-11-07 18:45:00+00:00,2025-11-07 18:45:00+00:00,RBR,5,5,5,24914.0,24916.5,long,24912.5,24916.5,8.0,36.0,target,1,120.0,107.0
2025-11-07 19:35:00+00:00,2025-11-07 19:35:00+00:00,DBD,15,5,5,25045.0,25042.5,short,25046.5,25042.5,8.0,36.0,target,1,3.0,200.0
2025-11-07 19:40:00+00:00,2025-11-07 19:40:00+00:00,DBD,15,5,4,25045.0,25042.5,short,25046.5,25042.5,8.0,36.0,target,1,236.0,36.0
2025-11-10 15:55:00+00:00,2025-11-10 15:55:00+00:00,RBR,5,3,4,25525.25,25527.75,long,25523.75,25527.75,8.0,36.0,target,1,35.0,128.0
2025-11-10 18:55:00+00:00,2025-11-10 18:55:00+00:00,RBR,5,6,6,25659.5,25662.0,long,25658.0,25662.0,8.0,36.0,target,1,58.0,41.0
2025-11-10 20:15:00+00:00,2025-11-10 20:15:00+00:00,RBR,5,5,5,25704.75,25707.25,long,25703.25,25707.25,8.0,36.0,target,1,11.0,81.0
2025-11-10 20:20:00+00:00,2025-11-10 20:20:00+00:00,RBR,5,5,6,25704.75,25707.25,long,25703.25,25707.25,8.0,36.0,target,1,32.0,42.0
2025-11-10 20:30:00+00:00,2025-11-10 20:30:00+00:00,RBR,5,5,5,25704.75,25707.25,long,25703.25,25707.25,8.0,36.0,target,1,27.0,40.0
2025-11-10 20:55:00+00:00,2025-11-10 20:55:00+00:00,RBR,5,6,6,25721.25,25723.75,long,25719.75,25723.75,8.0,36.0,target,1,48.0,116.0
2025-11-11 19:00:00+00:00,2025-11-11 19:00:00+00:00,RBR,5,5,5,25660.0,25662.5,long,25658.5,25662.5,8.0,36.0,target,1,30.0,125.0
2025-11-11 19:05:00+00:00,2025-11-11 19:05:00+00:00,RBR,5,5,5,25660.0,25662.5,long,25658.5,25662.5,8.0,36.0,target,1,89.0,72.0
2025-11-11 20:55:00+00:00,2025-11-11 20:55:00+00:00,RBR,5,4,4,25651.25,25653.75,long,25649.75,25653.75,8.0,36.0,target,1,126.0,71.0
2025-11-12 14:45:00+00:00,2025-11-12 14:45:00+00:00,RBR,5,4,4,25619.75,25622.25,long,25618.25,25622.25,8.0,36.0,target,1,193.0,152.0
2025-11-12 16:25:00+00:00,2025-11-12 16:25:00+00:00,DBD,5,6,6,25561.5,25559.0,short,25563.0,25559.0,8.0,36.0,target,1,110.0,116.0
2025-11-12 16:45:00+00:00,2025-11-12 16:45:00+00:00,RBR,5,4,4,25528.5,25531.0,long,25527.0,25531.0,8.0,36.0,target,1,159.0,153.0
2025-11-12 17:35:00+00:00,2025-11-12 17:35:00+00:00,DBD,5,4,4,25603.0,25600.5,short,25604.5,25600.5,8.0,36.0,target,1,56.0,143.0
2025-11-12 20:30:00+00:00,2025-11-12 20:30:00+00:00,DBD,5,4,4,25617.0,25614.5,short,25618.5,25614.5,8.0,36.0,target,1,89.0,89.0
2025-11-13 18:10:00+00:00,2025-11-13 18:10:00+00:00,DBD,5,5,5,25154.75,25152.25,short,25156.25,25152.25,8.0,36.0,target,1,26.0,162.0
2025-11-13 18:15:00+00:00,2025-11-13 18:15:00+00:00,DBD,5,5,5,25154.75,25152.25,short,25156.25,25152.25,8.0,36.0,target,1,21.0,199.0
2025-11-13 19:20:00+00:00,2025-11-13 19:20:00+00:00,DBD,15,6,6,25079.5,25077.0,short,25081.0,25077.0,8.0,36.0,target,1,27.0,189.0
2025-11-13 19:25:00+00:00,2025-11-13 19:25:00+00:00,DBD,15,6,6,25079.5,25077.0,short,25081.0,25077.0,8.0,36.0,target,1,183.0,12.0
2025-11-13 19:35:00+00:00,2025-11-13 19:35:00+00:00,DBD,5,5,6,25128.5,25126.0,short,25130.0,25126.0,8.0,36.0,target,1,16.0,190.0
2025-11-14 15:15:00+00:00,2025-11-14 15:15:00+00:00,DBD,5,5,5,24984.0,24981.5,short,24985.5,24981.5,8.0,36.0,target,1,12.0,378.0
2025-11-14 15:25:00+00:00,2025-11-14 15:25:00+00:00,DBD,5,5,5,24984.0,24981.5,short,24985.5,24981.5,8.0,36.0,target,1,178.0,328.0
2025-11-14 20:05:00+00:00,2025-11-14 20:05:00+00:00,RBR,5,3,4,25193.75,25196.25,long,25192.25,25196.25,8.0,36.0,target,1,11.0,174.0
2025-11-14 20:10:00+00:00,2025-11-14 20:10:00+00:00,RBR,15,4,4,25183.5,25186.0,long,25182.0,25186.0,8.0,36.0,target,1,18.0,147.0
2025-11-14 20:15:00+00:00,2025-11-14 20:15:00+00:00,RBR,5,5,5,25150.25,25152.75,long,25148.75,25152.75,8.0,36.0,target,1,5.0,175.0
2025-11-14 20:20:00+00:00,2025-11-14 20:20:00+00:00,RBR,5,5,6,25150.25,25152.75,long,25148.75,25152.75,8.0,36.0,target,1,111.0,42.0
2025-11-17 14:45:00+00:00,2025-11-17 14:45:00+00:00,DBD,15,8,8,25129.0,25130.5,short,25130.5,25126.5,-8.0,-44.0,stop,1,396.0,0.0
2025-11-17 15:00:00+00:00,2025-11-17 15:00:00+00:00,RBR,5,7,7,25142.0,25144.5,long,25140.5,25144.5,8.0,36.0,target,1,164.0,296.0
2025-11-17 16:25:00+00:00,2025-11-17 16:25:00+00:00,DBD,5,4,4,25025.25,25022.75,short,25026.75,25022.75,8.0,36.0,target,1,186.0,225.0
2025-11-17 16:35:00+00:00,2025-11-17 16:35:00+00:00,DBD,5,3,4,25115.5,25113.0,short,25117.0,25113.0,8.0,36.0,target,1,36.0,148.0
2025-11-17 16:40:00+00:00,2025-11-17 16:40:00+00:00,DBD,15,3,4,25150.5,25148.0,short,25152.0,25148.0,8.0,36.0,target,1,22.0,151.0
2025-11-17 17:15:00+00:00,2025-11-17 17:15:00+00:00,RBR,5,5,6,25131.0,25133.5,long,25129.5,25133.5,8.0,36.0,target,1,31.0,141.0
2025-11-17 17:20:00+00:00,2025-11-17 17:20:00+00:00,RBR,5,5,5,25131.0,25133.5,long,25129.5,25133.5,8.0,36.0,target,1,13.0,122.0
2025-11-17 18:40:00+00:00,2025-11-17 18:40:00+00:00,DBD,5,6,6,24996.25,24993.75,short,24997.75,24993.75,8.0,36.0,target,1,28.0,135.0
2025-11-17 20:45:00+00:00,2025-11-17 20:45:00+00:00,DBD,5,6,7,24817.0,24814.5,short,24818.5,24814.5,8.0,36.0,target,1,140.0,92.0
2025-11-17 20:50:00+00:00,2025-11-17 20:50:00+00:00,DBD,15,6,6,24884.25,24881.75,short,24885.75,24881.75,8.0,36.0,target,1,11.0,256.0
2025-11-17 20:55:00+00:00,2025-11-17 20:55:00+00:00,DBD,15,6,6,24884.25,24881.75,short,24885.75,24881.75,8.0,36.0,target,1,26.0,201.0
2025-11-18 17:40:00+00:00,2025-11-18 17:40:00+00:00,DBD,5,5,5,24692.75,24690.25,short,24694.25,24690.25,8.0,36.0,target,1,168.0,208.0
2025-11-18 19:40:00+00:00,2025-11-18 19:40:00+00:00,DBD,15,4,4,24803.5,24801.0,short,24805.0,24801.0,8.0,36.0,target,1,27.0,310.0
2025-11-19 16:05:00+00:00,2025-11-19 16:05:00+00:00,RBR,5,5,6,24723.5,24726.0,long,24722.0,24726.0,8.0,36.0,target,1,41.0,235.0
2025-11-19 16:10:00+00:00,2025-11-19 16:10:00+00:00,RBR,5,5,5,24723.5,24726.0,long,24722.0,24726.0,8.0,36.0,target,1,123.0,56.0
2025-11-19 18:05:00+00:00,2025-11-19 18:05:00+00:00,RBR,5,4,4,24617.75,24620.25,long,24616.25,24620.25,8.0,36.0,target,1,37.0,202.0
2025-11-19 18:15:00+00:00,2025-11-19 18:15:00+00:00,RBR,5,4,4,24617.75,24620.25,long,24616.25,24620.25,8.0,36.0,target,1,19.0,234.0
2025-11-19 18:35:00+00:00,2025-11-19 18:35:00+00:00,DBD,5,5,6,24687.5,24685.0,short,24689.0,24685.0,8.0,36.0,target,1,103.0,253.0
2025-11-19 19:50:00+00:00,2025-11-19 19:50:00+00:00,DBD,5,7,7,24662.0,24659.5,short,24663.5,24659.5,8.0,36.0,target,1,82.0,231.0
2025-11-19 20:40:00+00:00,2025-11-19 20:40:00+00:00,RBR,5,5,5,24749.75,24752.25,long,24748.25,24752.25,8.0,36.0,target,1,13.0,177.0
2025-11-19 20:45:00+00:00,2025-11-19 20:45:00+00:00,RBR,5,5,5,24749.75,24752.25,long,24748.25,24752.25,8.0,36.0,target,1,189.0,86.0
2025-11-20 15:45:00+00:00,2025-11-20 15:45:00+00:00,RBR,5,6,6,25239.0,25241.5,long,25237.5,25241.5,8.0,36.0,target,1,41.0,246.0
2025-11-20 18:10:00+00:00,2025-11-20 18:10:00+00:00,DBD,5,4,4,24538.5,24536.0,short,24540.0,24536.0,8.0,36.0,target,1,217.0,218.0
2025-11-20 19:25:00+00:00,2025-11-20 19:25:00+00:00,DBD,5,4,4,24348.75,24346.25,short,24350.25,24346.25,8.0,36.0,target,1,93.0,359.0
2025-11-21 14:45:00+00:00,2025-11-21 14:45:00+00:00,RBR,5,4,4,24109.0,24111.5,long,24107.5,24111.5,8.0,36.0,target,1,30.0,477.0
2025-11-21 15:00:00+00:00,2025-11-21 15:00:00+00:00,RBR,5,4,5,24109.0,24111.5,long,24107.5,24111.5,8.0,36.0,target,1,139.0,478.0
2025-11-21 15:10:00+00:00,2025-11-21 15:10:00+00:00,RBR,5,4,4,24109.0,24111.5,long,24107.5,24111.5,8.0,36.0,target,1,113.0,199.0
2025-11-21 15:45:00+00:00,2025-11-21 15:45:00+00:00,DBD,5,6,6,24086.25,24083.75,short,24087.75,24083.75,8.0,36.0,target,1,79.0,342.0
2025-11-21 16:35:00+00:00,2025-11-21 16:35:00+00:00,DBD,5,4,4,24224.25,24221.75,short,24225.75,24221.75,8.0,36.0,target,1,34.0,250.0
2025-11-21 18:30:00+00:00,2025-11-21 18:30:00+00:00,DBD,5,6,7,24291.25,24288.75,short,24292.75,24288.75,8.0,36.0,target,1,188.0,172.0
2025-11-21 18:40:00+00:00,2025-11-21 18:40:00+00:00,DBD,5,4,5,24389.5,24387.0,short,24391.0,24387.0,8.0,36.0,target,1,4.0,180.0
2025-11-21 18:45:00+00:00,2025-11-21 18:45:00+00:00,DBD,5,4,4,24389.5,24387.0,short,24391.0,24387.0,8.0,36.0,target,1,574.0,93.0
2025-11-21 20:20:00+00:00,2025-11-21 20:20:00+00:00,RBR,5,4,4,24442.0,24444.5,long,24440.5,24444.5,8.0,36.0,target,1,56.0,208.0
2025-11-24 18:15:00+00:00,2025-11-24 18:15:00+00:00,RBR,5,7,7,24925.75,24928.25,long,24924.25,24928.25,8.0,36.0,target,1,1.0,98.0
2025-11-24 18:30:00+00:00,2025-11-24 18:30:00+00:00,RBR,5,7,7,24925.75,24928.25,long,24924.25,24928.25,8.0,36.0,target,1,47.0,56.0
2025-11-24 18:35:00+00:00,2025-11-24 18:35:00+00:00,RBR,5,7,6,24925.75,24928.25,long,24924.25,24928.25,8.0,36.0,target,1,26.0,53.0
2025-11-24 19:30:00+00:00,2025-11-24 19:30:00+00:00,RBR,15,6,7,24912.25,24914.75,long,24910.75,24914.75,8.0,36.0,target,1,27.0,98.0
2025-11-24 19:35:00+00:00,2025-11-24 19:35:00+00:00,RBR,15,6,6,24912.25,24914.75,long,24910.75,24914.75,8.0,36.0,target,1,41.0,97.0
2025-11-25 15:25:00+00:00,2025-11-25 15:25:00+00:00,DBD,5,5,5,24781.5,24779.0,short,24783.0,24779.0,8.0,36.0,target,1,18.0,281.0
2025-11-25 15:30:00+00:00,2025-11-25 15:30:00+00:00,DBD,5,5,5,24781.5,24779.0,short,24783.0,24779.0,8.0,36.0,target,1,186.0,20.0
2025-11-25 15:50:00+00:00,2025-11-25 15:50:00+00:00,RBR,5,4,4,24762.75,24765.25,long,24761.25,24765.25,8.0,36.0,target,1,6.0,191.0
2025-11-25 17:55:00+00:00,2025-11-25 17:55:00+00:00,RBR,5,4,5,24984.25,24986.75,long,24982.75,24986.75,8.0,36.0,target,1,30.0,157.0
2025-11-25 18:00:00+00:00,2025-11-25 18:00:00+00:00,RBR,5,4,4,24984.25,24986.75,long,24982.75,24986.75,8.0,36.0,target,1,6.0,115.0
2025-11-25 18:45:00+00:00,2025-11-25 18:45:00+00:00,DBD,5,4,4,25034.0,25031.5,short,25035.5,25031.5,8.0,36.0,target,1,62.0,86.0
2025-11-25 19:55:00+00:00,2025-11-25 19:55:00+00:00,DBD,5,4,4,25018.25,25015.75,short,25019.75,25015.75,8.0,36.0,target,1,8.0,106.0
2025-11-25 20:00:00+00:00,2025-11-25 20:00:00+00:00,DBD,5,4,5,25018.25,25015.75,short,25019.75,25015.75,8.0,36.0,target,1,92.0,23.0
2025-11-26 15:25:00+00:00,2025-11-26 15:25:00+00:00,DBD,5,4,4,25198.0,25195.5,short,25199.5,25195.5,8.0,36.0,target,1,48.0,221.0
2025-11-26 15:30:00+00:00,2025-11-26 15:30:00+00:00,DBD,5,4,4,25198.0,25195.5,short,25199.5,25195.5,8.0,36.0,target,1,109.0,27.0
2025-11-26 18:05:00+00:00,2025-11-26 18:05:00+00:00,RBR,5,6,6,25313.75,25316.25,long,25312.25,25316.25,8.0,36.0,target,1,131.0,159.0
2025-11-26 18:30:00+00:00,2025-11-26 18:30:00+00:00,RBR,5,5,5,25311.5,25314.0,long,25310.0,25314.0,8.0,36.0,target,1,14.0,149.0
2025-11-26 18:45:00+00:00,2025-11-26 18:45:00+00:00,DBD,5,4,4,25322.5,25320.0,short,25324.0,25320.0,8.0,36.0,target,1,6.0,144.0
2025-11-26 18:50:00+00:00,2025-11-26 18:50:00+00:00,DBD,5,4,4,25322.5,25320.0,short,25324.0,25320.0,8.0,36.0,target,1,32.0,83.0
2025-11-26 20:55:00+00:00,2025-11-26 20:55:00+00:00,RBR,15,4,4,25297.75,25300.25,long,25296.25,25300.25,8.0,36.0,target,1,12.0,84.0
2025-11-27 15:30:00+00:00,2025-11-27 15:30:00+00:00,RBR,5,7,7,25293.25,25295.75,long,25291.75,25295.75,8.0,36.0,target,1,5.0,44.0
2025-11-27 16:25:00+00:00,2025-11-27 16:25:00+00:00,DBD,5,7,8,25302.0,25299.5,short,25303.5,25299.5,8.0,36.0,target,1,10.0,21.0
2025-11-27 16:30:00+00:00,2025-11-27 16:30:00+00:00,DBD,5,7,7,25302.0,25299.5,short,25303.5,25299.5,8.0,36.0,target,1,0.0,20.0
2025-11-27 16:35:00+00:00,2025-11-27 16:35:00+00:00,DBD,15,4,4,25302.0,25299.5,short,25303.5,25299.5,8.0,36.0,target,1,0.0,14.0
2025-11-28 15:25:00+00:00,2025-11-28 15:25:00+00:00,RBR,5,4,5,25360.25,25362.75,long,25358.75,25362.75,8.0,36.0,target,1,4.0,115.0
2025-11-28 15:30:00+00:00,2025-11-28 15:30:00+00:00,RBR,5,4,4,25360.25,25362.75,long,25358.75,25362.75,8.0,36.0,target,1,3.0,127.0
2025-11-28 16:25:00+00:00,2025-11-28 16:25:00+00:00,RBR,15,3,4,25378.0,25380.5,long,25376.5,25380.5,8.0,36.0,target,1,42.0,116.0
2025-11-28 17:05:00+00:00,2025-11-28 17:05:00+00:00,DBD,5,4,5,25436.25,25433.75,short,25437.75,25433.75,8.0,36.0,target,1,9.0,65.0
2025-11-28 17:10:00+00:00,2025-11-28 17:10:00+00:00,DBD,5,4,4,25436.25,25433.75,short,25437.75,25433.75,8.0,36.0,target,1,15.0,47.0
2025-11-28 17:35:00+00:00,2025-11-28 17:35:00+00:00,RBR,5,5,5,25405.5,25408.0,long,25404.0,25408.0,8.0,36.0,target,1,18.0,79.0
2025-11-28 17:50:00+00:00,2025-11-28 17:50:00+00:00,DBD,5,4,4,25420.75,25418.25,short,25422.25,25418.25,8.0,36.0,target,1,73.0,63.0
2025-12-01 15:35:00+00:00,2025-12-01 15:35:00+00:00,DBD,5,7,7,25345.75,25343.25,short,25347.25,25343.25,8.0,36.0,target,1,3.0,313.0
2025-12-01 15:40:00+00:00,2025-12-01 15:40:00+00:00,DBD,5,7,7,25345.75,25343.25,short,25347.25,25343.25,8.0,36.0,target,1,57.0,118.0
2025-12-01 15:45:00+00:00,2025-12-01 15:45:00+00:00,DBD,5,7,6,25345.75,25343.25,short,25347.25,25343.25,8.0,36.0,target,1,10.0,101.0
2025-12-01 15:50:00+00:00,2025-12-01 15:50:00+00:00,DBD,5,5,6,25374.25,25371.75,short,25375.75,25371.75,8.0,36.0,target,1,168.0,139.0
2025-12-01 18:00:00+00:00,2025-12-01 18:00:00+00:00,RBR,5,6,7,25449.0,25451.5,long,25447.5,25451.5,8.0,36.0,target,1,10.0,93.0
2025-12-01 18:20:00+00:00,2025-12-01 18:20:00+00:00,RBR,5,4,5,25458.25,25460.75,long,25456.75,25460.75,8.0,36.0,target,1,16.0,44.0
2025-12-01 19:00:00+00:00,2025-12-01 19:00:00+00:00,RBR,5,4,4,25458.25,25460.75,long,25456.75,25460.75,8.0,36.0,target,1,2.0,119.0
2025-12-01 19:05:00+00:00,2025-12-01 19:05:00+00:00,RBR,5,6,6,25449.0,25451.5,long,25447.5,25451.5,8.0,36.0,target,1,30.0,41.0
2025-12-01 19:20:00+00:00,2025-12-01 19:20:00+00:00,RBR,15,4,4,25414.25,25416.75,long,25412.75,25416.75,8.0,36.0,target,1,70.0,87.0
2025-12-01 20:50:00+00:00,2025-12-01 20:50:00+00:00,RBR,15,5,5,25384.25,25386.75,long,25382.75,25386.75,8.0,36.0,target,1,3.0,136.0
2025-12-01 20:55:00+00:00,2025-12-01 20:55:00+00:00,RBR,15,5,4,25384.25,25386.75,long,25382.75,25386.75,8.0,36.0,target,1,77.0,91.0
2025-12-02 15:30:00+00:00,2025-12-02 15:30:00+00:00,RBR,15,6,6,25562.0,25564.5,long,25560.5,25564.5,8.0,36.0,target,1,124.0,76.0
2025-12-02 15:45:00+00:00,2025-12-02 15:45:00+00:00,DBD,5,4,5,25640.0,25637.5,short,25641.5,25637.5,8.0,36.0,target,1,41.0,104.0
2025-12-02 16:20:00+00:00,2025-12-02 16:20:00+00:00,RBR,5,3,4,25471.25,25473.75,long,25469.75,25473.75,8.0,36.0,target,1,49.0,287.0
2025-12-02 17:00:00+00:00,2025-12-02 17:00:00+00:00,DBD,5,4,5,25553.75,25551.25,short,25555.25,25551.25,8.0,36.0,target,1,2.0,197.0
2025-12-02 17:15:00+00:00,2025-12-02 17:15:00+00:00,DBD,5,4,4,25553.75,25551.25,short,25555.25,25551.25,8.0,36.0,target,1,182.0,33.0
2025-12-02 18:35:00+00:00,2025-12-02 18:35:00+00:00,RBR,5,4,5,25539.25,25541.75,long,25537.75,25541.75,8.0,36.0,target,1,34.0,64.0
2025-12-03 17:20:00+00:00,2025-12-03 17:20:00+00:00,DBD,5,5,5,25615.75,25613.25,short,25617.25,25613.25,8.0,36.0,target,1,71.0,53.0
2025-12-03 17:50:00+00:00,2025-12-03 17:50:00+00:00,RBR,5,4,4,25608.5,25611.0,long,25607.0,25611.0,8.0,36.0,target,1,9.0,71.0
2025-12-03 18:20:00+00:00,2025-12-03 18:20:00+00:00,RBR,5,4,4,25608.5,25611.0,long,25607.0,25611.0,8.0,36.0,target,1,1.0,73.0
2025-12-03 18:55:00+00:00,2025-12-03 18:55:00+00:00,RBR,5,4,5,25632.25,25634.75,long,25630.75,25634.75,8.0,36.0,target,1,40.0,64.0
2025-12-03 19:25:00+00:00,2025-12-03 19:25:00+00:00,DBD,5,5,5,25653.0,25650.5,short,25654.5,25650.5,8.0,36.0,target,1,20.0,26.0
2025-12-03 19:35:00+00:00,2025-12-03 19:35:00+00:00,DBD,5,5,4,25653.0,25650.5,short,25654.5,25650.5,8.0,36.0,target,1,1.0,42.0
2025-12-03 20:50:00+00:00,2025-12-03 20:50:00+00:00,RBR,5,6,6,25649.5,25652.0,long,25648.0,25652.0,8.0,36.0,target,1,18.0,117.0
2025-12-04 15:30:00+00:00,2025-12-04 15:30:00+00:00,DBD,5,5,5,25604.75,25602.25,short,25606.25,25602.25,8.0,36.0,target,1,1.0,103.0
2025-12-04 15:50:00+00:00,2025-12-04 15:50:00+00:00,RBR,5,4,5,25579.0,25581.5,long,25577.5,25581.5,8.0,36.0,target,1,52.0,80.0
2025-12-04 15:55:00+00:00,2025-12-04 15:55:00+00:00,RBR,5,4,4,25579.0,25581.5,long,25577.5,25581.5,8.0,36.0,target,1,44.0,57.0
2025-12-04 16:05:00+00:00,2025-12-04 16:05:00+00:00,RBR,15,4,5,25520.5,25523.0,long,25519.0,25523.0,8.0,36.0,target,1,62.0,116.0
2025-12-04 17:10:00+00:00,2025-12-04 17:10:00+00:00,RBR,5,3,4,25611.5,25614.0,long,25610.0,25614.0,8.0,36.0,target,1,46.0,86.0
2025-12-04 18:25:00+00:00,2025-12-04 18:25:00+00:00,DBD,5,3,4,25620.5,25618.0,short,25622.0,25618.0,8.0,36.0,target,1,24.0,47.0
2025-12-04 19:15:00+00:00,2025-12-04 19:15:00+00:00,RBR,15,5,5,25574.75,25577.25,long,25573.25,25577.25,8.0,36.0,target,1,130.0,72.0
2025-12-04 20:50:00+00:00,2025-12-04 20:50:00+00:00,DBD,5,5,6,25605.25,25602.75,short,25606.75,25602.75,8.0,36.0,target,1,46.0,85.0
2025-12-04 20:55:00+00:00,2025-12-04 20:55:00+00:00,DBD,5,5,5,25605.25,25602.75,short,25606.75,25602.75,8.0,36.0,target,1,110.0,40.0
2025-12-05 15:50:00+00:00,2025-12-05 15:50:00+00:00,RBR,5,4,5,25767.75,25770.25,long,25766.25,25770.25,8.0,36.0,target,1,47.0,216.0
2025-12-05 15:55:00+00:00,2025-12-05 15:55:00+00:00,RBR,5,4,4,25767.75,25766.25,long,25766.25,25770.25,-8.0,-44.0,stop,1,206.0,0.0
2025-12-05 16:30:00+00:00,2025-12-05 16:30:00+00:00,RBR,15,5,6,25673.5,25676.0,long,25672.0,25676.0,8.0,36.0,target,1,89.0,98.0
2025-12-05 16:35:00+00:00,2025-12-05 16:35:00+00:00,RBR,15,5,5,25673.5,25676.0,long,25672.0,25676.0,8.0,36.0,target,1,28.0,90.0
2025-12-05 17:50:00+00:00,2025-12-05 17:50:00+00:00,DBD,5,5,5,25731.0,25728.5,short,25732.5,25728.5,8.0,36.0,target,1,39.0,137.0
2025-12-05 19:00:00+00:00,2025-12-05 19:00:00+00:00,RBR,15,6,6,25718.25,25720.75,long,25716.75,25720.75,8.0,36.0,target,1,13.0,48.0
2025-12-05 19:05:00+00:00,2025-12-05 19:05:00+00:00,RBR,15,6,5,25718.25,25720.75,long,25716.75,25720.75,8.0,36.0,target,1,16.0,46.0
2025-12-05 20:55:00+00:00,2025-12-05 20:55:00+00:00,DBD,5,4,4,25723.0,25720.5,short,25724.5,25720.5,8.0,36.0,target,1,68.0,66.0
2025-12-08 15:20:00+00:00,2025-12-08 15:20:00+00:00,RBR,5,4,4,25706.5,25709.0,long,25705.0,25709.0,8.0,36.0,target,1,38.0,119.0
2025-12-08 17:40:00+00:00,2025-12-08 17:40:00+00:00,DBD,5,4,5,25638.25,25635.75,short,25639.75,25635.75,8.0,36.0,target,1,9.0,75.0
2025-12-08 17:45:00+00:00,2025-12-08 17:45:00+00:00,DBD,5,4,4,25638.25,25635.75,short,25639.75,25635.75,8.0,36.0,target,1,19.0,105.0
2025-12-08 17:55:00+00:00,2025-12-08 17:55:00+00:00,DBD,15,3,4,25656.0,25653.5,short,25657.5,25653.5,8.0,36.0,target,1,136.0,73.0
2025-12-08 20:55:00+00:00,2025-12-08 20:55:00+00:00,DBD,15,7,7,25641.75,25639.25,short,25643.25,25639.25,8.0,36.0,target,1,122.0,119.0
2025-12-09 17:20:00+00:00,2025-12-09 17:20:00+00:00,RBR,5,5,6,25705.5,25704.0,long,25704.0,25708.0,-8.0,-44.0,stop,1,63.0,6.0
2025-12-09 18:00:00+00:00,2025-12-09 18:00:00+00:00,DBD,5,4,4,25725.75,25723.25,short,25727.25,25723.25,8.0,36.0,target,1,9.0,63.0
2025-12-09 18:15:00+00:00,2025-12-09 18:15:00+00:00,DBD,5,4,5,25725.75,25723.25,short,25727.25,25723.25,8.0,36.0,target,1,26.0,35.0
2025-12-09 20:35:00+00:00,2025-12-09 20:35:00+00:00,DBD,5,5,5,25702.0,25699.5,short,25703.5,25699.5,8.0,36.0,target,1,6.0,58.0
2025-12-09 20:40:00+00:00,2025-12-09 20:40:00+00:00,DBD,5,5,5,25702.0,25699.5,short,25703.5,25699.5,8.0,36.0,target,1,19.0,27.0
2025-12-09 20:50:00+00:00,2025-12-09 20:50:00+00:00,RBR,5,4,4,25695.25,25697.75,long,25693.75,25697.75,8.0,36.0,target,1,18.0,107.0
2025-12-09 20:55:00+00:00,2025-12-09 20:55:00+00:00,RBR,5,4,4,25695.25,25697.75,long,25693.75,25697.75,8.0,36.0,target,1,46.0,68.0
2025-12-10 15:30:00+00:00,2025-12-10 15:30:00+00:00,RBR,5,3,4,25620.75,25623.25,long,25619.25,25623.25,8.0,36.0,target,1,67.0,87.0
2025-12-10 16:55:00+00:00,2025-12-10 16:55:00+00:00,DBD,15,6,6,25656.5,25654.0,short,25658.0,25654.0,8.0,36.0,target,1,7.0,38.0
2025-12-10 17:50:00+00:00,2025-12-10 17:50:00+00:00,DBD,5,3,4,25656.0,25653.5,short,25657.5,25653.5,8.0,36.0,target,1,55.0,56.0
2025-12-10 18:20:00+00:00,2025-12-10 18:20:00+00:00,RBR,5,4,4,25624.0,25626.5,long,25622.5,25626.5,8.0,36.0,target,1,9.0,68.0
2025-12-10 19:00:00+00:00,2025-12-10 19:00:00+00:00,DBD,5,5,5,25653.5,25651.0,short,25655.0,25651.0,8.0,36.0,target,1,286.0,204.0
2025-12-10 19:05:00+00:00,2025-12-10 19:05:00+00:00,DBD,5,5,5,25653.5,25651.0,short,25655.0,25651.0,8.0,36.0,target,1,336.0,16.0
2025-12-10 19:30:00+00:00,2025-12-10 19:30:00+00:00,DBD,5,4,4,25736.25,25733.75,short,25737.75,25733.75,8.0,36.0,target,1,84.0,326.0
2025-12-10 20:55:00+00:00,2025-12-10 20:55:00+00:00,RBR,5,5,5,25810.5,25813.0,long,25809.0,25813.0,8.0,36.0,target,1,78.0,128.0
2025-12-11 16:20:00+00:00,2025-12-11 16:20:00+00:00,DBD,5,6,6,25522.0,25519.5,short,25523.5,25519.5,8.0,36.0,target,1,3.0,191.0
2025-12-11 16:25:00+00:00,2025-12-11 16:25:00+00:00,DBD,5,6,6,25522.0,25519.5,short,25523.5,25519.5,8.0,36.0,target,1,11.0,263.0
2025-12-11 16:35:00+00:00,2025-12-11 16:35:00+00:00,DBD,5,6,5,25522.0,25519.5,short,25523.5,25519.5,8.0,36.0,target,1,38.0,121.0
2025-12-11 16:40:00+00:00,2025-12-11 16:40:00+00:00,DBD,15,5,5,25562.25,25559.75,short,25563.75,25559.75,8.0,36.0,target,1,71.0,162.0
2025-12-11 16:45:00+00:00,2025-12-11 16:45:00+00:00,DBD,5,6,7,25585.75,25583.25,short,25587.25,25583.25,8.0,36.0,target,1,14.0,171.0
2025-12-11 18:00:00+00:00,2025-12-11 18:00:00+00:00,DBD,5,5,5,25623.0,25620.5,short,25624.5,25620.5,8.0,36.0,target,1,4.0,164.0
2025-12-11 18:05:00+00:00,2025-12-11 18:05:00+00:00,DBD,5,5,5,25623.0,25620.5,short,25624.5,25620.5,8.0,36.0,target,1,24.0,52.0
2025-12-11 20:50:00+00:00,2025-12-11 20:50:00+00:00,DBD,5,4,4,25700.75,25698.25,short,25702.25,25698.25,8.0,36.0,target,1,73.0,91.0
2025-12-11 20:55:00+00:00,2025-12-11 20:55:00+00:00,DBD,5,4,5,25700.75,25698.25,short,25702.25,25698.25,8.0,36.0,target,1,77.0,75.0
2025-12-12 18:00:00+00:00,2025-12-12 18:00:00+00:00,RBR,5,4,5,25264.0,25266.5,long,25262.5,25266.5,8.0,36.0,target,1,5.0,121.0
2025-12-12 18:55:00+00:00,2025-12-12 18:55:00+00:00,RBR,5,5,5,25284.75,25287.25,long,25283.25,25287.25,8.0,36.0,target,1,45.0,128.0
2025-12-12 19:00:00+00:00,2025-12-12 19:00:00+00:00,RBR,15,4,5,25267.75,25270.25,long,25266.25,25270.25,8.0,36.0,target,1,49.0,71.0
2025-12-12 19:05:00+00:00,2025-12-12 19:05:00+00:00,RBR,15,4,4,25267.75,25270.25,long,25266.25,25270.25,8.0,36.0,target,1,43.0,70.0
2025-12-12 20:45:00+00:00,2025-12-12 20:45:00+00:00,DBD,5,6,6,25215.75,25213.25,short,25217.25,25213.25,8.0,36.0,target,1,29.0,161.0
2025-12-12 20:50:00+00:00,2025-12-12 20:50:00+00:00,DBD,5,6,7,25215.75,25213.25,short,25217.25,25213.25,8.0,36.0,target,1,13.0,182.0
2025-12-12 20:55:00+00:00,2025-12-12 20:55:00+00:00,DBD,5,6,6,25215.75,25213.25,short,25217.25,25213.25,8.0,36.0,target,1,12.0,90.0
2025-12-15 18:55:00+00:00,2025-12-15 18:55:00+00:00,DBD,15,4,5,25158.0,25155.5,short,25159.5,25155.5,8.0,36.0,target,1,46.0,73.0
2025-12-15 19:00:00+00:00,2025-12-15 19:00:00+00:00,DBD,15,4,4,25158.0,25155.5,short,25159.5,25155.5,8.0,36.0,target,1,91.0,50.0
2025-12-15 19:40:00+00:00,2025-12-15 19:40:00+00:00,RBR,5,4,5,25112.5,25115.0,long,25111.0,25115.0,8.0,36.0,target,1,11.0,89.0
2025-12-15 19:45:00+00:00,2025-12-15 19:45:00+00:00,RBR,5,4,4,25112.5,25115.0,long,25111.0,25115.0,8.0,36.0,target,1,25.0,32.0
2025-12-16 16:50:00+00:00,2025-12-16 16:50:00+00:00,DBD,5,4,5,25079.75,25077.25,short,25081.25,25077.25,8.0,36.0,target,1,3.0,190.0
2025-12-16 16:55:00+00:00,2025-12-16 16:55:00+00:00,DBD,5,4,4,25079.75,25077.25,short,25081.25,25077.25,8.0,36.0,target,1,62.0,153.0
2025-12-16 18:35:00+00:00,2025-12-16 18:35:00+00:00,DBD,5,5,5,25026.25,25023.75,short,25027.75,25023.75,8.0,36.0,target,1,91.0,66.0
2025-12-16 18:40:00+00:00,2025-12-16 18:40:00+00:00,DBD,15,4,5,25077.0,25074.5,short,25078.5,25074.5,8.0,36.0,target,1,8.0,134.0
2025-12-16 18:45:00+00:00,2025-12-16 18:45:00+00:00,DBD,15,4,4,25077.0,25074.5,short,25078.5,25074.5,8.0,36.0,target,1,89.0,46.0
2025-12-16 19:25:00+00:00,2025-12-16 19:25:00+00:00,DBD,5,5,6,25034.0,25031.5,short,25035.5,25031.5,8.0,36.0,target,1,33.0,170.0
2025-12-16 19:45:00+00:00,2025-12-16 19:45:00+00:00,DBD,5,4,5,25086.5,25084.0,short,25088.0,25084.0,8.0,36.0,target,1,0.0,113.0
2025-12-16 19:50:00+00:00,2025-12-16 19:50:00+00:00,DBD,5,4,4,25086.5,25084.0,short,25088.0,25084.0,8.0,36.0,target,1,91.0,69.0
2025-12-17 20:00:00+00:00,2025-12-17 20:00:00+00:00,RBR,5,4,4,24721.5,24724.0,long,24720.0,24724.0,8.0,36.0,target,1,12.0,131.0
2025-12-17 20:05:00+00:00,2025-12-17 20:05:00+00:00,RBR,5,4,5,24721.5,24724.0,long,24720.0,24724.0,8.0,36.0,target,1,15.0,52.0
2025-12-17 20:10:00+00:00,2025-12-17 20:10:00+00:00,RBR,5,4,4,24721.5,24724.0,long,24720.0,24724.0,8.0,36.0,target,1,18.0,60.0
2025-12-18 16:55:00+00:00,2025-12-18 16:55:00+00:00,RBR,5,5,5,25151.5,25154.0,long,25150.0,25154.0,8.0,36.0,target,1,28.0,92.0
2025-12-18 17:00:00+00:00,2025-12-18 17:00:00+00:00,RBR,5,5,5,25151.5,25150.0,long,25150.0,25154.0,-8.0,-44.0,stop,1,154.0,0.0
2025-12-18 19:05:00+00:00,2025-12-18 19:05:00+00:00,RBR,5,5,5,25028.5,25031.0,long,25027.0,25031.0,8.0,36.0,target,1,15.0,220.0
2025-12-18 19:25:00+00:00,2025-12-18 19:25:00+00:00,RBR,5,5,4,25028.5,25031.0,long,25027.0,25031.0,8.0,36.0,target,1,14.0,86.0
2025-12-18 20:10:00+00:00,2025-12-18 20:10:00+00:00,DBD,5,6,6,25050.0,25047.5,short,25051.5,25047.5,8.0,36.0,target,1,22.0,101.0
2025-12-18 20:50:00+00:00,2025-12-18 20:50:00+00:00,RBR,5,6,5,25068.5,25071.0,long,25067.0,25071.0,8.0,36.0,target,1,45.0,150.0
2025-12-18 20:55:00+00:00,2025-12-18 20:55:00+00:00,RBR,15,4,4,25032.5,25035.0,long,25031.0,25035.0,8.0,36.0,target,1,58.0,144.0
2025-12-22 17:00:00+00:00,2025-12-22 17:00:00+00:00,DBD,5,4,5,25717.25,25714.75,short,25718.75,25714.75,8.0,36.0,target,1,6.0,54.0
2025-12-22 17:50:00+00:00,2025-12-22 17:50:00+00:00,DBD,5,4,4,25717.25,25714.75,short,25718.75,25714.75,8.0,36.0,target,1,8.0,98.0
2025-12-22 20:05:00+00:00,2025-12-22 20:05:00+00:00,RBR,5,3,4,25683.25,25685.75,long,25681.75,25685.75,8.0,36.0,target,1,2.0,36.0
2025-12-22 20:20:00+00:00,2025-12-22 20:20:00+00:00,DBD,5,4,5,25694.25,25691.75,short,25695.75,25691.75,8.0,36.0,target,1,3.0,38.0
2025-12-22 20:30:00+00:00,2025-12-22 20:30:00+00:00,DBD,5,4,4,25694.25,25691.75,short,25695.75,25691.75,8.0,36.0,target,1,10.0,32.0
2025-12-22 20:55:00+00:00,2025-12-22 20:55:00+00:00,RBR,5,6,6,25686.0,25688.5,long,25684.5,25688.5,8.0,36.0,target,1,4.0,70.0
2025-12-23 14:55:00+00:00,2025-12-23 14:55:00+00:00,RBR,15,8,8,25681.25,25683.75,long,25679.75,25683.75,8.0,36.0,target,1,31.0,106.0
2025-12-23 15:00:00+00:00,2025-12-23 15:00:00+00:00,RBR,15,8,7,25681.25,25683.75,long,25679.75,25683.75,8.0,36.0,target,1,212.0,54.0
2025-12-23 15:40:00+00:00,2025-12-23 15:40:00+00:00,DBD,5,4,5,25707.75,25705.25,short,25709.25,25705.25,8.0,36.0,target,1,37.0,17.0
2025-12-23 17:50:00+00:00,2025-12-23 17:50:00+00:00,RBR,5,5,6,25751.0,25753.5,long,25749.5,25753.5,8.0,36.0,target,1,1.0,37.0
2025-12-23 20:25:00+00:00,2025-12-23 20:25:00+00:00,DBD,5,6,6,25800.75,25798.25,short,25802.25,25798.25,8.0,36.0,target,1,3.0,22.0
2025-12-23 20:35:00+00:00,2025-12-23 20:35:00+00:00,DBD,5,6,6,25800.75,25798.25,short,25802.25,25798.25,8.0,36.0,target,1,14.0,10.0
2025-12-23 20:50:00+00:00,2025-12-23 20:50:00+00:00,RBR,5,5,5,25796.0,25798.5,long,25794.5,25798.5,8.0,36.0,target,1,15.0,92.0
2025-12-26 15:20:00+00:00,2025-12-26 15:20:00+00:00,DBD,5,4,4,25872.25,25869.75,short,25873.75,25869.75,8.0,36.0,target,1,57.0,32.0
2025-12-26 15:30:00+00:00,2025-12-26 15:30:00+00:00,DBD,5,4,5,25891.75,25889.25,short,25893.25,25889.25,8.0,36.0,target,1,16.0,72.0
2025-12-26 16:10:00+00:00,2025-12-26 16:10:00+00:00,RBR,15,6,6,25873.75,25876.25,long,25872.25,25876.25,8.0,36.0,target,1,57.0,82.0
2025-12-26 16:15:00+00:00,2025-12-26 16:15:00+00:00,RBR,5,4,4,25861.5,25864.0,long,25860.0,25864.0,8.0,36.0,target,1,18.0,49.0
2025-12-26 18:35:00+00:00,2025-12-26 18:35:00+00:00,DBD,5,4,5,25879.25,25876.75,short,25880.75,25876.75,8.0,36.0,target,1,0.0,35.0
2025-12-26 18:40:00+00:00,2025-12-26 18:40:00+00:00,DBD,5,4,4,25879.25,25876.75,short,25880.75,25876.75,8.0,36.0,target,1,11.0,23.0
2025-12-26 19:15:00+00:00,2025-12-26 19:15:00+00:00,RBR,5,3,4,25884.75,25887.25,long,25883.25,25887.25,8.0,36.0,target,1,3.0,29.0
2025-12-26 19:40:00+00:00,2025-12-26 19:40:00+00:00,RBR,5,7,8,25873.5,25876.0,long,25872.0,25876.0,8.0,36.0,target,1,2.0,33.0
2025-12-26 20:05:00+00:00,2025-12-26 20:05:00+00:00,RBR,5,7,7,25873.5,25876.0,long,25872.0,25876.0,8.0,36.0,target,1,0.0,41.0
2025-12-29 15:10:00+00:00,2025-12-29 15:10:00+00:00,RBR,5,3,4,25664.25,25666.75,long,25662.75,25666.75,8.0,36.0,target,1,10.0,110.0
2025-12-29 15:25:00+00:00,2025-12-29 15:25:00+00:00,DBD,5,4,5,25744.5,25742.0,short,25746.0,25742.0,8.0,36.0,target,1,22.0,43.0
2025-12-29 17:50:00+00:00,2025-12-29 17:50:00+00:00,DBD,5,5,6,25690.5,25688.0,short,25692.0,25688.0,8.0,36.0,target,1,48.0,32.0
2025-12-29 18:20:00+00:00,2025-12-29 18:20:00+00:00,DBD,5,6,6,25699.25,25696.75,short,25700.75,25696.75,8.0,36.0,target,1,43.0,23.0
2025-12-29 18:30:00+00:00,2025-12-29 18:30:00+00:00,DBD,15,4,4,25710.75,25708.25,short,25712.25,25708.25,8.0,36.0,target,1,24.0,42.0
2025-12-29 19:20:00+00:00,2025-12-29 19:20:00+00:00,DBD,5,5,5,25703.75,25701.25,short,25705.25,25701.25,8.0,36.0,target,1,30.0,48.0
2025-12-30 15:05:00+00:00,2025-12-30 15:05:00+00:00,RBR,5,5,5,25725.75,25728.25,long,25724.25,25728.25,8.0,36.0,target,1,43.0,61.0
2025-12-30 18:20:00+00:00,2025-12-30 18:20:00+00:00,RBR,5,5,5,25727.0,25729.5,long,25725.5,25729.5,8.0,36.0,target,1,1.0,37.0
2025-12-30 18:35:00+00:00,2025-12-30 18:35:00+00:00,RBR,5,5,6,25727.0,25729.5,long,25725.5,25729.5,8.0,36.0,target,1,4.0,50.0
2025-12-30 18:40:00+00:00,2025-12-30 18:40:00+00:00,RBR,5,5,5,25727.0,25729.5,long,25725.5,25729.5,8.0,36.0,target,1,36.0,11.0
2025-12-30 19:15:00+00:00,2025-12-30 19:15:00+00:00,DBD,5,5,5,25736.5,25734.0,short,25738.0,25734.0,8.0,36.0,target,1,24.0,25.0
2025-12-30 20:20:00+00:00,2025-12-30 20:20:00+00:00,DBD,5,9,9,25713.25,25710.75,short,25714.75,25710.75,8.0,36.0,target,1,9.0,48.0
2025-12-30 20:55:00+00:00,2025-12-30 20:55:00+00:00,RBR,15,4,4,25681.5,25684.0,long,25680.0,25684.0,8.0,36.0,target,1,53.0,52.0
2025-12-31 14:55:00+00:00,2025-12-31 14:55:00+00:00,DBD,5,5,5,25632.75,25630.25,short,25634.25,25630.25,8.0,36.0,target,1,10.0,138.0
2025-12-31 17:05:00+00:00,2025-12-31 17:05:00+00:00,RBR,5,4,5,25570.75,25573.25,long,25569.25,25573.25,8.0,36.0,target,1,3.0,116.0
2025-12-31 17:10:00+00:00,2025-12-31 17:10:00+00:00,RBR,5,4,4,25570.75,25573.25,long,25569.25,25573.25,8.0,36.0,target,1,11.0,45.0
2025-12-31 19:15:00+00:00,2025-12-31 19:15:00+00:00,RBR,5,4,4,25599.25,25601.75,long,25597.75,25601.75,8.0,36.0,target,1,0.0,86.0
2025-12-31 19:20:00+00:00,2025-12-31 19:20:00+00:00,RBR,5,4,5,25599.25,25601.75,long,25597.75,25601.75,8.0,36.0,target,1,41.0,17.0
2025-12-31 19:25:00+00:00,2025-12-31 19:25:00+00:00,RBR,5,4,4,25599.25,25597.75,long,25597.75,25601.75,-8.0,-44.0,stop,1,75.0,2.0
2025-12-31 20:35:00+00:00,2025-12-31 20:35:00+00:00,DBD,5,4,5,25512.5,25510.0,short,25514.0,25510.0,8.0,36.0,target,1,4.0,66.0
2026-01-02 16:40:00+00:00,2026-01-02 16:40:00+00:00,RBR,5,5,5,25366.75,25369.25,long,25365.25,25369.25,8.0,36.0,target,1,20.0,92.0
2026-01-02 17:10:00+00:00,2026-01-02 17:10:00+00:00,DBD,5,6,7,25382.0,25379.5,short,25383.5,25379.5,8.0,36.0,target,1,85.0,148.0
2026-01-02 19:10:00+00:00,2026-01-02 19:10:00+00:00,DBD,5,7,7,25384.5,25382.0,short,25386.0,25382.0,8.0,36.0,target,1,39.0,139.0
2026-01-02 19:30:00+00:00,2026-01-02 19:30:00+00:00,DBD,15,4,4,25427.25,25424.75,short,25428.75,25424.75,8.0,36.0,target,1,67.0,70.0
2026-01-02 19:55:00+00:00,2026-01-02 19:55:00+00:00,RBR,5,6,7,25394.75,25397.25,long,25393.25,25397.25,8.0,36.0,target,1,30.0,106.0
2026-01-02 20:00:00+00:00,2026-01-02 20:00:00+00:00,RBR,5,6,6,25394.75,25397.25,long,25393.25,25397.25,8.0,36.0,target,1,29.0,103.0
2026-01-02 20:15:00+00:00,2026-01-02 20:15:00+00:00,DBD,5,3,4,25444.25,25441.75,short,25445.75,25441.75,8.0,36.0,target,1,2.0,115.0
2026-01-02 20:35:00+00:00,2026-01-02 20:35:00+00:00,RBR,5,6,7,25413.5,25416.0,long,25412.0,25416.0,8.0,36.0,target,1,0.0,82.0
2026-01-02 20:40:00+00:00,2026-01-02 20:40:00+00:00,RBR,5,6,6,25413.5,25416.0,long,25412.0,25416.0,8.0,36.0,target,1,89.0,10.0
2026-01-02 20:55:00+00:00,2026-01-02 20:55:00+00:00,RBR,5,3,4,25370.5,25373.0,long,25369.0,25373.0,8.0,36.0,target,1,34.0,107.0
2026-01-05 16:55:00+00:00,2026-01-05 16:55:00+00:00,RBR,5,5,5,25662.75,25665.25,long,25661.25,25665.25,8.0,36.0,target,1,23.0,84.0
2026-01-05 17:15:00+00:00,2026-01-05 17:15:00+00:00,RBR,5,5,5,25649.0,25651.5,long,25647.5,25651.5,8.0,36.0,target,1,20.0,96.0
2026-01-05 17:45:00+00:00,2026-01-05 17:45:00+00:00,DBD,5,3,4,25632.5,25630.0,short,25634.0,25630.0,8.0,36.0,target,1,10.0,86.0
2026-01-05 18:30:00+00:00,2026-01-05 18:30:00+00:00,DBD,5,7,7,25608.5,25606.0,short,25610.0,25606.0,8.0,36.0,target,1,28.0,32.0
2026-01-05 18:35:00+00:00,2026-01-05 18:35:00+00:00,DBD,5,7,6,25608.5,25606.0,short,25610.0,25606.0,8.0,36.0,target,1,8.0,78.0
2026-01-05 19:25:00+00:00,2026-01-05 19:25:00+00:00,RBR,5,4,4,25589.0,25591.5,long,25587.5,25591.5,8.0,36.0,target,1,20.0,42.0
2026-01-05 20:05:00+00:00,2026-01-05 20:05:00+00:00,DBD,5,6,7,25591.25,25588.75,short,25592.75,25588.75,8.0,36.0,target,1,12.0,96.0
2026-01-05 20:15:00+00:00,2026-01-05 20:15:00+00:00,DBD,5,6,7,25604.75,25602.25,short,25606.25,25602.25,8.0,36.0,target,1,2.0,39.0
2026-01-05 20:30:00+00:00,2026-01-05 20:30:00+00:00,DBD,5,6,6,25604.75,25602.25,short,25606.25,25602.25,8.0,36.0,target,1,2.0,59.0
2026-01-05 20:50:00+00:00,2026-01-05 20:50:00+00:00,RBR,5,6,6,25593.5,25596.0,long,25592.0,25596.0,8.0,36.0,target,1,95.0,77.0
2026-01-06 15:35:00+00:00,2026-01-06 15:35:00+00:00,RBR,5,5,5,25733.25,25735.75,long,25731.75,25735.75,8.0,36.0,target,1,5.0,107.0
2026-01-06 15:40:00+00:00,2026-01-06 15:40:00+00:00,RBR,5,5,4,25733.25,25735.75,long,25731.75,25735.75,8.0,36.0,target,1,71.0,69.0
2026-01-06 17:05:00+00:00,2026-01-06 17:05:00+00:00,DBD,5,3,4,25701.75,25699.25,short,25703.25,25699.25,8.0,36.0,target,1,55.0,70.0
2026-01-06 17:20:00+00:00,2026-01-06 17:20:00+00:00,DBD,5,5,5,25731.5,25729.0,short,25733.0,25729.0,8.0,36.0,target,1,42.0,75.0
2026-01-06 20:05:00+00:00,2026-01-06 20:05:00+00:00,RBR,15,4,5,25801.5,25804.0,long,25800.0,25804.0,8.0,36.0,target,1,1.0,36.0
2026-01-07 15:35:00+00:00,2026-01-07 15:35:00+00:00,RBR,5,5,5,25838.25,25840.75,long,25836.75,25840.75,8.0,36.0,target,1,110.0,256.0
2026-01-07 15:40:00+00:00,2026-01-07 15:40:00+00:00,RBR,5,5,5,25838.25,25840.75,long,25836.75,25840.75,8.0,36.0,target,1,3.0,143.0
2026-01-07 16:25:00+00:00,2026-01-07 16:25:00+00:00,RBR,5,6,7,25897.0,25899.5,long,25895.5,25899.5,8.0,36.0,target,1,71.0,29.0
2026-01-07 17:50:00+00:00,2026-01-07 17:50:00+00:00,RBR,5,5,6,25964.25,25966.75,long,25962.75,25966.75,8.0,36.0,target,1,17.0,76.0
2026-01-07 17:55:00+00:00,2026-01-07 17:55:00+00:00,RBR,5,5,5,25964.25,25966.75,long,25962.75,25966.75,8.0,36.0,target,1,4.0,64.0
2026-01-07 18:00:00+00:00,2026-01-07 18:00:00+00:00,RBR,15,4,4,25969.5,25972.0,long,25968.0,25972.0,8.0,36.0,target,1,43.0,10.0
2026-01-07 18:15:00+00:00,2026-01-07 18:15:00+00:00,RBR,5,6,7,25945.5,25948.0,long,25944.0,25948.0,8.0,36.0,target,1,32.0,65.0
2026-01-07 18:20:00+00:00,2026-01-07 18:20:00+00:00,RBR,5,6,6,25945.5,25944.0,long,25944.0,25948.0,-8.0,-44.0,stop,1,47.0,6.0
2026-01-07 18:40:00+00:00,2026-01-07 18:40:00+00:00,DBD,5,6,6,25962.5,25960.0,short,25964.0,25960.0,8.0,36.0,target,1,39.0,37.0
2026-01-07 18:45:00+00:00,2026-01-07 18:45:00+00:00,DBD,15,3,4,25972.0,25969.5,short,25973.5,25969.5,8.0,36.0,target,1,9.0,42.0
2026-01-07 19:05:00+00:00,2026-01-07 19:05:00+00:00,RBR,5,7,7,25941.75,25944.25,long,25940.25,25944.25,8.0,36.0,target,1,59.0,49.0
2026-01-07 20:10:00+00:00,2026-01-07 20:10:00+00:00,RBR,15,3,4,25879.25,25881.75,long,25877.75,25881.75,8.0,36.0,target,1,61.0,93.0
2026-01-08 16:45:00+00:00,2026-01-08 16:45:00+00:00,DBD,5,4,4,25653.5,25651.0,short,25655.0,25651.0,8.0,36.0,target,1,104.0,23.0
2026-01-08 18:05:00+00:00,2026-01-08 18:05:00+00:00,RBR,5,3,4,25657.25,25659.75,long,25655.75,25659.75,8.0,36.0,target,1,50.0,48.0
2026-01-08 18:50:00+00:00,2026-01-08 18:50:00+00:00,RBR,5,4,4,25652.25,25654.75,long,25650.75,25654.75,8.0,36.0,target,1,71.0,74.0
2026-01-09 14:35:00+00:00,2026-01-09 14:35:00+00:00,RBR,5,5,5,25680.75,25683.25,long,25679.25,25683.25,8.0,36.0,target,1,34.0,438.0
2026-01-09 15:05:00+00:00,2026-01-09 15:05:00+00:00,RBR,15,5,5,25670.5,25673.0,long,25669.0,25673.0,8.0,36.0,target,1,220.0,193.0
2026-01-09 15:15:00+00:00,2026-01-09 15:15:00+00:00,DBD,5,4,4,25763.75,25761.25,short,25765.25,25761.25,8.0,36.0,target,1,25.0,126.0
2026-01-09 16:45:00+00:00,2026-01-09 16:45:00+00:00,DBD,5,5,5,25891.75,25889.25,short,25893.25,25889.25,8.0,36.0,target,1,31.0,99.0
2026-01-09 17:10:00+00:00,2026-01-09 17:10:00+00:00,RBR,5,5,5,25906.25,25908.75,long,25904.75,25908.75,8.0,36.0,target,1,15.0,61.0
2026-01-09 17:15:00+00:00,2026-01-09 17:15:00+00:00,RBR,5,5,4,25906.25,25908.75,long,25904.75,25908.75,8.0,36.0,target,1,83.0,30.0
2026-01-09 17:25:00+00:00,2026-01-09 17:25:00+00:00,DBD,5,4,4,25921.5,25919.0,short,25923.0,25919.0,8.0,36.0,target,1,4.0,51.0
2026-01-09 19:55:00+00:00,2026-01-09 19:55:00+00:00,RBR,5,5,5,25956.0,25958.5,long,25954.5,25958.5,8.0,36.0,target,1,10.0,36.0
2026-01-12 15:45:00+00:00,2026-01-12 15:45:00+00:00,RBR,15,4,5,25867.5,25870.0,long,25866.0,25870.0,8.0,36.0,target,1,15.0,126.0
2026-01-12 18:50:00+00:00,2026-01-12 18:50:00+00:00,RBR,5,6,6,25978.5,25981.0,long,25977.0,25981.0,8.0,36.0,target,1,9.0,57.0
2026-01-12 19:10:00+00:00,2026-01-12 19:10:00+00:00,DBD,5,4,4,25980.25,25977.75,short,25981.75,25977.75,8.0,36.0,target,1,11.0,17.0
2026-01-12 20:00:00+00:00,2026-01-12 20:00:00+00:00,RBR,5,7,7,26004.25,26006.75,long,26002.75,26006.75,8.0,36.0,target,1,0.0,65.0
2026-01-12 20:05:00+00:00,2026-01-12 20:05:00+00:00,RBR,5,7,7,26004.25,26006.75,long,26002.75,26006.75,8.0,36.0,target,1,8.0,23.0
2026-01-12 20:40:00+00:00,2026-01-12 20:40:00+00:00,RBR,5,5,5,25976.0,25978.5,long,25974.5,25978.5,8.0,36.0,target,1,7.0,36.0
2026-01-12 20:45:00+00:00,2026-01-12 20:45:00+00:00,RBR,5,5,6,25976.0,25978.5,long,25974.5,25978.5,8.0,36.0,target,1,5.0,60.0
2026-01-12 20:50:00+00:00,2026-01-12 20:50:00+00:00,RBR,5,5,5,25976.0,25978.5,long,25974.5,25978.5,8.0,36.0,target,1,76.0,34.0
2026-01-13 15:50:00+00:00,2026-01-13 15:50:00+00:00,DBD,5,6,6,25846.25,25843.75,short,25847.75,25843.75,8.0,36.0,target,1,168.0,140.0
2026-01-13 16:25:00+00:00,2026-01-13 16:25:00+00:00,RBR,5,3,4,25893.0,25895.5,long,25891.5,25895.5,8.0,36.0,target,1,183.0,70.0
2026-01-13 16:30:00+00:00,2026-01-13 16:30:00+00:00,DBD,5,6,7,25924.75,25922.25,short,25926.25,25922.25,8.0,36.0,target,1,88.0,124.0
2026-01-13 16:40:00+00:00,2026-01-13 16:40:00+00:00,DBD,15,5,4,25969.75,25967.25,short,25971.25,25967.25,8.0,36.0,target,1,45.0,98.0
2026-01-13 17:30:00+00:00,2026-01-13 17:30:00+00:00,RBR,5,4,5,25941.75,25944.25,long,25940.25,25944.25,8.0,36.0,target,1,109.0,148.0
2026-01-13 17:40:00+00:00,2026-01-13 17:40:00+00:00,RBR,5,4,4,25941.75,25944.25,long,25940.25,25944.25,8.0,36.0,target,1,76.0,52.0
2026-01-13 18:50:00+00:00,2026-01-13 18:50:00+00:00,RBR,15,3,4,25847.25,25849.75,long,25845.75,25849.75,8.0,36.0,target,1,41.0,67.0
2026-01-13 19:55:00+00:00,2026-01-13 19:55:00+00:00,DBD,5,4,4,25881.5,25879.0,short,25883.0,25879.0,8.0,36.0,target,1,15.0,88.0
2026-01-14 16:45:00+00:00,2026-01-14 16:45:00+00:00,RBR,5,5,5,25484.0,25486.5,long,25482.5,25486.5,8.0,36.0,target,1,41.0,121.0
2026-01-14 17:15:00+00:00,2026-01-14 17:15:00+00:00,RBR,5,4,4,25443.25,25445.75,long,25441.75,25445.75,8.0,36.0,target,1,31.0,207.0
2026-01-14 17:20:00+00:00,2026-01-14 17:20:00+00:00,RBR,5,4,5,25443.25,25445.75,long,25441.75,25445.75,8.0,36.0,target,1,3.0,134.0
2026-01-15 15:45:00+00:00,2026-01-15 15:45:00+00:00,RBR,5,4,4,25841.5,25844.0,long,25840.0,25844.0,8.0,36.0,target,1,100.0,70.0
2026-01-15 17:15:00+00:00,2026-01-15 17:15:00+00:00,RBR,5,4,4,25900.75,25903.25,long,25899.25,25903.25,8.0,36.0,target,1,44.0,45.0
2026-01-15 17:25:00+00:00,2026-01-15 17:25:00+00:00,RBR,15,5,4,25882.0,25884.5,long,25880.5,25884.5,8.0,36.0,target,1,18.0,91.0
2026-01-15 18:05:00+00:00,2026-01-15 18:05:00+00:00,DBD,15,5,5,25889.0,25886.5,short,25890.5,25886.5,8.0,36.0,target,1,22.0,83.0
2026-01-15 18:35:00+00:00,2026-01-15 18:35:00+00:00,DBD,5,3,4,25908.25,25905.75,short,25909.75,25905.75,8.0,36.0,target,1,11.0,83.0
2026-01-15 18:50:00+00:00,2026-01-15 18:50:00+00:00,RBR,5,4,4,25884.0,25886.5,long,25882.5,25886.5,8.0,36.0,target,1,24.0,46.0
2026-01-16 15:15:00+00:00,2026-01-16 15:15:00+00:00,RBR,5,4,4,25689.5,25692.0,long,25688.0,25692.0,8.0,36.0,target,1,89.0,160.0
2026-01-16 15:55:00+00:00,2026-01-16 15:55:00+00:00,DBD,5,5,5,25674.75,25672.25,short,25676.25,25672.25,8.0,36.0,target,1,30.0,121.0
2026-01-16 18:05:00+00:00,2026-01-16 18:05:00+00:00,DBD,5,7,7,25685.25,25682.75,short,25686.75,25682.75,8.0,36.0,target,1,70.0,40.0
2026-01-16 18:15:00+00:00,2026-01-16 18:15:00+00:00,DBD,15,7,7,25713.5,25711.0,short,25715.0,25711.0,8.0,36.0,target,1,14.0,81.0
2026-01-16 19:10:00+00:00,2026-01-16 19:10:00+00:00,RBR,5,4,4,25713.0,25715.5,long,25711.5,25715.5,8.0,36.0,target,1,86.0,111.0
2026-01-16 20:05:00+00:00,2026-01-16 20:05:00+00:00,RBR,5,6,7,25708.0,25710.5,long,25706.5,25710.5,8.0,36.0,target,1,16.0,40.0
2026-01-19 15:25:00+00:00,2026-01-19 15:25:00+00:00,DBD,5,6,6,25328.75,25326.25,short,25330.25,25326.25,8.0,36.0,target,1,4.0,130.0
2026-01-19 15:30:00+00:00,2026-01-19 15:30:00+00:00,DBD,5,6,7,25328.75,25326.25,short,25330.25,25326.25,8.0,36.0,target,1,17.0,77.0
2026-01-20 15:20:00+00:00,2026-01-20 15:20:00+00:00,DBD,5,3,4,25333.0,25330.5,short,25334.5,25330.5,8.0,36.0,target,1,70.0,313.0
2026-01-20 16:10:00+00:00,2026-01-20 16:10:00+00:00,DBD,15,5,5,25417.25,25414.75,short,25418.75,25414.75,8.0,36.0,target,1,44.0,106.0
2026-01-20 16:20:00+00:00,2026-01-20 16:20:00+00:00,RBR,5,4,4,25361.25,25363.75,long,25359.75,25363.75,8.0,36.0,target,1,29.0,171.0
2026-01-20 16:40:00+00:00,2026-01-20 16:40:00+00:00,RBR,5,5,5,25371.0,25373.5,long,25369.5,25373.5,8.0,36.0,target,1,80.0,235.0
2026-01-20 19:00:00+00:00,2026-01-20 19:00:00+00:00,DBD,5,7,7,25221.0,25218.5,short,25222.5,25218.5,8.0,36.0,target,1,16.0,92.0
2026-01-20 19:40:00+00:00,2026-01-20 19:40:00+00:00,DBD,5,6,6,25169.5,25167.0,short,25171.0,25167.0,8.0,36.0,target,1,39.0,101.0
2026-01-20 19:50:00+00:00,2026-01-20 19:50:00+00:00,DBD,5,6,5,25169.5,25167.0,short,25171.0,25167.0,8.0,36.0,target,1,27.0,93.0
2026-01-21 16:40:00+00:00,2026-01-21 16:40:00+00:00,RBR,15,5,5,25294.75,25297.25,long,25293.25,25297.25,8.0,36.0,target,1,16.0,208.0
2026-01-21 19:30:00+00:00,2026-01-21 19:30:00+00:00,DBD,15,4,5,25478.0,25475.5,short,25479.5,25475.5,8.0,36.0,target,1,30.0,228.0
2026-01-21 19:35:00+00:00,2026-01-21 19:35:00+00:00,DBD,15,4,4,25478.0,25475.5,short,25479.5,25475.5,8.0,36.0,target,1,176.0,68.0
2026-01-22 19:35:00+00:00,2026-01-22 19:35:00+00:00,RBR,5,4,5,25692.25,25694.75,long,25690.75,25694.75,8.0,36.0,target,1,60.0,43.0
2026-01-22 20:40:00+00:00,2026-01-22 20:40:00+00:00,DBD,5,4,4,25616.5,25614.0,short,25618.0,25614.0,8.0,36.0,target,1,15.0,111.0
2026-01-22 20:45:00+00:00,2026-01-22 20:45:00+00:00,DBD,5,4,4,25616.5,25614.0,short,25618.0,25614.0,8.0,36.0,target,1,74.0,13.0
2026-01-22 20:50:00+00:00,2026-01-22 20:50:00+00:00,DBD,15,4,4,25653.0,25650.5,short,25654.5,25650.5,8.0,36.0,target,1,2.0,89.0
2026-01-22 20:55:00+00:00,2026-01-22 20:55:00+00:00,DBD,15,4,4,25653.0,25650.5,short,25654.5,25650.5,8.0,36.0,target,1,51.0,33.0
2026-01-23 16:25:00+00:00,2026-01-23 16:25:00+00:00,RBR,5,4,5,25797.0,25799.5,long,25795.5,25799.5,8.0,36.0,target,1,69.0,88.0
2026-01-23 16:30:00+00:00,2026-01-23 16:30:00+00:00,RBR,5,6,7,25766.25,25768.75,long,25764.75,25768.75,8.0,36.0,target,1,21.0,146.0
2026-01-23 16:35:00+00:00,2026-01-23 16:35:00+00:00,RBR,5,6,6,25766.25,25768.75,long,25764.75,25768.75,8.0,36.0,target,1,20.0,224.0
2026-01-23 17:30:00+00:00,2026-01-23 17:30:00+00:00,RBR,5,4,4,25777.25,25779.75,long,25775.75,25779.75,8.0,36.0,target,1,15.0,92.0
2026-01-23 18:05:00+00:00,2026-01-23 18:05:00+00:00,DBD,5,7,7,25743.0,25740.5,short,25744.5,25740.5,8.0,36.0,target,1,25.0,159.0
2026-01-23 20:40:00+00:00,2026-01-23 20:40:00+00:00,DBD,5,4,4,25725.75,25723.25,short,25727.25,25723.25,8.0,36.0,target,1,29.0,69.0
2026-01-26 17:30:00+00:00,2026-01-26 17:30:00+00:00,RBR,5,5,5,25897.75,25900.25,long,25896.25,25900.25,8.0,36.0,target,1,0.0,64.0
2026-01-26 17:45:00+00:00,2026-01-26 17:45:00+00:00,RBR,5,5,6,25897.75,25900.25,long,25896.25,25900.25,8.0,36.0,target,1,41.0,47.0
2026-01-26 18:30:00+00:00,2026-01-26 18:30:00+00:00,DBD,15,4,5,25915.5,25913.0,short,25917.0,25913.0,8.0,36.0,target,1,67.0,39.0
2026-01-26 18:35:00+00:00,2026-01-26 18:35:00+00:00,RBR,5,7,7,25900.75,25903.25,long,25899.25,25903.25,8.0,36.0,target,1,0.0,92.0
2026-01-26 18:40:00+00:00,2026-01-26 18:40:00+00:00,RBR,5,7,7,25900.75,25903.25,long,25899.25,25903.25,8.0,36.0,target,1,35.0,18.0
2026-01-26 20:50:00+00:00,2026-01-26 20:50:00+00:00,RBR,15,5,5,25866.5,25869.0,long,25865.0,25869.0,8.0,36.0,target,1,63.0,77.0
2026-01-27 15:25:00+00:00,2026-01-27 15:25:00+00:00,RBR,5,5,5,26039.0,26041.5,long,26037.5,26041.5,8.0,36.0,target,1,4.0,77.0
2026-01-27 15:30:00+00:00,2026-01-27 15:30:00+00:00,RBR,5,5,4,26039.0,26041.5,long,26037.5,26041.5,8.0,36.0,target,1,1.0,147.0
2026-01-27 17:05:00+00:00,2026-01-27 17:05:00+00:00,RBR,5,3,4,26073.25,26075.75,long,26071.75,26075.75,8.0,36.0,target,1,15.0,42.0
2026-01-27 17:25:00+00:00,2026-01-27 17:25:00+00:00,DBD,5,4,4,26077.0,26074.5,short,26078.5,26074.5,8.0,36.0,target,1,47.0,55.0
2026-01-27 18:00:00+00:00,2026-01-27 18:00:00+00:00,RBR,15,5,5,26038.0,26040.5,long,26036.5,26040.5,8.0,36.0,target,1,0.0,105.0
2026-01-27 18:10:00+00:00,2026-01-27 18:10:00+00:00,DBD,5,5,5,26067.25,26064.75,short,26068.75,26064.75,8.0,36.0,target,1,17.0,72.0
2026-01-27 18:20:00+00:00,2026-01-27 18:20:00+00:00,DBD,5,4,5,26077.5,26075.0,short,26079.0,26075.0,8.0,36.0,target,1,32.0,16.0
2026-01-27 20:50:00+00:00,2026-01-27 20:50:00+00:00,RBR,5,4,4,26086.5,26089.0,long,26085.0,26089.0,8.0,36.0,target,1,46.0,61.0
2026-01-27 20:55:00+00:00,2026-01-27 20:55:00+00:00,RBR,15,4,4,26072.75,26075.25,long,26071.25,26075.25,8.0,36.0,target,1,18.0,37.0
2026-01-28 17:00:00+00:00,2026-01-28 17:00:00+00:00,DBD,5,6,6,26136.75,26134.25,short,26138.25,26134.25,8.0,36.0,target,1,27.0,91.0
2026-01-28 17:05:00+00:00,2026-01-28 17:05:00+00:00,DBD,5,6,5,26136.75,26134.25,short,26138.25,26134.25,8.0,36.0,target,1,18.0,78.0
2026-01-28 17:15:00+00:00,2026-01-28 17:15:00+00:00,DBD,5,6,7,26158.25,26155.75,short,26159.75,26155.75,8.0,36.0,target,1,14.0,65.0
2026-01-28 17:25:00+00:00,2026-01-28 17:25:00+00:00,RBR,5,3,4,26117.25,26119.75,long,26115.75,26119.75,8.0,36.0,target,1,4.0,48.0
2026-01-28 17:40:00+00:00,2026-01-28 17:40:00+00:00,DBD,5,7,7,26129.25,26126.75,short,26130.75,26126.75,8.0,36.0,target,1,36.0,42.0
2026-01-28 18:35:00+00:00,2026-01-28 18:35:00+00:00,RBR,5,8,8,26146.25,26148.75,long,26144.75,26148.75,8.0,36.0,target,1,2.0,67.0
2026-01-28 19:00:00+00:00,2026-01-28 19:00:00+00:00,RBR,5,6,6,26147.5,26150.0,long,26146.0,26150.0,8.0,36.0,target,1,126.0,192.0
2026-01-28 19:05:00+00:00,2026-01-28 19:05:00+00:00,RBR,5,6,7,26147.5,26150.0,long,26146.0,26150.0,8.0,36.0,target,1,64.0,50.0
2026-01-28 19:10:00+00:00,2026-01-28 19:10:00+00:00,RBR,5,6,6,26147.5,26150.0,long,26146.0,26150.0,8.0,36.0,target,1,39.0,73.0
2026-01-29 16:10:00+00:00,2026-01-29 16:10:00+00:00,DBD,5,5,5,25643.25,25640.75,short,25644.75,25640.75,8.0,36.0,target,1,94.0,362.0
2026-01-29 17:20:00+00:00,2026-01-29 17:20:00+00:00,DBD,15,5,5,25822.75,25820.25,short,25824.25,25820.25,8.0,36.0,target,1,118.0,64.0
2026-01-29 17:50:00+00:00,2026-01-29 17:50:00+00:00,RBR,5,3,4,25791.25,25793.75,long,25789.75,25793.75,8.0,36.0,target,1,155.0,105.0
2026-01-29 18:05:00+00:00,2026-01-29 18:05:00+00:00,DBD,5,5,6,25838.0,25835.5,short,25839.5,25835.5,8.0,36.0,target,1,41.0,140.0
2026-01-29 18:10:00+00:00,2026-01-29 18:10:00+00:00,DBD,5,5,5,25838.0,25835.5,short,25839.5,25835.5,8.0,36.0,target,1,93.0,44.0
2026-01-30 15:40:00+00:00,2026-01-30 15:40:00+00:00,DBD,5,3,4,25911.5,25909.0,short,25913.0,25909.0,8.0,36.0,target,1,4.0,152.0
2026-01-30 15:45:00+00:00,2026-01-30 15:45:00+00:00,DBD,15,3,4,25925.5,25923.0,short,25927.0,25923.0,8.0,36.0,target,1,34.0,167.0
2026-01-30 16:40:00+00:00,2026-01-30 16:40:00+00:00,DBD,5,4,4,25853.75,25851.25,short,25855.25,25851.25,8.0,36.0,target,1,25.0,188.0
2026-01-30 17:55:00+00:00,2026-01-30 17:55:00+00:00,RBR,5,4,4,25688.25,25690.75,long,25686.75,25690.75,8.0,36.0,target,1,40.0,191.0
2026-01-30 20:15:00+00:00,2026-01-30 20:15:00+00:00,RBR,5,4,5,25609.5,25612.0,long,25608.0,25612.0,8.0,36.0,target,1,56.0,24.0
2026-01-30 20:45:00+00:00,2026-01-30 20:45:00+00:00,DBD,5,5,5,25682.75,25680.25,short,25684.25,25680.25,8.0,36.0,target,1,134.0,144.0
2026-02-02 14:35:00+00:00,2026-02-02 14:35:00+00:00,DBD,5,6,6,25686.0,25683.5,short,25687.5,25683.5,8.0,36.0,target,1,139.0,266.0
2026-02-02 16:45:00+00:00,2026-02-02 16:45:00+00:00,RBR,5,4,4,25841.5,25844.0,long,25840.0,25844.0,8.0,36.0,target,1,22.0,113.0
2026-02-02 19:25:00+00:00,2026-02-02 19:25:00+00:00,RBR,5,6,6,25925.0,25927.5,long,25923.5,25927.5,8.0,36.0,target,1,24.0,35.0
2026-02-02 20:05:00+00:00,2026-02-02 20:05:00+00:00,DBD,5,6,6,25893.0,25890.5,short,25894.5,25890.5,8.0,36.0,target,1,14.0,94.0
2026-02-02 20:10:00+00:00,2026-02-02 20:10:00+00:00,DBD,5,6,7,25893.0,25890.5,short,25894.5,25890.5,8.0,36.0,target,1,28.0,95.0
2026-02-02 20:20:00+00:00,2026-02-02 20:20:00+00:00,DBD,5,6,6,25893.0,25890.5,short,25894.5,25890.5,8.0,36.0,target,1,17.0,64.0
2026-02-03 15:45:00+00:00,2026-02-03 15:45:00+00:00,DBD,5,5,5,25594.0,25591.5,short,25595.5,25591.5,8.0,36.0,target,1,3.0,386.0
2026-02-03 17:45:00+00:00,2026-02-03 17:45:00+00:00,DBD,5,6,6,25391.5,25389.0,short,25393.0,25389.0,8.0,36.0,target,1,45.0,153.0
2026-02-03 17:50:00+00:00,2026-02-03 17:50:00+00:00,DBD,5,6,6,25391.5,25389.0,short,25393.0,25389.0,8.0,36.0,target,1,145.0,68.0
2026-02-03 19:10:00+00:00,2026-02-03 19:10:00+00:00,DBD,5,6,6,25296.25,25293.75,short,25297.75,25293.75,8.0,36.0,target,1,119.0,278.0
2026-02-03 19:15:00+00:00,2026-02-03 19:15:00+00:00,DBD,5,6,6,25339.0,25336.5,short,25340.5,25336.5,8.0,36.0,target,1,32.0,118.0
2026-02-03 19:20:00+00:00,2026-02-03 19:20:00+00:00,DBD,5,6,6,25339.0,25336.5,short,25340.5,25336.5,8.0,36.0,target,1,81.0,82.0
2026-02-04 18:25:00+00:00,2026-02-04 18:25:00+00:00,DBD,5,5,5,24947.0,24944.5,short,24948.5,24944.5,8.0,36.0,target,1,12.0,242.0
2026-02-04 19:20:00+00:00,2026-02-04 19:20:00+00:00,RBR,5,4,4,24896.25,24898.75,long,24894.75,24898.75,8.0,36.0,target,1,25.0,197.0
2026-02-05 16:15:00+00:00,2026-02-05 16:15:00+00:00,DBD,5,4,4,24609.5,24607.0,short,24611.0,24607.0,8.0,36.0,target,1,308.0,237.0
2026-02-05 17:05:00+00:00,2026-02-05 17:05:00+00:00,RBR,15,3,4,24760.5,24763.0,long,24759.0,24763.0,8.0,36.0,target,1,35.0,128.0
2026-02-05 19:00:00+00:00,2026-02-05 19:00:00+00:00,DBD,5,4,4,24725.5,24723.0,short,24727.0,24723.0,8.0,36.0,target,1,78.0,166.0
2026-02-05 19:20:00+00:00,2026-02-05 19:20:00+00:00,DBD,15,4,4,24834.5,24832.0,short,24836.0,24832.0,8.0,36.0,target,1,19.0,82.0
2026-02-05 20:05:00+00:00,2026-02-05 20:05:00+00:00,DBD,5,4,4,24742.25,24739.75,short,24743.75,24739.75,8.0,36.0,target,1,225.0,76.0
2026-02-06 18:15:00+00:00,2026-02-06 18:15:00+00:00,RBR,5,6,7,25082.5,25085.0,long,25081.0,25085.0,8.0,36.0,target,1,8.0,109.0
2026-02-06 18:25:00+00:00,2026-02-06 18:25:00+00:00,RBR,5,6,6,25082.5,25085.0,long,25081.0,25085.0,8.0,36.0,target,1,34.0,55.0
2026-02-06 19:45:00+00:00,2026-02-06 19:45:00+00:00,DBD,5,4,4,25101.5,25099.0,short,25103.0,25099.0,8.0,36.0,target,1,19.0,109.0
2026-02-06 20:05:00+00:00,2026-02-06 20:05:00+00:00,DBD,5,4,5,25101.5,25099.0,short,25103.0,25099.0,8.0,36.0,target,1,11.0,73.0
2026-02-06 20:10:00+00:00,2026-02-06 20:10:00+00:00,DBD,5,4,4,25101.5,25099.0,short,25103.0,25099.0,8.0,36.0,target,1,2.0,42.0
2026-02-06 20:55:00+00:00,2026-02-06 20:55:00+00:00,RBR,5,5,5,25147.0,25149.5,long,25145.5,25149.5,8.0,36.0,target,1,20.0,230.0
2026-02-09 15:25:00+00:00,2026-02-09 15:25:00+00:00,RBR,5,5,5,25174.25,25176.75,long,25172.75,25176.75,8.0,36.0,target,1,33.0,153.0
2026-02-09 17:20:00+00:00,2026-02-09 17:20:00+00:00,RBR,5,5,5,25393.75,25396.25,long,25392.25,25396.25,8.0,36.0,target,1,14.0,68.0
2026-02-09 18:40:00+00:00,2026-02-09 18:40:00+00:00,DBD,5,3,4,25381.25,25378.75,short,25382.75,25378.75,8.0,36.0,target,1,25.0,62.0
2026-02-09 20:00:00+00:00,2026-02-09 20:00:00+00:00,RBR,5,6,7,25393.75,25396.25,long,25392.25,25396.25,8.0,36.0,target,1,1.0,68.0
2026-02-09 20:15:00+00:00,2026-02-09 20:15:00+00:00,RBR,5,6,6,25393.75,25396.25,long,25392.25,25396.25,8.0,36.0,target,1,37.0,31.0
2026-02-09 20:25:00+00:00,2026-02-09 20:25:00+00:00,RBR,15,4,5,25363.5,25366.0,long,25362.0,25366.0,8.0,36.0,target,1,35.0,62.0
2026-02-09 20:30:00+00:00,2026-02-09 20:30:00+00:00,RBR,15,4,4,25363.5,25366.0,long,25362.0,25366.0,8.0,36.0,target,1,54.0,27.0
2026-02-10 15:10:00+00:00,2026-02-10 15:10:00+00:00,RBR,5,7,7,25380.25,25382.75,long,25378.75,25382.75,8.0,36.0,target,1,90.0,268.0
2026-02-10 15:15:00+00:00,2026-02-10 15:15:00+00:00,RBR,5,7,7,25380.25,25382.75,long,25378.75,25382.75,8.0,36.0,target,1,71.0,143.0
2026-02-10 15:20:00+00:00,2026-02-10 15:20:00+00:00,RBR,5,7,6,25380.25,25382.75,long,25378.75,25382.75,8.0,36.0,target,1,27.0,189.0
2026-02-10 18:05:00+00:00,2026-02-10 18:05:00+00:00,RBR,15,5,5,25353.0,25355.5,long,25351.5,25355.5,8.0,36.0,target,1,10.0,79.0
2026-02-10 18:10:00+00:00,2026-02-10 18:10:00+00:00,RBR,15,5,4,25353.0,25355.5,long,25351.5,25355.5,8.0,36.0,target,1,45.0,41.0
2026-02-10 19:30:00+00:00,2026-02-10 19:30:00+00:00,DBD,5,4,5,25305.5,25303.0,short,25307.0,25303.0,8.0,36.0,target,1,30.0,62.0
2026-02-11 15:50:00+00:00,2026-02-11 15:50:00+00:00,DBD,5,3,4,25247.75,25245.25,short,25249.25,25245.25,8.0,36.0,target,1,58.0,458.0
2026-02-11 17:10:00+00:00,2026-02-11 17:10:00+00:00,DBD,5,6,7,25221.75,25219.25,short,25223.25,25219.25,8.0,36.0,target,1,10.0,127.0
2026-02-11 17:15:00+00:00,2026-02-11 17:15:00+00:00,DBD,5,6,6,25221.75,25219.25,short,25223.25,25219.25,8.0,36.0,target,1,94.0,96.0
2026-02-11 18:25:00+00:00,2026-02-11 18:25:00+00:00,DBD,5,3,4,25277.25,25274.75,short,25278.75,25274.75,8.0,36.0,target,1,12.0,167.0
2026-02-11 18:50:00+00:00,2026-02-11 18:50:00+00:00,RBR,5,4,4,25255.75,25258.25,long,25254.25,25258.25,8.0,36.0,target,1,3.0,213.0
2026-02-11 19:10:00+00:00,2026-02-11 19:10:00+00:00,DBD,5,4,5,25325.0,25322.5,short,25326.5,25322.5,8.0,36.0,target,1,4.0,202.0
2026-02-11 19:15:00+00:00,2026-02-11 19:15:00+00:00,DBD,5,4,4,25325.0,25322.5,short,25326.5,25322.5,8.0,36.0,target,1,16.0,36.0
2026-02-11 19:45:00+00:00,2026-02-11 19:45:00+00:00,RBR,5,4,4,25316.0,25318.5,long,25314.5,25318.5,8.0,36.0,target,1,137.0,113.0
2026-02-11 19:50:00+00:00,2026-02-11 19:50:00+00:00,RBR,5,4,5,25316.0,25318.5,long,25314.5,25318.5,8.0,36.0,target,1,25.0,50.0
2026-02-11 19:55:00+00:00,2026-02-11 19:55:00+00:00,RBR,5,4,4,25316.0,25318.5,long,25314.5,25318.5,8.0,36.0,target,1,56.0,28.0
2026-02-11 20:45:00+00:00,2026-02-11 20:45:00+00:00,DBD,15,5,5,25320.75,25318.25,short,25322.25,25318.25,8.0,36.0,target,1,3.0,73.0
2026-02-11 20:50:00+00:00,2026-02-11 20:50:00+00:00,DBD,15,5,4,25320.75,25318.25,short,25322.25,25318.25,8.0,36.0,target,1,3.0,121.0
2026-02-12 16:40:00+00:00,2026-02-12 16:40:00+00:00,DBD,5,5,6,24915.5,24913.0,short,24917.0,24913.0,8.0,36.0,target,1,25.0,199.0
2026-02-12 18:50:00+00:00,2026-02-12 18:50:00+00:00,DBD,5,5,6,24915.0,24912.5,short,24916.5,24912.5,8.0,36.0,target,1,59.0,156.0
2026-02-12 19:15:00+00:00,2026-02-12 19:15:00+00:00,DBD,5,5,5,24911.0,24908.5,short,24912.5,24908.5,8.0,36.0,target,1,8.0,176.0
2026-02-12 19:20:00+00:00,2026-02-12 19:20:00+00:00,DBD,5,5,5,24911.0,24908.5,short,24912.5,24908.5,8.0,36.0,target,1,68.0,47.0
2026-02-13 14:45:00+00:00,2026-02-13 14:45:00+00:00,DBD,5,5,5,24799.75,24797.25,short,24801.25,24797.25,8.0,36.0,target,1,199.0,366.0
2026-02-13 14:55:00+00:00,2026-02-13 14:55:00+00:00,DBD,5,5,4,24799.75,24797.25,short,24801.25,24797.25,8.0,36.0,target,1,13.0,475.0
2026-02-13 16:30:00+00:00,2026-02-13 16:30:00+00:00,DBD,5,4,4,24869.25,24866.75,short,24870.75,24866.75,8.0,36.0,target,1,19.0,235.0
2026-02-13 17:55:00+00:00,2026-02-13 17:55:00+00:00,RBR,5,4,4,24940.5,24943.0,long,24939.0,24943.0,8.0,36.0,target,1,33.0,84.0
2026-02-13 18:05:00+00:00,2026-02-13 18:05:00+00:00,RBR,5,6,6,24907.0,24909.5,long,24905.5,24909.5,8.0,36.0,target,1,25.0,125.0
2026-02-13 18:50:00+00:00,2026-02-13 18:50:00+00:00,RBR,5,5,5,24932.5,24935.0,long,24931.0,24935.0,8.0,36.0,target,1,38.0,120.0
2026-02-13 19:55:00+00:00,2026-02-13 19:55:00+00:00,RBR,15,4,4,24866.75,24869.25,long,24865.25,24869.25,8.0,36.0,target,1,72.0,175.0
2026-02-17 14:35:00+00:00,2026-02-17 14:35:00+00:00,DBD,5,7,7,24755.0,24752.5,short,24756.5,24752.5,8.0,36.0,target,1,243.0,50.0
2026-02-17 15:45:00+00:00,2026-02-17 15:45:00+00:00,DBD,5,7,7,24562.75,24560.25,short,24564.25,24560.25,8.0,36.0,target,1,97.0,236.0
2026-02-17 16:05:00+00:00,2026-02-17 16:05:00+00:00,DBD,5,5,6,24711.5,24709.0,short,24713.0,24709.0,8.0,36.0,target,1,85.0,259.0
2026-02-17 17:40:00+00:00,2026-02-17 17:40:00+00:00,RBR,5,6,6,24668.5,24671.0,long,24667.0,24671.0,8.0,36.0,target,1,88.0,206.0
2026-02-17 17:55:00+00:00,2026-02-17 17:55:00+00:00,DBD,5,6,6,24682.0,24679.5,short,24683.5,24679.5,8.0,36.0,target,1,96.0,270.0
2026-02-17 18:35:00+00:00,2026-02-17 18:35:00+00:00,DBD,15,5,6,24815.75,24813.25,short,24817.25,24813.25,8.0,36.0,target,1,16.0,211.0
2026-02-17 19:25:00+00:00,2026-02-17 19:25:00+00:00,RBR,5,6,6,24837.0,24839.5,long,24835.5,24839.5,8.0,36.0,target,1,20.0,107.0
2026-02-17 19:50:00+00:00,2026-02-17 19:50:00+00:00,RBR,15,5,5,24832.0,24834.5,long,24830.5,24834.5,8.0,36.0,target,1,46.0,109.0
2026-02-17 19:55:00+00:00,2026-02-17 19:55:00+00:00,RBR,15,5,5,24832.0,24834.5,long,24830.5,24834.5,8.0,36.0,target,1,97.0,34.0
2026-02-17 20:40:00+00:00,2026-02-17 20:40:00+00:00,DBD,5,5,5,24789.0,24786.5,short,24790.5,24786.5,8.0,36.0,target,1,27.0,192.0
2026-02-18 15:40:00+00:00,2026-02-18 15:40:00+00:00,DBD,5,5,5,25070.0,25067.5,short,25071.5,25067.5,8.0,36.0,target,1,45.0,84.0
2026-02-18 15:45:00+00:00,2026-02-18 15:45:00+00:00,DBD,5,5,4,25070.0,25067.5,short,25071.5,25067.5,8.0,36.0,target,1,70.0,64.0
2026-02-18 17:05:00+00:00,2026-02-18 17:05:00+00:00,DBD,15,5,5,25117.25,25114.75,short,25118.75,25114.75,8.0,36.0,target,1,44.0,91.0
2026-02-18 18:40:00+00:00,2026-02-18 18:40:00+00:00,RBR,15,4,4,25021.5,25024.0,long,25020.0,25024.0,8.0,36.0,target,1,48.0,170.0
2026-02-18 20:40:00+00:00,2026-02-18 20:40:00+00:00,DBD,5,4,5,24951.5,24949.0,short,24953.0,24949.0,8.0,36.0,target,1,1.0,114.0
2026-02-18 20:45:00+00:00,2026-02-18 20:45:00+00:00,DBD,5,4,4,24951.5,24949.0,short,24953.0,24949.0,8.0,36.0,target,1,105.0,62.0
2026-02-19 15:20:00+00:00,2026-02-19 15:20:00+00:00,RBR,5,3,4,24859.75,24862.25,long,24858.25,24862.25,8.0,36.0,target,1,10.0,247.0
2026-02-19 16:00:00+00:00,2026-02-19 16:00:00+00:00,DBD,5,7,7,24932.5,24930.0,short,24934.0,24930.0,8.0,36.0,target,1,5.0,181.0
2026-02-19 16:15:00+00:00,2026-02-19 16:15:00+00:00,DBD,5,7,6,24932.5,24930.0,short,24934.0,24930.0,8.0,36.0,target,1,76.0,122.0
2026-02-19 16:25:00+00:00,2026-02-19 16:25:00+00:00,RBR,5,4,4,24873.0,24875.5,long,24871.5,24875.5,8.0,36.0,target,1,2.0,312.0
2026-02-19 19:25:00+00:00,2026-02-19 19:25:00+00:00,RBR,5,4,5,24799.25,24801.75,long,24797.75,24801.75,8.0,36.0,target,1,18.0,197.0
2026-02-19 19:35:00+00:00,2026-02-19 19:35:00+00:00,RBR,5,5,5,24770.0,24772.5,long,24768.5,24772.5,8.0,36.0,target,1,42.0,191.0
2026-02-20 18:30:00+00:00,2026-02-20 18:30:00+00:00,RBR,5,3,4,24929.75,24932.25,long,24928.25,24932.25,8.0,36.0,target,1,7.0,546.0
2026-02-23 16:25:00+00:00,2026-02-23 16:25:00+00:00,DBD,5,3,4,24757.0,24754.5,short,24758.5,24754.5,8.0,36.0,target,1,99.0,137.0
2026-02-23 17:35:00+00:00,2026-02-23 17:35:00+00:00,RBR,5,4,5,24710.75,24713.25,long,24709.25,24713.25,8.0,36.0,target,1,123.0,50.0
2026-02-23 18:00:00+00:00,2026-02-23 18:00:00+00:00,DBD,15,6,6,24761.5,24759.0,short,24763.0,24759.0,8.0,36.0,target,1,7.0,90.0
2026-02-23 18:05:00+00:00,2026-02-23 18:05:00+00:00,DBD,15,6,5,24761.5,24759.0,short,24763.0,24759.0,8.0,36.0,target,1,66.0,38.0
2026-02-23 18:40:00+00:00,2026-02-23 18:40:00+00:00,RBR,5,4,4,24780.0,24782.5,long,24778.5,24782.5,8.0,36.0,target,1,13.0,112.0
2026-02-23 18:45:00+00:00,2026-02-23 18:45:00+00:00,RBR,5,4,5,24780.0,24782.5,long,24778.5,24782.5,8.0,36.0,target,1,16.0,87.0
2026-02-23 18:50:00+00:00,2026-02-23 18:50:00+00:00,RBR,5,4,4,24780.0,24782.5,long,24778.5,24782.5,8.0,36.0,target,1,103.0,60.0
2026-02-23 20:30:00+00:00,2026-02-23 20:30:00+00:00,DBD,5,7,7,24740.25,24737.75,short,24741.75,24737.75,8.0,36.0,target,1,45.0,143.0
2026-02-23 20:50:00+00:00,2026-02-23 20:50:00+00:00,DBD,15,4,4,24755.0,24752.5,short,24756.5,24752.5,8.0,36.0,target,1,20.0,161.0
2026-02-24 16:20:00+00:00,2026-02-24 16:20:00+00:00,RBR,5,6,6,25002.75,25005.25,long,25001.25,25005.25,8.0,36.0,target,1,34.0,80.0
2026-02-24 16:30:00+00:00,2026-02-24 16:30:00+00:00,RBR,5,6,5,25002.75,25005.25,long,25001.25,25005.25,8.0,36.0,target,1,134.0,54.0
2026-02-24 16:50:00+00:00,2026-02-24 16:50:00+00:00,DBD,5,4,5,25021.5,25019.0,short,25023.0,25019.0,8.0,36.0,target,1,50.0,89.0
2026-02-24 18:25:00+00:00,2026-02-24 18:25:00+00:00,RBR,5,7,7,25021.25,25023.75,long,25019.75,25023.75,8.0,36.0,target,1,23.0,36.0
2026-02-24 20:15:00+00:00,2026-02-24 20:15:00+00:00,RBR,5,5,6,25000.25,25002.75,long,24998.75,25002.75,8.0,36.0,target,1,18.0,65.0
2026-02-24 20:25:00+00:00,2026-02-24 20:25:00+00:00,RBR,5,5,5,25000.25,25002.75,long,24998.75,25002.75,8.0,36.0,target,1,10.0,72.0
2026-02-24 20:55:00+00:00,2026-02-24 20:55:00+00:00,RBR,5,6,6,25027.75,25030.25,long,25026.25,25030.25,8.0,36.0,target,1,23.0,106.0
2026-02-25 17:40:00+00:00,2026-02-25 17:40:00+00:00,DBD,5,4,5,25339.0,25336.5,short,25340.5,25336.5,8.0,36.0,target,1,7.0,42.0
2026-02-25 17:45:00+00:00,2026-02-25 17:45:00+00:00,DBD,5,4,4,25339.0,25336.5,short,25340.5,25336.5,8.0,36.0,target,1,24.0,34.0
2026-02-25 20:20:00+00:00,2026-02-25 20:20:00+00:00,RBR,5,4,4,25362.25,25364.75,long,25360.75,25364.75,8.0,36.0,target,1,11.0,42.0
2026-02-25 20:25:00+00:00,2026-02-25 20:25:00+00:00,DBD,5,4,4,25374.0,25371.5,short,25375.5,25371.5,8.0,36.0,target,1,0.0,48.0
2026-02-25 20:35:00+00:00,2026-02-25 20:35:00+00:00,DBD,5,4,5,25374.0,25371.5,short,25375.5,25371.5,8.0,36.0,target,1,16.0,79.0
2026-02-25 20:40:00+00:00,2026-02-25 20:40:00+00:00,DBD,5,4,4,25374.0,25371.5,short,25375.5,25371.5,8.0,36.0,target,1,40.0,15.0
2026-02-26 15:35:00+00:00,2026-02-26 15:35:00+00:00,DBD,5,6,6,24970.5,24968.0,short,24972.0,24968.0,8.0,36.0,target,1,22.0,398.0
2026-02-26 16:45:00+00:00,2026-02-26 16:45:00+00:00,RBR,15,4,5,24979.25,24981.75,long,24977.75,24981.75,8.0,36.0,target,1,17.0,172.0
2026-02-26 16:50:00+00:00,2026-02-26 16:50:00+00:00,RBR,15,4,4,24979.25,24981.75,long,24977.75,24981.75,8.0,36.0,target,1,9.0,201.0
2026-02-26 18:30:00+00:00,2026-02-26 18:30:00+00:00,DBD,15,6,6,24953.5,24951.0,short,24955.0,24951.0,8.0,36.0,target,1,110.0,181.0
2026-02-27 19:00:00+00:00,2026-02-27 19:00:00+00:00,DBD,5,4,5,24943.25,24940.75,short,24944.75,24940.75,8.0,36.0,target,1,15.0,172.0
2026-02-27 20:05:00+00:00,2026-02-27 20:05:00+00:00,DBD,5,3,4,24919.5,24917.0,short,24921.0,24917.0,8.0,36.0,target,1,18.0,86.0
2026-03-02 16:25:00+00:00,2026-03-02 16:25:00+00:00,RBR,5,5,6,24892.5,24895.0,long,24891.0,24895.0,8.0,36.0,target,1,162.0,134.0
2026-03-02 16:35:00+00:00,2026-03-02 16:35:00+00:00,DBD,5,5,5,24935.25,24932.75,short,24936.75,24932.75,8.0,36.0,target,1,129.0,190.0
2026-03-02 18:10:00+00:00,2026-03-02 18:10:00+00:00,RBR,5,5,5,25036.5,25039.0,long,25035.0,25039.0,8.0,36.0,target,1,0.0,63.0
2026-03-02 18:35:00+00:00,2026-03-02 18:35:00+00:00,RBR,15,4,4,25007.5,25010.0,long,25006.0,25010.0,8.0,36.0,target,1,28.0,68.0
2026-03-02 19:05:00+00:00,2026-03-02 19:05:00+00:00,DBD,5,6,6,25007.25,25004.75,short,25008.75,25004.75,8.0,36.0,target,1,95.0,76.0
2026-03-02 19:15:00+00:00,2026-03-02 19:15:00+00:00,DBD,5,3,4,25052.25,25049.75,short,25053.75,25049.75,8.0,36.0,target,1,142.0,13.0
2026-03-03 16:05:00+00:00,2026-03-03 16:05:00+00:00,DBD,15,7,7,24562.5,24560.0,short,24564.0,24560.0,8.0,36.0,target,1,95.0,173.0
2026-03-03 16:30:00+00:00,2026-03-03 16:30:00+00:00,RBR,5,4,4,24572.25,24574.75,long,24570.75,24574.75,8.0,36.0,target,1,36.0,211.0
2026-03-03 17:20:00+00:00,2026-03-03 17:20:00+00:00,DBD,5,5,6,24691.5,24689.0,short,24693.0,24689.0,8.0,36.0,target,1,24.0,206.0
2026-03-03 19:10:00+00:00,2026-03-03 19:10:00+00:00,RBR,5,5,6,24741.5,24744.0,long,24740.0,24744.0,8.0,36.0,target,1,45.0,127.0
2026-03-03 19:35:00+00:00,2026-03-03 19:35:00+00:00,DBD,5,4,5,24813.5,24811.0,short,24815.0,24811.0,8.0,36.0,target,1,10.0,416.0
2026-03-03 19:40:00+00:00,2026-03-03 19:40:00+00:00,DBD,5,4,4,24813.5,24811.0,short,24815.0,24811.0,8.0,36.0,target,1,37.0,150.0
2026-03-05 15:35:00+00:00,2026-03-05 15:35:00+00:00,DBD,5,7,7,25033.25,25030.75,short,25034.75,25030.75,8.0,36.0,target,1,45.0,299.0
2026-03-05 18:50:00+00:00,2026-03-05 18:50:00+00:00,RBR,5,4,4,24794.25,24796.75,long,24792.75,24796.75,8.0,36.0,target,1,76.0,131.0
2026-03-05 19:45:00+00:00,2026-03-05 19:45:00+00:00,DBD,5,4,5,24863.5,24861.0,short,24865.0,24861.0,8.0,36.0,target,1,38.0,125.0
2026-03-06 15:45:00+00:00,2026-03-06 15:45:00+00:00,RBR,5,3,4,24793.25,24795.75,long,24791.75,24795.75,8.0,36.0,target,1,12.0,216.0
2026-03-06 16:35:00+00:00,2026-03-06 16:35:00+00:00,DBD,5,7,7,24846.0,24843.5,short,24847.5,24843.5,8.0,36.0,target,1,95.0,191.0
2026-03-06 17:05:00+00:00,2026-03-06 17:05:00+00:00,RBR,5,6,7,24839.25,24841.75,long,24837.75,24841.75,8.0,36.0,target,1,47.0,242.0
2026-03-06 17:10:00+00:00,2026-03-06 17:10:00+00:00,RBR,5,6,6,24839.25,24841.75,long,24837.75,24841.75,8.0,36.0,target,1,67.0,77.0
2026-03-06 18:00:00+00:00,2026-03-06 18:00:00+00:00,DBD,5,6,7,24826.0,24823.5,short,24827.5,24823.5,8.0,36.0,target,1,9.0,188.0
2026-03-06 18:05:00+00:00,2026-03-06 18:05:00+00:00,DBD,5,6,6,24826.0,24823.5,short,24827.5,24823.5,8.0,36.0,target,1,31.0,144.0
2026-03-06 18:10:00+00:00,2026-03-06 18:10:00+00:00,DBD,15,5,5,24871.0,24868.5,short,24872.5,24868.5,8.0,36.0,target,1,98.0,260.0
2026-03-06 20:00:00+00:00,2026-03-06 20:00:00+00:00,DBD,5,5,5,24840.75,24838.25,short,24842.25,24838.25,8.0,36.0,target,1,50.0,136.0
2026-03-06 20:05:00+00:00,2026-03-06 20:05:00+00:00,RBR,5,5,5,24798.0,24800.5,long,24796.5,24800.5,8.0,36.0,target,1,0.0,200.0
2026-03-06 20:10:00+00:00,2026-03-06 20:10:00+00:00,RBR,5,5,5,24798.0,24800.5,long,24796.5,24800.5,8.0,36.0,target,1,288.0,34.0
2026-03-09 14:00:00+00:00,2026-03-09 14:00:00+00:00,DBD,5,5,5,24419.75,24417.25,short,24421.25,24417.25,8.0,36.0,target,1,215.0,275.0
2026-03-09 15:35:00+00:00,2026-03-09 15:35:00+00:00,RBR,5,4,4,24593.0,24595.5,long,24591.5,24595.5,8.0,36.0,target,1,11.0,94.0
2026-03-09 17:00:00+00:00,2026-03-09 17:00:00+00:00,RBR,5,4,4,24690.75,24693.25,long,24689.25,24693.25,8.0,36.0,target,1,59.0,86.0
2026-03-09 17:15:00+00:00,2026-03-09 17:15:00+00:00,RBR,5,5,5,24651.75,24654.25,long,24650.25,24654.25,8.0,36.0,target,1,43.0,146.0
2026-03-09 17:50:00+00:00,2026-03-09 17:50:00+00:00,DBD,5,4,5,24623.25,24620.75,short,24624.75,24620.75,8.0,36.0,target,1,15.0,124.0
2026-03-09 18:35:00+00:00,2026-03-09 18:35:00+00:00,DBD,5,4,5,24699.75,24697.25,short,24701.25,24697.25,8.0,36.0,target,1,8.0,78.0
2026-03-09 18:45:00+00:00,2026-03-09 18:45:00+00:00,DBD,5,4,4,24699.75,24697.25,short,24701.25,24697.25,8.0,36.0,target,1,34.0,58.0
2026-03-09 19:15:00+00:00,2026-03-09 19:15:00+00:00,DBD,15,4,5,24712.25,24709.75,short,24713.75,24709.75,8.0,36.0,target,1,346.0,202.0
2026-03-10 14:00:00+00:00,2026-03-10 14:00:00+00:00,RBR,15,5,5,24937.75,24940.25,long,24936.25,24940.25,8.0,36.0,target,1,71.0,156.0
2026-03-10 14:05:00+00:00,2026-03-10 14:05:00+00:00,RBR,15,5,4,24937.75,24940.25,long,24936.25,24940.25,8.0,36.0,target,1,171.0,241.0
2026-03-10 14:20:00+00:00,2026-03-10 14:20:00+00:00,DBD,5,5,5,24976.75,24974.25,short,24978.25,24974.25,8.0,36.0,target,1,80.0,130.0
2026-03-10 15:50:00+00:00,2026-03-10 15:50:00+00:00,DBD,5,3,4,25159.0,25156.5,short,25160.5,25156.5,8.0,36.0,target,1,19.0,103.0
2026-03-10 17:30:00+00:00,2026-03-10 17:30:00+00:00,RBR,5,6,6,25181.5,25184.0,long,25180.0,25184.0,8.0,36.0,target,1,90.0,122.0
2026-03-11 14:35:00+00:00,2026-03-11 14:35:00+00:00,DBD,5,7,7,25033.25,25030.75,short,25034.75,25030.75,8.0,36.0,target,1,1.0,259.0
2026-03-11 14:40:00+00:00,2026-03-11 14:40:00+00:00,DBD,5,7,7,25033.25,25030.75,short,25034.75,25030.75,8.0,36.0,target,1,79.0,124.0
2026-03-11 15:00:00+00:00,2026-03-11 15:00:00+00:00,RBR,5,4,4,25037.5,25040.0,long,25036.0,25040.0,8.0,36.0,target,1,37.0,210.0
2026-03-11 15:05:00+00:00,2026-03-11 15:05:00+00:00,RBR,5,4,4,25037.5,25040.0,long,25036.0,25040.0,8.0,36.0,target,1,0.0,155.0
2026-03-11 15:25:00+00:00,2026-03-11 15:25:00+00:00,RBR,15,6,6,24940.25,24942.75,long,24938.75,24942.75,8.0,36.0,target,1,29.0,313.0
2026-03-11 16:35:00+00:00,2026-03-11 16:35:00+00:00,DBD,5,3,4,25006.75,25004.25,short,25008.25,25004.25,8.0,36.0,target,1,1.0,158.0
2026-03-11 17:35:00+00:00,2026-03-11 17:35:00+00:00,RBR,5,3,4,24966.0,24968.5,long,24964.5,24968.5,8.0,36.0,target,1,370.0,167.0
2026-03-11 18:30:00+00:00,2026-03-11 18:30:00+00:00,DBD,5,6,7,24961.75,24959.25,short,24963.25,24959.25,8.0,36.0,target,1,14.0,67.0
2026-03-11 18:50:00+00:00,2026-03-11 18:50:00+00:00,DBD,5,5,5,24954.25,24951.75,short,24955.75,24951.75,8.0,36.0,target,1,70.0,85.0
2026-03-11 19:30:00+00:00,2026-03-11 19:30:00+00:00,DBD,5,6,7,24948.5,24946.0,short,24950.0,24946.0,8.0,36.0,target,1,100.0,80.0
2026-03-11 19:40:00+00:00,2026-03-11 19:40:00+00:00,DBD,15,5,5,24984.75,24982.25,short,24986.25,24982.25,8.0,36.0,target,1,13.0,83.0
2026-03-11 19:45:00+00:00,2026-03-11 19:45:00+00:00,DBD,15,5,4,24984.75,24982.25,short,24986.25,24982.25,8.0,36.0,target,1,2.0,119.0
2026-03-12 14:45:00+00:00,2026-03-12 14:45:00+00:00,DBD,5,6,6,24685.25,24682.75,short,24686.75,24682.75,8.0,36.0,target,1,139.0,328.0
2026-03-12 15:25:00+00:00,2026-03-12 15:25:00+00:00,DBD,5,4,5,24618.25,24615.75,short,24619.75,24615.75,8.0,36.0,target,1,86.0,82.0
2026-03-12 15:35:00+00:00,2026-03-12 15:35:00+00:00,DBD,5,6,7,24685.25,24682.75,short,24686.75,24682.75,8.0,36.0,target,1,51.0,425.0
2026-03-12 16:05:00+00:00,2026-03-12 16:05:00+00:00,RBR,5,5,5,24599.5,24602.0,long,24598.0,24602.0,8.0,36.0,target,1,47.0,427.0
2026-03-12 16:15:00+00:00,2026-03-12 16:15:00+00:00,DBD,5,4,4,24693.0,24690.5,short,24694.5,24690.5,8.0,36.0,target,1,23.0,168.0
2026-03-12 16:20:00+00:00,2026-03-12 16:20:00+00:00,DBD,5,4,5,24693.0,24690.5,short,24694.5,24690.5,8.0,36.0,target,1,169.0,79.0
2026-03-12 16:35:00+00:00,2026-03-12 16:35:00+00:00,DBD,5,4,4,24693.0,24690.5,short,24694.5,24690.5,8.0,36.0,target,1,92.0,104.0
2026-03-13 14:40:00+00:00,2026-03-13 14:40:00+00:00,RBR,5,5,6,24611.0,24613.5,long,24609.5,24613.5,8.0,36.0,target,1,67.0,203.0
2026-03-13 18:40:00+00:00,2026-03-13 18:40:00+00:00,DBD,15,6,6,24456.25,24453.75,short,24457.75,24453.75,8.0,36.0,target,1,23.0,70.0
2026-03-13 19:55:00+00:00,2026-03-13 19:55:00+00:00,DBD,5,4,5,24398.75,24396.25,short,24400.25,24396.25,8.0,36.0,target,1,21.0,83.0
2026-03-16 14:30:00+00:00,2026-03-16 14:30:00+00:00,RBR,5,5,5,24683.5,24686.0,long,24682.0,24686.0,8.0,36.0,target,1,79.0,152.0
2026-03-16 14:50:00+00:00,2026-03-16 14:50:00+00:00,RBR,15,5,6,24623.0,24625.5,long,24621.5,24625.5,8.0,36.0,target,1,49.0,224.0
2026-03-16 16:20:00+00:00,2026-03-16 16:20:00+00:00,RBR,5,3,4,24656.0,24658.5,long,24654.5,24658.5,8.0,36.0,target,1,103.0,72.0
2026-03-16 16:25:00+00:00,2026-03-16 16:25:00+00:00,RBR,5,5,6,24630.0,24632.5,long,24628.5,24632.5,8.0,36.0,target,1,43.0,73.0
2026-03-16 16:30:00+00:00,2026-03-16 16:30:00+00:00,RBR,5,5,5,24630.0,24632.5,long,24628.5,24632.5,8.0,36.0,target,1,50.0,79.0
2026-03-16 16:50:00+00:00,2026-03-16 16:50:00+00:00,DBD,5,4,5,24692.25,24689.75,short,24693.75,24689.75,8.0,36.0,target,1,22.0,83.0
2026-03-16 17:00:00+00:00,2026-03-16 17:00:00+00:00,DBD,15,5,5,24703.75,24701.25,short,24705.25,24701.25,8.0,36.0,target,1,66.0,116.0
2026-03-16 17:05:00+00:00,2026-03-16 17:05:00+00:00,DBD,15,5,4,24703.75,24701.25,short,24705.25,24701.25,8.0,36.0,target,1,16.0,87.0
2026-03-16 17:30:00+00:00,2026-03-16 17:30:00+00:00,RBR,5,5,5,24690.75,24693.25,long,24689.25,24693.25,8.0,36.0,target,1,15.0,85.0
2026-03-16 17:35:00+00:00,2026-03-16 17:35:00+00:00,RBR,5,5,4,24690.75,24693.25,long,24689.25,24693.25,8.0,36.0,target,1,31.0,44.0
2026-03-16 17:45:00+00:00,2026-03-16 17:45:00+00:00,RBR,15,6,7,24664.75,24667.25,long,24663.25,24667.25,8.0,36.0,target,1,19.0,125.0
2026-03-16 17:50:00+00:00,2026-03-16 17:50:00+00:00,RBR,15,6,6,24664.75,24667.25,long,24663.25,24667.25,8.0,36.0,target,1,48.0,86.0
2026-03-16 19:00:00+00:00,2026-03-16 19:00:00+00:00,RBR,15,4,4,24700.5,24703.0,long,24699.0,24703.0,8.0,36.0,target,1,25.0,71.0
2026-03-16 19:25:00+00:00,2026-03-16 19:25:00+00:00,RBR,5,5,6,24668.25,24670.75,long,24666.75,24670.75,8.0,36.0,target,1,35.0,114.0
2026-03-16 19:40:00+00:00,2026-03-16 19:40:00+00:00,RBR,5,5,5,24668.25,24670.75,long,24666.75,24670.75,8.0,36.0,target,1,75.0,41.0
2026-03-17 14:10:00+00:00,2026-03-17 14:10:00+00:00,RBR,5,5,6,24829.25,24831.75,long,24827.75,24831.75,8.0,36.0,target,1,91.0,77.0
2026-03-17 14:35:00+00:00,2026-03-17 14:35:00+00:00,DBD,5,4,5,24861.75,24859.25,short,24863.25,24859.25,8.0,36.0,target,1,24.0,141.0
2026-03-17 14:40:00+00:00,2026-03-17 14:40:00+00:00,DBD,5,4,4,24861.75,24859.25,short,24863.25,24859.25,8.0,36.0,target,1,42.0,171.0
2026-03-17 16:40:00+00:00,2026-03-17 16:40:00+00:00,DBD,5,4,4,24807.0,24804.5,short,24808.5,24804.5,8.0,36.0,target,1,3.0,119.0
2026-03-17 16:45:00+00:00,2026-03-17 16:45:00+00:00,DBD,5,4,4,24807.0,24804.5,short,24808.5,24804.5,8.0,36.0,target,1,9.0,70.0
2026-03-17 17:40:00+00:00,2026-03-17 17:40:00+00:00,RBR,5,7,7,24794.0,24796.5,long,24792.5,24796.5,8.0,36.0,target,1,17.0,95.0
2026-03-17 19:15:00+00:00,2026-03-17 19:15:00+00:00,DBD,5,5,5,24800.5,24798.0,short,24802.0,24798.0,8.0,36.0,target,1,24.0,57.0
2026-03-17 19:50:00+00:00,2026-03-17 19:50:00+00:00,DBD,5,5,4,24800.5,24798.0,short,24802.0,24798.0,8.0,36.0,target,1,34.0,94.0
2026-03-18 15:20:00+00:00,2026-03-18 15:20:00+00:00,RBR,5,4,5,24647.0,24649.5,long,24645.5,24649.5,8.0,36.0,target,1,20.0,112.0
2026-03-18 16:10:00+00:00,2026-03-18 16:10:00+00:00,DBD,5,7,7,24681.25,24678.75,short,24682.75,24678.75,8.0,36.0,target,1,33.0,135.0
2026-03-18 17:45:00+00:00,2026-03-18 17:45:00+00:00,DBD,15,5,6,24657.0,24654.5,short,24658.5,24654.5,8.0,36.0,target,1,24.0,107.0
2026-03-18 17:55:00+00:00,2026-03-18 17:55:00+00:00,DBD,15,5,5,24657.0,24654.5,short,24658.5,24654.5,8.0,36.0,target,1,27.0,45.0
2026-03-18 18:00:00+00:00,2026-03-18 18:00:00+00:00,DBD,5,5,5,24692.25,24689.75,short,24693.75,24689.75,8.0,36.0,target,1,18.0,163.0
2026-03-18 18:30:00+00:00,2026-03-18 18:30:00+00:00,RBR,5,3,4,24604.0,24606.5,long,24602.5,24606.5,8.0,36.0,target,1,119.0,162.0
2026-03-18 18:35:00+00:00,2026-03-18 18:35:00+00:00,DBD,5,5,5,24639.0,24636.5,short,24640.5,24636.5,8.0,36.0,target,1,6.0,276.0
2026-03-19 14:10:00+00:00,2026-03-19 14:10:00+00:00,DBD,5,4,4,24315.25,24312.75,short,24316.75,24312.75,8.0,36.0,target,1,67.0,237.0
2026-03-19 14:35:00+00:00,2026-03-19 14:35:00+00:00,DBD,5,4,4,24315.25,24312.75,short,24316.75,24312.75,8.0,36.0,target,1,47.0,314.0
2026-03-19 15:25:00+00:00,2026-03-19 15:25:00+00:00,RBR,15,5,5,24240.25,24242.75,long,24238.75,24242.75,8.0,36.0,target,1,25.0,95.0
2026-03-19 15:30:00+00:00,2026-03-19 15:30:00+00:00,RBR,15,5,4,24240.25,24242.75,long,24238.75,24242.75,8.0,36.0,target,1,142.0,42.0
2026-03-19 16:00:00+00:00,2026-03-19 16:00:00+00:00,DBD,5,5,6,24264.0,24261.5,short,24265.5,24261.5,8.0,36.0,target,1,154.0,80.0
2026-03-19 17:20:00+00:00,2026-03-19 17:20:00+00:00,DBD,5,8,8,24244.5,24242.0,short,24246.0,24242.0,8.0,36.0,target,1,13.0,145.0
2026-03-19 17:25:00+00:00,2026-03-19 17:25:00+00:00,DBD,5,8,7,24244.5,24242.0,short,24246.0,24242.0,8.0,36.0,target,1,26.0,80.0
2026-03-19 17:30:00+00:00,2026-03-19 17:30:00+00:00,DBD,5,8,6,24244.5,24242.0,short,24246.0,24242.0,8.0,36.0,target,1,43.0,83.0
2026-03-19 18:55:00+00:00,2026-03-19 18:55:00+00:00,DBD,5,4,4,24259.75,24257.25,short,24261.25,24257.25,8.0,36.0,target,1,197.0,113.0
2026-03-23 15:40:00+00:00,2026-03-23 15:40:00+00:00,RBR,15,5,4,24527.5,24530.0,long,24526.0,24530.0,8.0,36.0,target,1,39.0,138.0
2026-03-23 16:45:00+00:00,2026-03-23 16:45:00+00:00,DBD,5,6,6,24419.0,24416.5,short,24420.5,24416.5,8.0,36.0,target,1,28.0,133.0
2026-03-23 16:50:00+00:00,2026-03-23 16:50:00+00:00,DBD,5,6,5,24419.0,24416.5,short,24420.5,24416.5,8.0,36.0,target,1,28.0,176.0
2026-03-23 19:50:00+00:00,2026-03-23 19:50:00+00:00,RBR,5,5,5,24466.5,24469.0,long,24465.0,24469.0,8.0,36.0,target,1,87.0,117.0
2026-03-24 14:10:00+00:00,2026-03-24 14:10:00+00:00,RBR,5,4,4,24200.25,24202.75,long,24198.75,24202.75,8.0,36.0,target,1,98.0,331.0
2026-03-24 14:15:00+00:00,2026-03-24 14:15:00+00:00,RBR,5,4,4,24200.25,24202.75,long,24198.75,24202.75,8.0,36.0,target,1,47.0,139.0
2026-03-24 16:00:00+00:00,2026-03-24 16:00:00+00:00,RBR,5,3,4,24280.0,24282.5,long,24278.5,24282.5,8.0,36.0,target,1,7.0,129.0
2026-03-24 17:50:00+00:00,2026-03-24 17:50:00+00:00,DBD,5,5,5,24207.25,24204.75,short,24208.75,24204.75,8.0,36.0,target,1,65.0,136.0
2026-03-24 17:55:00+00:00,2026-03-24 17:55:00+00:00,DBD,5,5,4,24207.25,24204.75,short,24208.75,24204.75,8.0,36.0,target,1,184.0,67.0
2026-03-24 18:30:00+00:00,2026-03-24 18:30:00+00:00,DBD,5,6,6,24296.25,24293.75,short,24297.75,24293.75,8.0,36.0,target,1,30.0,195.0
2026-03-24 18:35:00+00:00,2026-03-24 18:35:00+00:00,DBD,15,6,7,24315.5,24313.0,short,24317.0,24313.0,8.0,36.0,target,1,130.0,143.0
2026-03-24 19:25:00+00:00,2026-03-24 19:25:00+00:00,RBR,5,4,4,24281.5,24284.0,long,24280.0,24284.0,8.0,36.0,target,1,67.0,91.0
2026-03-24 19:30:00+00:00,2026-03-24 19:30:00+00:00,RBR,5,5,5,24247.5,24250.0,long,24246.0,24250.0,8.0,36.0,target,1,18.0,133.0
2026-03-24 19:35:00+00:00,2026-03-24 19:35:00+00:00,RBR,5,3,4,24227.75,24230.25,long,24226.25,24230.25,8.0,36.0,target,1,15.0,104.0
2026-03-25 15:10:00+00:00,2026-03-25 15:10:00+00:00,RBR,5,3,4,24385.75,24388.25,long,24384.25,24388.25,8.0,36.0,target,1,1.0,198.0
2026-03-25 17:50:00+00:00,2026-03-25 17:50:00+00:00,RBR,5,4,5,24410.25,24412.75,long,24408.75,24412.75,8.0,36.0,target,1,27.0,218.0
2026-03-25 18:55:00+00:00,2026-03-25 18:55:00+00:00,RBR,15,3,4,24330.75,24333.25,long,24329.25,24333.25,8.0,36.0,target,1,32.0,229.0
2026-03-26 13:55:00+00:00,2026-03-26 13:55:00+00:00,RBR,5,4,4,24143.5,24146.0,long,24142.0,24146.0,8.0,36.0,target,1,18.0,356.0
2026-03-26 14:40:00+00:00,2026-03-26 14:40:00+00:00,RBR,5,4,4,24143.5,24146.0,long,24142.0,24146.0,8.0,36.0,target,1,107.0,329.0
2026-03-26 16:10:00+00:00,2026-03-26 16:10:00+00:00,RBR,5,3,4,24071.75,24074.25,long,24070.25,24074.25,8.0,36.0,target,1,64.0,75.0
2026-03-26 17:00:00+00:00,2026-03-26 17:00:00+00:00,DBD,5,4,4,24005.25,24002.75,short,24006.75,24002.75,8.0,36.0,target,1,51.0,83.0
2026-03-26 18:50:00+00:00,2026-03-26 18:50:00+00:00,DBD,5,6,6,23885.75,23883.25,short,23887.25,23883.25,8.0,36.0,target,1,16.0,61.0
2026-03-27 14:45:00+00:00,2026-03-27 14:45:00+00:00,DBD,5,4,4,23507.25,23504.75,short,23508.75,23504.75,8.0,36.0,target,1,65.0,269.0
2026-03-27 16:45:00+00:00,2026-03-27 16:45:00+00:00,DBD,5,7,7,23490.75,23488.25,short,23492.25,23488.25,8.0,36.0,target,1,87.0,94.0
2026-03-27 16:50:00+00:00,2026-03-27 16:50:00+00:00,DBD,5,4,5,23514.25,23511.75,short,23515.75,23511.75,8.0,36.0,target,1,3.0,158.0
2026-03-27 17:05:00+00:00,2026-03-27 17:05:00+00:00,DBD,5,4,4,23514.25,23511.75,short,23515.75,23511.75,8.0,36.0,target,1,61.0,264.0
2026-03-27 18:15:00+00:00,2026-03-27 18:15:00+00:00,DBD,5,6,6,23365.75,23363.25,short,23367.25,23363.25,8.0,36.0,target,1,24.0,111.0
2026-03-27 19:15:00+00:00,2026-03-27 19:15:00+00:00,DBD,5,6,7,23344.0,23341.5,short,23345.5,23341.5,8.0,36.0,target,1,66.0,48.0
2026-03-30 13:55:00+00:00,2026-03-30 13:55:00+00:00,RBR,5,7,7,23308.0,23310.5,long,23306.5,23310.5,8.0,36.0,target,1,61.0,163.0
2026-03-30 14:10:00+00:00,2026-03-30 14:10:00+00:00,DBD,5,4,5,23376.5,23374.0,short,23378.0,23374.0,8.0,36.0,target,1,25.0,194.0
2026-03-30 14:15:00+00:00,2026-03-30 14:15:00+00:00,DBD,5,4,4,23376.5,23374.0,short,23378.0,23374.0,8.0,36.0,target,1,1.0,239.0
2026-03-30 15:05:00+00:00,2026-03-30 15:05:00+00:00,DBD,5,3,4,23424.25,23421.75,short,23425.75,23421.75,8.0,36.0,target,1,48.0,355.0
2026-03-30 17:05:00+00:00,2026-03-30 17:05:00+00:00,DBD,5,7,7,23294.75,23292.25,short,23296.25,23292.25,8.0,36.0,target,1,5.0,136.0
2026-03-30 19:50:00+00:00,2026-03-30 19:50:00+00:00,DBD,5,8,8,23130.0,23127.5,short,23131.5,23127.5,8.0,36.0,target,1,30.0,185.0
2026-03-31 14:05:00+00:00,2026-03-31 14:05:00+00:00,RBR,5,4,4,23499.0,23501.5,long,23497.5,23501.5,8.0,36.0,target,1,8.0,241.0
2026-03-31 14:55:00+00:00,2026-03-31 14:55:00+00:00,RBR,15,6,6,23378.75,23381.25,long,23377.25,23381.25,8.0,36.0,target,1,9.0,151.0
2026-03-31 15:45:00+00:00,2026-03-31 15:45:00+00:00,RBR,5,6,7,23457.25,23459.75,long,23455.75,23459.75,8.0,36.0,target,1,5.0,107.0
2026-03-31 15:55:00+00:00,2026-03-31 15:55:00+00:00,RBR,5,6,6,23457.25,23459.75,long,23455.75,23459.75,8.0,36.0,target,1,60.0,154.0
2026-03-31 16:05:00+00:00,2026-03-31 16:05:00+00:00,DBD,15,4,4,23520.75,23518.25,short,23522.25,23518.25,8.0,36.0,target,1,50.0,163.0
2026-03-31 19:05:00+00:00,2026-03-31 19:05:00+00:00,RBR,5,6,6,23852.5,23855.0,long,23851.0,23855.0,8.0,36.0,target,1,76.0,67.0
2026-03-31 19:55:00+00:00,2026-03-31 19:55:00+00:00,RBR,5,7,7,23891.25,23893.75,long,23889.75,23893.75,8.0,36.0,target,1,37.0,163.0
2026-04-01 14:35:00+00:00,2026-04-01 14:35:00+00:00,RBR,5,4,4,24131.75,24134.25,long,24130.25,24134.25,8.0,36.0,target,1,3.0,451.0
2026-04-01 15:25:00+00:00,2026-04-01 15:25:00+00:00,RBR,5,5,6,24251.75,24254.25,long,24250.25,24254.25,8.0,36.0,target,1,13.0,110.0
2026-04-01 16:10:00+00:00,2026-04-01 16:10:00+00:00,RBR,5,5,5,24304.0,24306.5,long,24302.5,24306.5,8.0,36.0,target,1,30.0,89.0
2026-04-01 17:00:00+00:00,2026-04-01 17:00:00+00:00,DBD,5,4,4,24330.75,24328.25,short,24332.25,24328.25,8.0,36.0,target,1,70.0,66.0
2026-04-01 17:30:00+00:00,2026-04-01 17:30:00+00:00,RBR,15,6,6,24312.75,24315.25,long,24311.25,24315.25,8.0,36.0,target,1,27.0,113.0
2026-04-01 17:40:00+00:00,2026-04-01 17:40:00+00:00,RBR,5,5,6,24305.75,24308.25,long,24304.25,24308.25,8.0,36.0,target,1,5.0,94.0
2026-04-01 17:45:00+00:00,2026-04-01 17:45:00+00:00,RBR,5,5,5,24305.75,24308.25,long,24304.25,24308.25,8.0,36.0,target,1,25.0,40.0
2026-04-01 18:00:00+00:00,2026-04-01 18:00:00+00:00,RBR,15,4,5,24248.5,24251.0,long,24247.0,24251.0,8.0,36.0,target,1,133.0,100.0
2026-04-01 18:35:00+00:00,2026-04-01 18:35:00+00:00,RBR,15,4,5,24131.0,24133.5,long,24129.5,24133.5,8.0,36.0,target,1,26.0,170.0
2026-04-01 19:50:00+00:00,2026-04-01 19:50:00+00:00,RBR,5,4,5,24199.75,24202.25,long,24198.25,24202.25,8.0,36.0,target,1,30.0,164.0
2026-04-01 19:55:00+00:00,2026-04-01 19:55:00+00:00,RBR,5,4,4,24199.75,24202.25,long,24198.25,24202.25,8.0,36.0,target,1,113.0,55.0
2026-04-02 13:50:00+00:00,2026-04-02 13:50:00+00:00,DBD,5,5,6,23818.75,23816.25,short,23820.25,23816.25,8.0,36.0,target,1,178.0,231.0
2026-04-02 14:35:00+00:00,2026-04-02 14:35:00+00:00,DBD,5,6,6,24213.5,24211.0,short,24215.0,24211.0,8.0,36.0,target,1,213.0,796.0
2026-04-02 14:40:00+00:00,2026-04-02 14:40:00+00:00,DBD,5,6,7,24213.5,24211.0,short,24215.0,24211.0,8.0,36.0,target,1,8.0,365.0
2026-04-02 16:30:00+00:00,2026-04-02 16:30:00+00:00,DBD,5,6,6,24128.25,24125.75,short,24129.75,24125.75,8.0,36.0,target,1,38.0,218.0
2026-04-02 16:35:00+00:00,2026-04-02 16:35:00+00:00,DBD,5,6,7,24128.25,24125.75,short,24129.75,24125.75,8.0,36.0,target,1,19.0,237.0
2026-04-02 16:40:00+00:00,2026-04-02 16:40:00+00:00,DBD,5,6,6,24128.25,24125.75,short,24129.75,24125.75,8.0,36.0,target,1,195.0,114.0
2026-04-02 17:15:00+00:00,2026-04-02 17:15:00+00:00,DBD,5,3,4,24159.0,24156.5,short,24160.5,24156.5,8.0,36.0,target,1,86.0,33.0
2026-04-02 17:45:00+00:00,2026-04-02 17:45:00+00:00,RBR,5,6,7,24115.0,24117.5,long,24113.5,24117.5,8.0,36.0,target,1,174.0,100.0
2026-04-02 17:50:00+00:00,2026-04-02 17:50:00+00:00,RBR,5,4,4,24065.75,24068.25,long,24064.25,24068.25,8.0,36.0,target,1,9.0,120.0
2026-04-02 18:50:00+00:00,2026-04-02 18:50:00+00:00,DBD,5,4,4,24154.0,24151.5,short,24155.5,24151.5,8.0,36.0,target,1,44.0,69.0
2026-04-06 14:00:00+00:00,2026-04-06 14:00:00+00:00,RBR,5,6,6,24356.0,24358.5,long,24354.5,24358.5,8.0,36.0,target,1,279.0,385.0
2026-04-06 14:45:00+00:00,2026-04-06 14:45:00+00:00,RBR,5,3,4,24280.0,24282.5,long,24278.5,24282.5,8.0,36.0,target,1,71.0,149.0
2026-04-06 16:35:00+00:00,2026-04-06 16:35:00+00:00,DBD,15,3,4,24337.5,24335.0,short,24339.0,24335.0,8.0,36.0,target,1,37.0,61.0
2026-04-06 16:50:00+00:00,2026-04-06 16:50:00+00:00,RBR,5,5,5,24320.0,24322.5,long,24318.5,24322.5,8.0,36.0,target,1,51.0,91.0
2026-04-06 16:55:00+00:00,2026-04-06 16:55:00+00:00,RBR,5,5,6,24305.0,24307.5,long,24303.5,24307.5,8.0,36.0,target,1,12.0,87.0
2026-04-06 17:00:00+00:00,2026-04-06 17:00:00+00:00,RBR,5,5,5,24305.0,24307.5,long,24303.5,24307.5,8.0,36.0,target,1,190.0,24.0
2026-04-06 17:20:00+00:00,2026-04-06 17:20:00+00:00,DBD,5,7,7,24290.5,24288.0,short,24292.0,24288.0,8.0,36.0,target,1,8.0,240.0
2026-04-06 17:30:00+00:00,2026-04-06 17:30:00+00:00,DBD,5,3,4,24326.75,24324.25,short,24328.25,24324.25,8.0,36.0,target,1,30.0,118.0
2026-04-06 18:10:00+00:00,2026-04-06 18:10:00+00:00,DBD,5,3,4,24287.0,24284.5,short,24288.5,24284.5,8.0,36.0,target,1,159.0,54.0
2026-04-08 17:05:00+00:00,2026-04-08 17:05:00+00:00,RBR,5,4,4,25128.25,25130.75,long,25126.75,25130.75,8.0,36.0,target,1,27.0,48.0
2026-04-08 17:20:00+00:00,2026-04-08 17:20:00+00:00,RBR,5,3,4,25105.75,25108.25,long,25104.25,25108.25,8.0,36.0,target,1,77.0,61.0
2026-04-08 17:25:00+00:00,2026-04-08 17:25:00+00:00,RBR,5,3,4,25077.0,25079.5,long,25075.5,25079.5,8.0,36.0,target,1,19.0,97.0
2026-04-08 18:15:00+00:00,2026-04-08 18:15:00+00:00,RBR,15,4,5,25061.75,25064.25,long,25060.25,25064.25,8.0,36.0,target,1,119.0,280.0
2026-04-08 18:45:00+00:00,2026-04-08 18:45:00+00:00,RBR,15,6,7,25003.75,25006.25,long,25002.25,25006.25,8.0,36.0,target,1,11.0,104.0
2026-04-09 14:55:00+00:00,2026-04-09 14:55:00+00:00,DBD,5,4,5,25048.25,25045.75,short,25049.75,25045.75,8.0,36.0,target,1,21.0,97.0
2026-04-09 15:10:00+00:00,2026-04-09 15:10:00+00:00,DBD,5,4,4,25048.25,25045.75,short,25049.75,25045.75,8.0,36.0,target,1,123.0,93.0
2026-04-09 16:35:00+00:00,2026-04-09 16:35:00+00:00,RBR,5,4,4,25174.75,25177.25,long,25173.25,25177.25,8.0,36.0,target,1,0.0,112.0
2026-04-09 16:40:00+00:00,2026-04-09 16:40:00+00:00,RBR,5,4,5,25174.75,25177.25,long,25173.25,25177.25,8.0,36.0,target,1,24.0,53.0
2026-04-09 16:45:00+00:00,2026-04-09 16:45:00+00:00,RBR,5,4,4,25174.75,25177.25,long,25173.25,25177.25,8.0,36.0,target,1,52.0,25.0
2026-04-09 17:05:00+00:00,2026-04-09 17:05:00+00:00,DBD,5,5,5,25225.25,25222.75,short,25226.75,25222.75,8.0,36.0,target,1,41.0,97.0
2026-04-09 17:30:00+00:00,2026-04-09 17:30:00+00:00,RBR,5,5,6,25218.25,25220.75,long,25216.75,25220.75,8.0,36.0,target,1,117.0,24.0
2026-04-09 19:00:00+00:00,2026-04-09 19:00:00+00:00,DBD,5,3,4,25192.0,25189.5,short,25193.5,25189.5,8.0,36.0,target,1,85.0,65.0
2026-04-09 19:10:00+00:00,2026-04-09 19:10:00+00:00,DBD,5,6,6,25228.75,25226.25,short,25230.25,25226.25,8.0,36.0,target,1,6.0,46.0
2026-04-09 19:15:00+00:00,2026-04-09 19:15:00+00:00,DBD,5,6,7,25228.75,25226.25,short,25230.25,25226.25,8.0,36.0,target,1,1.0,93.0
2026-04-10 14:40:00+00:00,2026-04-10 14:40:00+00:00,RBR,5,3,4,25312.25,25314.75,long,25310.75,25314.75,8.0,36.0,target,1,24.0,173.0
2026-04-10 15:25:00+00:00,2026-04-10 15:25:00+00:00,RBR,5,7,7,25366.5,25369.0,long,25365.0,25369.0,8.0,36.0,target,1,89.0,88.0
2026-04-10 16:40:00+00:00,2026-04-10 16:40:00+00:00,RBR,15,7,6,25239.5,25242.0,long,25238.0,25242.0,8.0,36.0,target,1,69.0,61.0
2026-04-10 18:00:00+00:00,2026-04-10 18:00:00+00:00,RBR,5,4,4,25248.75,25251.25,long,25247.25,25251.25,8.0,36.0,target,1,1.0,101.0
2026-04-10 18:05:00+00:00,2026-04-10 18:05:00+00:00,RBR,5,4,5,25248.75,25251.25,long,25247.25,25251.25,8.0,36.0,target,1,34.0,27.0
2026-04-10 19:00:00+00:00,2026-04-10 19:00:00+00:00,DBD,5,5,6,25264.0,25261.5,short,25265.5,25261.5,8.0,36.0,target,1,47.0,20.0
2026-04-10 19:35:00+00:00,2026-04-10 19:35:00+00:00,RBR,5,6,6,25271.0,25273.5,long,25269.5,25273.5,8.0,36.0,target,1,22.0,62.0
2026-04-10 19:40:00+00:00,2026-04-10 19:40:00+00:00,RBR,5,6,7,25271.0,25273.5,long,25269.5,25273.5,8.0,36.0,target,1,46.0,46.0
2026-04-13 13:50:00+00:00,2026-04-13 13:50:00+00:00,DBD,15,6,5,25290.25,25287.75,short,25291.75,25287.75,8.0,36.0,target,1,37.0,246.0
2026-04-13 13:55:00+00:00,2026-04-13 13:55:00+00:00,DBD,15,6,4,25290.25,25287.75,short,25291.75,25287.75,8.0,36.0,target,1,79.0,136.0
2026-04-13 14:35:00+00:00,2026-04-13 14:35:00+00:00,RBR,5,4,4,25278.25,25280.75,long,25276.75,25280.75,8.0,36.0,target,1,5.0,107.0
2026-04-13 16:05:00+00:00,2026-04-13 16:05:00+00:00,DBD,5,4,4,25328.0,25325.5,short,25329.5,25325.5,8.0,36.0,target,1,65.0,182.0
2026-04-13 16:10:00+00:00,2026-04-13 16:10:00+00:00,DBD,5,4,5,25328.0,25325.5,short,25329.5,25325.5,8.0,36.0,target,1,4.0,81.0
2026-04-13 16:15:00+00:00,2026-04-13 16:15:00+00:00,DBD,5,4,4,25328.0,25325.5,short,25329.5,25325.5,8.0,36.0,target,1,20.0,92.0
2026-04-13 18:25:00+00:00,2026-04-13 18:25:00+00:00,RBR,15,4,4,25396.75,25399.25,long,25395.25,25399.25,8.0,36.0,target,1,3.0,39.0
2026-04-14 15:05:00+00:00,2026-04-14 15:05:00+00:00,RBR,5,5,5,25765.75,25768.25,long,25764.25,25768.25,8.0,36.0,target,1,13.0,78.0
2026-04-14 16:55:00+00:00,2026-04-14 16:55:00+00:00,RBR,5,5,5,25916.75,25919.25,long,25915.25,25919.25,8.0,36.0,target,1,51.0,22.0
2026-04-14 18:05:00+00:00,2026-04-14 18:05:00+00:00,RBR,5,3,4,25949.75,25952.25,long,25948.25,25952.25,8.0,36.0,target,1,1.0,43.0
2026-04-14 18:15:00+00:00,2026-04-14 18:15:00+00:00,RBR,15,4,5,25922.25,25924.75,long,25920.75,25924.75,8.0,36.0,target,1,77.0,70.0
2026-04-14 19:10:00+00:00,2026-04-14 19:10:00+00:00,DBD,5,4,4,25960.5,25958.0,short,25962.0,25958.0,8.0,36.0,target,1,43.0,44.0
2026-04-14 19:15:00+00:00,2026-04-14 19:15:00+00:00,DBD,5,4,5,25960.5,25962.0,short,25962.0,25958.0,-8.0,-44.0,stop,1,60.0,5.0
2026-04-14 19:55:00+00:00,2026-04-14 19:55:00+00:00,DBD,5,4,4,25978.25,25975.75,short,25979.75,25975.75,8.0,36.0,target,1,100.0,58.0
2026-04-15 13:40:00+00:00,2026-04-15 13:40:00+00:00,RBR,5,6,6,25995.25,25997.75,long,25993.75,25997.75,8.0,36.0,target,1,52.0,258.0
2026-04-15 16:30:00+00:00,2026-04-15 16:30:00+00:00,RBR,5,6,7,26211.5,26214.0,long,26210.0,26214.0,8.0,36.0,target,1,100.0,34.0
2026-04-15 16:40:00+00:00,2026-04-15 16:40:00+00:00,RBR,15,5,4,26178.0,26180.5,long,26176.5,26180.5,8.0,36.0,target,1,136.0,55.0
2026-04-15 16:55:00+00:00,2026-04-15 16:55:00+00:00,RBR,15,4,4,26106.5,26109.0,long,26105.0,26109.0,8.0,36.0,target,1,17.0,177.0
2026-04-15 17:35:00+00:00,2026-04-15 17:35:00+00:00,DBD,5,4,5,26212.0,26209.5,short,26213.5,26209.5,8.0,36.0,target,1,32.0,48.0
2026-04-15 17:50:00+00:00,2026-04-15 17:50:00+00:00,DBD,5,4,4,26212.0,26209.5,short,26213.5,26209.5,8.0,36.0,target,1,9.0,70.0
2026-04-16 13:40:00+00:00,2026-04-16 13:40:00+00:00,RBR,5,6,6,26352.75,26355.25,long,26351.25,26355.25,8.0,36.0,target,1,30.0,210.0
2026-04-16 13:50:00+00:00,2026-04-16 13:50:00+00:00,RBR,5,6,5,26352.75,26355.25,long,26351.25,26355.25,8.0,36.0,target,1,292.0,122.0
2026-04-16 16:20:00+00:00,2026-04-16 16:20:00+00:00,RBR,5,4,4,26526.0,26528.5,long,26524.5,26528.5,8.0,36.0,target,1,16.0,148.0
2026-04-16 16:25:00+00:00,2026-04-16 16:25:00+00:00,RBR,5,4,5,26526.0,26528.5,long,26524.5,26528.5,8.0,36.0,target,1,44.0,56.0
2026-04-16 17:20:00+00:00,2026-04-16 17:20:00+00:00,DBD,5,4,4,26471.75,26469.25,short,26473.25,26469.25,8.0,36.0,target,1,31.0,125.0
2026-04-16 17:55:00+00:00,2026-04-16 17:55:00+00:00,RBR,5,7,7,26463.5,26466.0,long,26462.0,26466.0,8.0,36.0,target,1,108.0,82.0
2026-04-16 18:20:00+00:00,2026-04-16 18:20:00+00:00,RBR,15,5,6,26385.0,26387.5,long,26383.5,26387.5,8.0,36.0,target,1,66.0,126.0
2026-04-17 15:40:00+00:00,2026-04-17 15:40:00+00:00,RBR,5,7,7,26832.0,26834.5,long,26830.5,26834.5,8.0,36.0,target,1,62.0,146.0
2026-04-17 17:05:00+00:00,2026-04-17 17:05:00+00:00,RBR,15,5,5,26823.75,26826.25,long,26822.25,26826.25,8.0,36.0,target,1,40.0,206.0
2026-04-17 17:10:00+00:00,2026-04-17 17:10:00+00:00,RBR,5,4,4,26845.5,26848.0,long,26844.0,26848.0,8.0,36.0,target,1,83.0,11.0
2026-04-17 17:15:00+00:00,2026-04-17 17:15:00+00:00,RBR,15,5,4,26823.75,26826.25,long,26822.25,26826.25,8.0,36.0,target,1,32.0,92.0
2026-04-17 18:05:00+00:00,2026-04-17 18:05:00+00:00,RBR,5,6,7,26783.0,26785.5,long,26781.5,26785.5,8.0,36.0,target,1,41.0,70.0
2026-04-17 19:50:00+00:00,2026-04-17 19:50:00+00:00,RBR,5,5,5,26791.25,26793.75,long,26789.75,26793.75,8.0,36.0,target,1,0.0,145.0
2026-04-20 13:50:00+00:00,2026-04-20 13:50:00+00:00,DBD,5,6,6,26764.75,26762.25,short,26766.25,26762.25,8.0,36.0,target,1,61.0,152.0
2026-04-20 18:50:00+00:00,2026-04-20 18:50:00+00:00,DBD,5,5,5,26738.75,26736.25,short,26740.25,26736.25,8.0,36.0,target,1,33.0,14.0
2026-04-21 14:20:00+00:00,2026-04-21 14:20:00+00:00,RBR,5,4,4,26821.0,26823.5,long,26819.5,26823.5,8.0,36.0,target,1,24.0,121.0
2026-04-21 14:40:00+00:00,2026-04-21 14:40:00+00:00,RBR,5,4,5,26821.0,26823.5,long,26819.5,26823.5,8.0,36.0,target,1,12.0,154.0
2026-04-21 14:45:00+00:00,2026-04-21 14:45:00+00:00,RBR,5,4,4,26821.0,26823.5,long,26819.5,26823.5,8.0,36.0,target,1,156.0,33.0
2026-04-21 14:55:00+00:00,2026-04-21 14:55:00+00:00,RBR,5,5,5,26742.75,26745.25,long,26741.25,26745.25,8.0,36.0,target,1,51.0,205.0
2026-04-21 15:00:00+00:00,2026-04-21 15:00:00+00:00,RBR,15,3,4,26726.75,26729.25,long,26725.25,26729.25,8.0,36.0,target,1,223.0,103.0
2026-04-21 17:30:00+00:00,2026-04-21 17:30:00+00:00,DBD,5,3,4,26672.25,26669.75,short,26673.75,26669.75,8.0,36.0,target,1,5.0,160.0
2026-04-21 17:35:00+00:00,2026-04-21 17:35:00+00:00,DBD,15,5,5,26715.25,26712.75,short,26716.75,26712.75,8.0,36.0,target,1,78.0,252.0
2026-04-21 17:40:00+00:00,2026-04-21 17:40:00+00:00,DBD,15,5,4,26715.25,26712.75,short,26716.75,26712.75,8.0,36.0,target,1,202.0,38.0
2026-04-21 18:50:00+00:00,2026-04-21 18:50:00+00:00,DBD,5,7,7,26697.25,26694.75,short,26698.75,26694.75,8.0,36.0,target,1,177.0,130.0
2026-04-21 19:35:00+00:00,2026-04-21 19:35:00+00:00,RBR,15,6,6,26720.0,26722.5,long,26718.5,26722.5,8.0,36.0,target,1,86.0,195.0
2026-04-21 19:40:00+00:00,2026-04-21 19:40:00+00:00,RBR,15,6,6,26720.0,26722.5,long,26718.5,26722.5,8.0,36.0,target,1,673.0,22.0
2026-04-22 15:05:00+00:00,2026-04-22 15:05:00+00:00,DBD,5,5,5,26975.0,26972.5,short,26976.5,26972.5,8.0,36.0,target,1,40.0,127.0
2026-04-22 15:10:00+00:00,2026-04-22 15:10:00+00:00,DBD,5,5,5,26975.0,26972.5,short,26976.5,26972.5,8.0,36.0,target,1,28.0,51.0
2026-04-22 17:45:00+00:00,2026-04-22 17:45:00+00:00,RBR,5,5,5,27026.5,27029.0,long,27025.0,27029.0,8.0,36.0,target,1,23.0,84.0
2026-04-22 18:00:00+00:00,2026-04-22 18:00:00+00:00,RBR,5,5,5,27026.5,27029.0,long,27025.0,27029.0,8.0,36.0,target,1,8.0,58.0
2026-04-22 18:20:00+00:00,2026-04-22 18:20:00+00:00,RBR,5,6,7,27007.25,27009.75,long,27005.75,27009.75,8.0,36.0,target,1,59.0,36.0
2026-04-22 18:55:00+00:00,2026-04-22 18:55:00+00:00,RBR,5,4,4,27015.75,27018.25,long,27014.25,27018.25,8.0,36.0,target,1,25.0,58.0
2026-04-22 19:15:00+00:00,2026-04-22 19:15:00+00:00,DBD,15,4,4,27041.0,27038.5,short,27042.5,27038.5,8.0,36.0,target,1,42.0,43.0
2026-04-23 13:55:00+00:00,2026-04-23 13:55:00+00:00,RBR,5,4,4,27033.0,27035.5,long,27031.5,27035.5,8.0,36.0,target,1,74.0,104.0
2026-04-23 15:40:00+00:00,2026-04-23 15:40:00+00:00,RBR,5,6,7,27115.25,27117.75,long,27113.75,27117.75,8.0,36.0,target,1,0.0,101.0
2026-04-23 15:45:00+00:00,2026-04-23 15:45:00+00:00,RBR,5,6,6,27115.25,27117.75,long,27113.75,27117.75,8.0,36.0,target,1,133.0,27.0
2026-04-23 16:55:00+00:00,2026-04-23 16:55:00+00:00,RBR,5,5,6,27082.5,27085.0,long,27081.0,27085.0,8.0,36.0,target,1,35.0,97.0
2026-04-23 17:00:00+00:00,2026-04-23 17:00:00+00:00,RBR,15,8,8,27004.75,27007.25,long,27003.25,27007.25,8.0,36.0,target,1,18.0,377.0
2026-04-23 17:05:00+00:00,2026-04-23 17:05:00+00:00,RBR,15,8,7,27004.75,27007.25,long,27003.25,27007.25,8.0,36.0,target,1,218.0,42.0
2026-04-23 18:30:00+00:00,2026-04-23 18:30:00+00:00,DBD,5,6,6,26967.0,26964.5,short,26968.5,26964.5,8.0,36.0,target,1,8.0,117.0
2026-04-23 19:15:00+00:00,2026-04-23 19:15:00+00:00,DBD,5,6,6,26925.75,26923.25,short,26927.25,26923.25,8.0,36.0,target,1,2.0,89.0
2026-04-23 19:30:00+00:00,2026-04-23 19:30:00+00:00,DBD,5,6,7,26925.75,26923.25,short,26927.25,26923.25,8.0,36.0,target,1,42.0,148.0
2026-04-23 19:55:00+00:00,2026-04-23 19:55:00+00:00,DBD,5,6,6,26925.75,26923.25,short,26927.25,26923.25,8.0,36.0,target,1,75.0,121.0
2026-04-24 13:50:00+00:00,2026-04-24 13:50:00+00:00,RBR,5,5,5,27176.25,27178.75,long,27174.75,27178.75,8.0,36.0,target,1,45.0,315.0
2026-04-24 16:40:00+00:00,2026-04-24 16:40:00+00:00,RBR,5,6,6,27390.75,27393.25,long,27389.25,27393.25,8.0,36.0,target,1,51.0,100.0
2026-04-24 16:45:00+00:00,2026-04-24 16:45:00+00:00,RBR,5,6,7,27390.75,27393.25,long,27389.25,27393.25,8.0,36.0,target,1,27.0,57.0
2026-04-24 16:50:00+00:00,2026-04-24 16:50:00+00:00,RBR,5,6,6,27390.75,27393.25,long,27389.25,27393.25,8.0,36.0,target,1,5.0,56.0
2026-04-24 17:20:00+00:00,2026-04-24 17:20:00+00:00,RBR,5,4,5,27367.0,27369.5,long,27365.5,27369.5,8.0,36.0,target,1,0.0,125.0
2026-04-24 17:45:00+00:00,2026-04-24 17:45:00+00:00,DBD,5,3,4,27421.0,27418.5,short,27422.5,27418.5,8.0,36.0,target,1,10.0,37.0
2026-04-24 18:05:00+00:00,2026-04-24 18:05:00+00:00,RBR,5,6,6,27411.75,27414.25,long,27410.25,27414.25,8.0,36.0,target,1,21.0,61.0
2026-04-24 18:10:00+00:00,2026-04-24 18:10:00+00:00,RBR,5,6,7,27411.75,27414.25,long,27410.25,27414.25,8.0,36.0,target,1,18.0,56.0
2026-04-24 18:15:00+00:00,2026-04-24 18:15:00+00:00,RBR,5,6,6,27411.75,27414.25,long,27410.25,27414.25,8.0,36.0,target,1,78.0,24.0
